name_exact,name_ratio,name_token_set,name_token_sort,name_jaccard,name_char_jaccard,name_length_difference,name_length_ratio,address_exact,address_ratio,address_token_set,address_token_sort,address_jaccard,address_char_jaccard,address_length_difference,address_length_ratio,digit_overlap,country_same,both_exact,s1_id,matched_id,source,label
0,0.21875,0.2580645161290323,0.21875,0.06666666666666667,0.05454545454545454,2,0.9393939393939394,0,0.84,0.8615384615384616,0.8,0.5833333333333334,0.6626506024096386,2,0.9736842105263158,1.0,1,0,S1-341462203,S2-219553948,S2,1
1,1.0,1.0,1.0,1.0,1.0,0,1.0,0,0.44999999999999996,0.6938775510204082,0.525,0.26666666666666666,0.25,16,0.6666666666666666,0.5,1,0,S1-783955316,S3-656241763,S3,1
1,1.0,1.0,1.0,1.0,1.0,0,1.0,0,0.7605633802816901,0.7605633802816902,0.7605633802816901,0.2,0.425531914893617,3,0.918918918918919,0.0,1,0,S1-313221336,S3-872559960,S3,1
0,0.9333333333333332,0.9333333333333332,0.9333333333333332,0.6,0.5769230769230769,1,0.9565217391304348,0,0.7654320987654322,0.9491525423728814,0.7654320987654322,0.4444444444444444,0.5098039215686274,19,0.62,1.0,1,0,S1-516394603,S2-642842175,S2,1
0,0.9487179487179486,0.6666666666666665,0.6666666666666667,0.42857142857142855,0.7317073170731707,2,0.95,0,0.8923076923076922,0.9824561403508772,0.8615384615384616,0.6666666666666666,0.7575757575757576,14,0.8055555555555556,1.0,1,0,S1-887045319,S2-612158384,S2,1
0,0.7142857142857143,1.0,1.0,1.0,0.6,0,1.0,0,0.6666666666666667,0.7222222222222223,0.6388888888888888,0.4444444444444444,0.3076923076923077,2,0.9459459459459459,0.5,1,0,S1-21082318,S2-234787766,S2,1
0,0.9473684210526316,0.9473684210526315,0.4736842105263158,0.5,0.7,0,1.0,0,0.5070422535211268,0.9295774647887324,0.9295774647887324,0.625,0.5952380952380952,3,0.918918918918919,1.0,1,0,S1-214543067,S2-416909923,S2,1
1,1.0,1.0,1.0,1.0,1.0,0,1.0,0,0.8571428571428572,0.8571428571428571,0.7301587301587302,0.42857142857142855,0.5405405405405406,7,0.8,1.0,1,0,S1-180257062,S3-618488662,S3,1
0,0.8095238095238095,1.0,0.8095238095238095,0.5,0.6521739130434783,8,0.68,1,1.0,1.0,1.0,1.0,1.0,0,1.0,1.0,1,0,S1-151440370,S2-918927342,S2,1
1,1.0,1.0,1.0,1.0,1.0,0,1.0,0,0.9,0.9,0.9,0.6,0.6888888888888889,2,0.9512195121951219,1.0,1,0,S1-241438014,S3-828994416,S3,1
1,1.0,1.0,1.0,1.0,1.0,0,1.0,0,0.5357142857142857,0.75,0.7142857142857143,0.42857142857142855,0.3684210526315789,6,0.8064516129032258,1.0,1,0,S1-61084401,S3-905700617,S3,1
0,0.7058823529411764,1.0,1.0,1.0,0.7647058823529411,0,1.0,0,0.71875,0.8444444444444444,0.6875,0.375,0.5,12,0.6842105263157895,0.0,1,0,S1-957558089,S3-583741602,S3,1
0,0.7586206896551724,1.0,1.0,1.0,0.8,0,1.0,0,0.8695652173913043,0.8695652173913043,0.8695652173913043,0.42857142857142855,0.625,5,0.8648648648648649,1.0,1,0,S1-528651403,S3-7289261,S3,1
0,0.6808510638297872,0.6923076923076923,0.6808510638297872,0.2,0.36666666666666664,13,0.5666666666666667,0,0.7457627118644068,0.7457627118644068,0.7457627118644068,0.2,0.34146341463414637,7,0.7878787878787878,1.0,1,0,S1-815044399,S3-294159911,S3,1
1,1.0,1.0,1.0,1.0,1.0,0,1.0,0,0.8296296296296296,0.9256198347107438,0.8296296296296296,0.7058823529411765,0.7297297297297297,1,0.9852941176470589,1.0,1,0,S1-715861166,S2-705665414,S2,1
0,0.7058823529411764,0.8085106382978724,0.5882352941176471,0.6666666666666666,0.375,5,0.8214285714285714,0,0.5434782608695652,0.8918918918918919,0.7173913043478263,0.6,0.5686274509803921,6,0.8775510204081632,0.0,1,0,S1-322698341,S3-430209411,S3,1
0,0.9655172413793103,1.0,0.9655172413793103,0.8333333333333334,0.9302325581395349,3,0.9333333333333333,0,0.8529411764705883,0.9259259259259259,0.8529411764705883,0.5,0.6410256410256411,10,0.7435897435897436,0.5,1,0,S1-204545711,S2-347900826,S2,1
0,0.923076923076923,1.0,0.923076923076923,0.6666666666666666,0.8461538461538461,4,0.8571428571428571,0,0.8648648648648648,0.8888888888888888,0.8648648648648648,0.6363636363636364,0.6964285714285714,1,0.9821428571428571,1.0,1,0,S1-305970695,S3-582801494,S3,1
0,0.9047619047619048,1.0,0.9047619047619048,0.8,0.8095238095238095,4,0.8260869565217391,0,0.9358974358974359,1.0,0.9358974358974359,0.9285714285714286,0.8571428571428571,10,0.8795180722891566,1.0,1,0,S1-742019967,S2-48286361,S2,1
0,0.9428571428571427,1.0,0.9428571428571427,0.8,0.8857142857142857,4,0.8918918918918919,0,0.9265536723163842,0.9939393939393939,0.9265536723163842,0.8571428571428571,0.9024390243902439,13,0.8631578947368421,0.0,1,0,S1-433108657,S2-677618114,S2,1
1,1.0,1.0,1.0,1.0,1.0,0,1.0,0,0.896551724137931,0.9019607843137254,0.896551724137931,0.5714285714285714,0.6363636363636364,2,0.9333333333333333,0.5,1,0,S1-511316240,S2-164427228,S2,1
0,0.9523809523809522,0.9,0.9047619047619048,0.5,0.7619047619047619,2,0.9090909090909091,0,0.0,0.0,0.0,0.0,0.0,40,0.0,0.0,1,0,S1-830748063,S2-104060035,S2,1
0,0.9411764705882352,1.0,0.9411764705882352,0.75,0.9166666666666666,3,0.8888888888888888,0,0.5714285714285714,1.0,1.0,1.0,0.8333333333333334,0,1.0,1.0,1,0,S1-188088618,S2-436753046,S2,1
0,0.8108108108108109,1.0,0.8108108108108109,0.75,0.65,7,0.6818181818181818,0,0.8311688311688311,0.8387096774193549,0.8311688311688311,0.5,0.6590909090909091,5,0.8780487804878049,1.0,1,0,S1-943181166,S3-182732453,S3,1
0,0.826086956521739,1.0,1.0,1.0,0.75,0,1.0,0,0.8571428571428572,0.9473684210526315,0.8571428571428572,0.5714285714285714,0.6410256410256411,10,0.75,1.0,1,0,S1-931194776,S3-556020575,S3,1
0,0.8,0.8,0.8,0.0,0.47619047619047616,7,0.6666666666666666,0,0.6027397260273972,0.9315068493150684,0.9315068493150684,0.6666666666666666,0.6829268292682927,5,0.8717948717948718,0.6,1,0,S1-977884435,S2-983836522,S2,1
1,1.0,1.0,1.0,1.0,1.0,0,1.0,0,0.7948717948717949,0.875,0.7435897435897436,0.6666666666666666,0.6511627906976745,6,0.8571428571428571,1.0,1,0,S1-863944743,S3-69555495,S3,1
0,0.9761904761904762,0.9761904761904762,0.7380952380952381,0.6666666666666666,0.8604651162790697,0,1.0,0,0.9195402298850575,1.0,0.9195402298850575,0.875,0.8222222222222222,7,0.851063829787234,1.0,1,0,S1-606289005,S2-850971945,S2,1
0,0.923076923076923,1.0,0.923076923076923,0.8,0.8461538461538461,4,0.8571428571428571,0,0.9523809523809522,0.9523809523809524,0.9523809523809522,0.6666666666666666,0.7878787878787878,3,0.9090909090909091,1.0,1,0,S1-768427336,S2-204672167,S2,1
0,0.6779661016949151,1.0,0.9491525423728814,0.75,0.71875,3,0.9032258064516129,0,0.9367088607594937,0.9577464788732394,0.9367088607594937,0.75,0.8292682926829268,5,0.8809523809523809,0.0,1,0,S1-917862164,S3-702495632,S3,1
1,1.0,1.0,1.0,1.0,1.0,0,1.0,1,1.0,1.0,1.0,1.0,1.0,0,1.0,1.0,1,1,S1-258707613,S2-128630836,S2,1
0,0.8333333333333335,1.0,1.0,1.0,0.76,0,1.0,0,0.9285714285714286,0.9387755102040817,0.9285714285714286,0.6666666666666666,0.7931034482758621,4,0.8666666666666667,1.0,1,0,S1-627304664,S2-796598669,S2,1
0,0.7222222222222221,0.8524590163934427,0.7222222222222221,0.6666666666666666,0.5111111111111111,2,0.9459459459459459,0,0.7132867132867133,0.9655172413793103,0.7132867132867133,0.5294117647058824,0.5060240963855421,41,0.5543478260869565,1.0,1,0,S1-697181420,S3-485845578,S3,1
0,0.9333333333333332,0.9333333333333332,0.9333333333333332,0.6,0.7419354838709677,4,0.875,0,0.9142857142857143,0.9774436090225563,0.9485714285714286,0.875,0.8205128205128205,9,0.9021739130434783,1.0,1,0,S1-481118017,S3-831061417,S3,1
0,0.9387755102040817,0.9387755102040817,0.8571428571428572,0.5,0.8,1,0.96,0,0.5245901639344263,0.8888888888888888,0.8852459016393442,0.5714285714285714,0.6285714285714286,1,0.967741935483871,0.0,1,0,S1-262743786,S3-709731062,S3,1
0,0.8,0.8,0.8,0.3333333333333333,0.47619047619047616,1,0.9444444444444444,0,0.6451612903225806,0.6129032258064516,0.5806451612903225,0.3,0.2608695652173913,8,0.7714285714285715,0.6666666666666666,1,0,S1-51591339,S2-16782922,S2,1
0,0.7755102040816326,1.0,0.7755102040816326,0.6,0.6071428571428571,11,0.6333333333333333,0,0.847457627118644,0.9491525423728814,0.9491525423728814,0.6666666666666666,0.71875,3,0.9032258064516129,1.0,1,0,S1-951328871,S2-711151910,S2,1
0,0.8461538461538461,1.0,0.8461538461538461,0.75,0.7142857142857143,8,0.7333333333333333,0,0.4552845528455285,0.8235294117647058,0.4065040650406504,0.23529411764705882,0.21052631578947367,63,0.3225806451612903,0.25,1,0,S1-647436953,S3-587570117,S3,1
0,0.9259259259259259,1.0,0.9259259259259259,0.75,0.8518518518518519,4,0.8620689655172413,0,0.5737704918032787,0.8636363636363636,0.7213114754098361,0.6,0.5507246376811594,14,0.7941176470588235,1.0,1,0,S1-917187968,S3-293956815,S3,1
0,0.923076923076923,0.923076923076923,0.923076923076923,0.5,0.5714285714285714,0,1.0,0,0.6265060240963856,0.6987951807228916,0.6265060240963856,0.25,0.3448275862068966,5,0.8863636363636364,0.0,1,0,S1-764260362,S3-781057030,S3,1
0,0.96,0.96,0.96,0.5,0.9166666666666666,0,1.0,0,0.8210526315789474,0.9069767441860465,0.8842105263157894,0.5,0.66,3,0.9387755102040817,0.3333333333333333,1,0,S1-105637024,S3-338149245,S3,1
0,0.9056603773584907,1.0,0.9056603773584907,0.75,0.8148148148148148,5,0.8275862068965517,0,0.9789473684210528,0.9696969696969697,0.9789473684210528,0.8571428571428571,0.8823529411764706,0,1.0,0.0,1,0,S1-431861804,S2-10621391,S2,1
1,1.0,1.0,1.0,1.0,1.0,0,1.0,0,0.2407407407407407,0.8695652173913043,0.2222222222222222,0.125,0.0967741935483871,82,0.1368421052631579,1.0,1,0,S1-991782809,S3-408699026,S3,1
0,0.8717948717948718,0.7692307692307692,0.7692307692307692,0.0,0.5217391304347826,1,0.95,0,0.78125,0.9361702127659575,0.78125,0.5,0.5384615384615384,14,0.6410256410256411,0.5,1,0,S1-435478872,S2-969456581,S2,1
0,0.7307692307692308,0.8846153846153847,0.8846153846153846,0.5,0.45454545454545453,4,0.8571428571428571,0,0.5079365079365079,0.9361702127659575,0.7936507936507937,0.5,0.475,13,0.6578947368421053,1.0,1,0,S1-163731816,S3-212478820,S3,1
0,0.8947368421052632,0.8947368421052632,0.8947368421052632,0.5,0.5454545454545454,0,1.0,0,0.7761194029850746,0.8656716417910448,0.8656716417910448,0.5,0.5789473684210527,3,0.9142857142857143,1.0,1,0,S1-545567290,S3-293736364,S3,1
0,0.96875,0.9354838709677419,0.9375,0.5714285714285714,0.84375,2,0.9393939393939394,1,1.0,1.0,1.0,1.0,1.0,0,1.0,1.0,1,0,S1-548713565,S2-620765809,S2,1
0,0.1132075471698113,0.1395348837209302,0.1132075471698113,0.0,0.0,1,0.9629629629629629,0,0.39639639639639634,0.7037037037037037,0.5045045045045045,0.23076923076923078,0.16666666666666666,21,0.6818181818181818,0.5,1,0,S1-932832887,S2-616580767,S2,1
0,0.7916666666666665,0.9583333333333333,0.625,0.5,0.6153846153846154,0,1.0,0,0.8615384615384616,0.8615384615384616,0.8615384615384616,0.375,0.6216216216216216,1,0.9696969696969697,1.0,1,0,S1-666499164,S3-582905240,S3,1
1,1.0,1.0,1.0,1.0,1.0,0,1.0,0,0.4177215189873418,0.8888888888888888,0.40506329113924056,0.19047619047619047,0.2542372881355932,78,0.3389830508474576,0.3333333333333333,1,0,S1-424187580,S3-940713360,S3,1
0,0.875,1.0,0.875,0.8,0.7647058823529411,8,0.7777777777777778,0,0.8775510204081632,0.925,0.8775510204081632,0.8181818181818182,0.7659574468085106,12,0.7818181818181819,1.0,1,0,S1-310938186,S2-89138628,S2,1
0,0.8363636363636364,0.9047619047619048,0.8363636363636364,0.6,0.7,9,0.71875,0,0.7536231884057972,0.9387755102040817,0.7536231884057972,0.5,0.5789473684210527,17,0.6046511627906976,0.5,1,0,S1-19981536,S2-505259941,S2,1
0,0.7037037037037037,1.0,0.7037037037037037,0.6,0.5151515151515151,16,0.5428571428571428,0,0.8333333333333335,0.9729729729729729,0.7777777777777779,0.7692307692307693,0.7361111111111112,2,0.9726027397260274,1.0,1,0,S1-233995709,S3-895937676,S3,1
0,0.9444444444444444,0.9444444444444444,0.9444444444444444,0.5,0.6842105263157895,0,1.0,0,0.7096774193548387,0.9361702127659575,0.7741935483870968,0.5714285714285714,0.48717948717948717,12,0.6756756756756757,1.0,1,0,S1-181782589,S3-583885205,S3,1
1,1.0,1.0,1.0,1.0,1.0,0,1.0,1,1.0,1.0,1.0,1.0,1.0,0,1.0,1.0,1,1,S1-233387630,S2-915948468,S2,1
0,0.8888888888888888,0.8888888888888888,0.8888888888888888,0.4,0.6129032258064516,4,0.8620689655172413,0,0.6216216216216216,0.6486486486486487,0.6216216216216216,0.3,0.3333333333333333,0,1.0,0.0,1,0,S1-216258738,S3-989397707,S3,1
1,1.0,1.0,1.0,1.0,1.0,0,1.0,0,0.875,0.9056603773584905,0.875,0.5555555555555556,0.7058823529411765,6,0.8285714285714286,0.0,1,0,S1-376077225,S2-338128176,S2,1
0,0.7575757575757575,1.0,1.0,1.0,0.8235294117647058,0,1.0,0,0.8292682926829268,0.9411764705882354,0.8292682926829268,0.4444444444444444,0.6756756756756757,4,0.9069767441860465,0.0,1,0,S1-586988500,S3-21533236,S3,1
0,0.8888888888888888,1.0,0.8888888888888888,0.75,0.75,4,0.8,0,0.8085106382978724,1.0,0.7659574468085107,0.625,0.8536585365853658,10,0.8076923076923077,0.0,1,0,S1-867149205,S2-298260252,S2,1
0,0.7096774193548387,0.7096774193548387,0.7096774193548387,0.0,0.35,9,0.55,0,0.9105691056910569,0.9739130434782609,0.9105691056910569,0.8181818181818182,0.7692307692307693,5,0.921875,0.6666666666666666,1,0,S1-225077294,S2-32685165,S2,1
0,0.8461538461538461,1.0,1.0,1.0,0.7777777777777778,0,1.0,0,0.8985507246376812,0.9491525423728814,0.8985507246376812,0.7142857142857143,0.7567567567567568,7,0.8157894736842105,1.0,1,0,S1-678060048,S3-312825349,S3,1
0,0.7111111111111111,0.8888888888888888,0.7111111111111111,0.5,0.42857142857142855,1,0.9565217391304348,0,0.8662420382165605,0.9291338582677166,0.8535031847133758,0.7058823529411765,0.7375,1,0.9873417721518988,1.0,1,0,S1-9465719,S3-517310285,S3,1
0,0.967741935483871,0.967741935483871,0.967741935483871,0.6,0.8125,0,1.0,0,0.7169811320754718,0.8571428571428571,0.679245283018868,0.46153846153846156,0.49230769230769234,8,0.8596491228070176,1.0,1,0,S1-905929248,S2-626129436,S2,1
0,0.5714285714285714,0.5714285714285715,0.5714285714285714,0.0,0.25,9,0.6896551724137931,0,0.3555555555555555,0.8387096774193549,0.37777777777777777,0.2,0.16901408450704225,54,0.25,0.3333333333333333,1,0,S1-808597184,S3-230543331,S3,1
0,0.9459459459459459,1.0,0.9459459459459459,0.8,0.8888888888888888,4,0.8974358974358975,0,0.923076923076923,1.0,0.923076923076923,0.8,0.8431372549019608,8,0.8571428571428571,1.0,1,0,S1-121418168,S2-30878648,S2,1
0,0.9,1.0,0.9,0.6666666666666666,0.8,4,0.8181818181818182,0,0.8771929824561404,0.88,0.8771929824561404,0.7142857142857143,0.65625,1,0.9655172413793104,1.0,1,0,S1-856221979,S2-801325499,S2,1
0,0.9523809523809522,0.95,0.9523809523809522,0.4,0.7619047619047619,2,0.9090909090909091,0,0.8709677419354839,1.0,0.8709677419354839,0.7142857142857143,0.7575757575757576,8,0.7714285714285715,1.0,1,0,S1-876339635,S2-791119399,S2,1
0,0.896551724137931,0.896551724137931,0.7931034482758621,0.3333333333333333,0.5882352941176471,4,0.8709677419354839,0,0.9104477611940298,1.0,0.9104477611940298,0.8571428571428571,0.8235294117647058,12,0.8356164383561644,1.0,1,0,S1-905628515,S2-252508585,S2,1
0,0.8518518518518519,1.0,0.8518518518518519,0.6666666666666666,0.7241379310344828,8,0.7419354838709677,0,0.8544600938967136,0.9690721649484536,0.9389671361502347,0.85,0.8787878787878788,7,0.9363636363636364,0.75,1,0,S1-801612461,S2-316708139,S2,1
0,0.826086956521739,1.0,0.826086956521739,0.6666666666666666,0.68,8,0.7037037037037037,0,0.40963855421686746,0.6666666666666665,0.3855421686746988,0.18181818181818182,0.1323529411764706,43,0.31746031746031744,0.5,1,0,S1-493572332,S3-913368026,S3,1
0,0.904109589041096,0.9180327868852458,0.904109589041096,0.6,0.8157894736842105,7,0.825,0,0.4329896907216495,0.9090909090909091,0.7835051546391754,0.6,0.631578947368421,13,0.7636363636363637,0.3333333333333333,1,0,S1-512353838,S3-721704284,S3,1
0,0.8947368421052632,1.0,0.8947368421052632,0.8,0.8,8,0.8095238095238095,0,0.41463414634146345,0.8125,0.41463414634146345,0.3333333333333333,0.18,40,0.3442622950819672,0.3333333333333333,1,0,S1-672710128,S3-449409843,S3,1
0,0.10344827586206895,0.13043478260869562,0.10344827586206895,0.0,0.0,0,1.0,0,0.8282828282828283,0.8717948717948718,0.7676767676767677,0.6666666666666666,0.55,7,0.8679245283018868,0.8,1,0,S1-170653655,S2-519142669,S2,1
0,0.8823529411764706,1.0,0.8823529411764706,0.8,0.7777777777777778,8,0.7894736842105263,0,0.564516129032258,0.9523809523809524,0.8387096774193549,0.8333333333333334,0.6388888888888888,10,0.8507462686567164,1.0,1,0,S1-972723484,S2-741315116,S2,1
0,0.7241379310344827,1.0,1.0,1.0,0.8,0,1.0,0,0.8491620111731844,0.9166666666666667,0.8379888268156425,0.7647058823529411,0.7111111111111111,5,0.9456521739130435,1.0,1,0,S1-47499804,S3-70543150,S3,1
0,0.9387755102040817,1.0,0.9387755102040817,0.8,0.875,3,0.8846153846153846,1,1.0,1.0,1.0,1.0,1.0,0,1.0,1.0,1,0,S1-866722246,S2-133041461,S2,1
1,1.0,1.0,1.0,1.0,1.0,0,1.0,0,0.9459459459459459,0.9459459459459459,0.9459459459459459,0.5,0.725,2,0.9473684210526315,0.0,1,0,S1-207608616,S2-237562455,S2,1
0,0.8,1.0,0.8,0.75,0.7619047619047619,9,0.6666666666666666,0,0.9666666666666667,0.9666666666666667,0.9666666666666667,0.6666666666666666,0.8,2,0.9354838709677419,1.0,1,0,S1-903303475,S2-578795174,S2,1
0,0.8461538461538461,1.0,0.8461538461538461,0.75,0.7037037037037037,8,0.7333333333333333,0,0.9732620320855615,1.0,0.9732620320855615,0.9090909090909091,0.9821428571428571,5,0.9479166666666666,1.0,1,0,S1-590853104,S3-806835002,S3,1
0,0.8275862068965517,0.8275862068965517,0.8275862068965517,0.0,0.47058823529411764,3,0.8125,0,0.8115942028985508,0.9491525423728814,0.8985507246376812,0.6666666666666666,0.625,7,0.8157894736842105,1.0,1,0,S1-722155050,S3-389485711,S3,1
1,1.0,1.0,1.0,1.0,1.0,0,1.0,0,0.6868686868686867,0.9111111111111111,0.8888888888888888,0.7,0.7272727272727273,1,0.98,0.5,1,0,S1-650433440,S3-788386696,S3,1
1,1.0,1.0,1.0,1.0,1.0,0,1.0,0,0.8461538461538461,0.875,0.7948717948717949,0.4444444444444444,0.574468085106383,6,0.8571428571428571,0.5,1,0,S1-874991209,S3-254684053,S3,1
0,0.10666666666666667,0.12698412698412695,0.10666666666666667,0.0,0.0,7,0.8292682926829268,0,0.7969924812030075,0.92,0.7969924812030075,0.6363636363636364,0.7352941176470589,25,0.6835443037974683,1.0,1,0,S1-291440258,S2-932529645,S2,1
0,0.9295774647887324,0.9295774647887324,0.9295774647887324,0.6666666666666666,0.6341463414634146,1,0.9722222222222222,0,0.9428571428571427,0.9523809523809524,0.9428571428571427,0.75,0.8857142857142857,4,0.8918918918918919,1.0,1,0,S1-291449744,S3-635110405,S3,1
1,1.0,1.0,1.0,1.0,1.0,0,1.0,0,0.9655172413793103,0.9655172413793103,0.9655172413793103,0.7142857142857143,0.8275862068965517,2,0.9333333333333333,1.0,1,0,S1-639567885,S2-478459534,S2,1
0,0.8571428571428572,1.0,0.8571428571428572,0.8,0.7222222222222222,5,0.75,0,0.8955223880597015,1.0,0.8955223880597015,0.7142857142857143,0.75,7,0.8108108108108109,1.0,1,0,S1-316243658,S2-691523186,S2,1
1,1.0,1.0,1.0,1.0,1.0,0,1.0,0,0.9620253164556962,0.9620253164556962,0.9620253164556962,0.7142857142857143,0.875,3,0.926829268292683,1.0,1,0,S1-14209366,S3-316673717,S3,1
0,0.8727272727272728,0.8936170212765957,0.7636363636363638,0.5714285714285714,0.5454545454545454,3,0.896551724137931,0,0.0,0.0,0.0,0.0,0.0,43,0.0,0.0,1,0,S1-160847786,S3-115996594,S3,1
0,0.8095238095238095,1.0,0.8095238095238095,0.75,0.6521739130434783,8,0.68,1,1.0,1.0,1.0,1.0,1.0,0,1.0,0.0,1,0,S1-184785943,S2-480586164,S2,1
1,1.0,1.0,1.0,1.0,1.0,0,1.0,0,0.43333333333333335,0.9387755102040817,0.8666666666666667,0.6666666666666666,0.5555555555555556,8,0.7647058823529411,1.0,1,0,S1-851895379,S3-642906852,S3,1
0,0.8695652173913043,1.0,0.8695652173913043,0.75,0.75,6,0.7692307692307693,0,0.9615384615384616,1.0,0.9615384615384616,0.8,0.92,2,0.9259259259259259,0.0,1,0,S1-214430039,S2-242112089,S2,1
0,0.9473684210526316,0.9473684210526315,0.9473684210526316,0.6,0.7666666666666667,1,0.9655172413793104,0,0.8805970149253731,0.9724770642201835,0.8805970149253731,0.8333333333333334,0.8095238095238095,4,0.9420289855072463,1.0,1,0,S1-574820361,S3-822342609,S3,1
0,0.09523809523809523,0.10169491525423723,0.09523809523809523,0.0,0.0,1,0.96875,0,0.5046728971962617,0.7234042553191489,0.5420560747663552,0.25,0.22972972972972974,33,0.5285714285714286,0.6666666666666666,1,0,S1-179944265,S3-982917129,S3,1
0,0.6976744186046511,0.8571428571428571,0.6976744186046511,0.6,0.4444444444444444,3,0.8695652173913043,0,0.851063829787234,0.9189189189189189,0.851063829787234,0.5,0.5925925925925926,7,0.7407407407407407,0.0,1,0,S1-974111854,S2-80379941,S2,1
0,0.9473684210526316,1.0,0.9473684210526316,0.8,0.8857142857142857,4,0.9,1,1.0,1.0,1.0,1.0,1.0,0,1.0,1.0,1,0,S1-961977853,S2-480269199,S2,1
1,1.0,1.0,1.0,1.0,1.0,0,1.0,0,0.8131868131868132,0.8947368421052632,0.8791208791208791,0.5,0.6226415094339622,7,0.8571428571428571,1.0,1,0,S1-717334907,S3-732085021,S3,1
0,0.7213114754098361,0.36065573770491804,0.36065573770491793,0.0,0.4358974358974359,13,0.6486486486486487,0,0.6122448979591837,0.9349112426035504,0.8163265306122449,0.7037037037037037,0.6403508771929824,16,0.8490566037735849,1.0,1,0,S1-903278810,S2-205210471,S2,1
1,1.0,1.0,1.0,1.0,1.0,0,1.0,0,0.4590163934426229,0.819672131147541,0.819672131147541,0.25,0.3902439024390244,3,0.90625,1.0,1,0,S1-909619858,S3-421237740,S3,1
0,0.6333333333333333,1.0,0.7,0.6,0.5483870967741935,18,0.5384615384615384,0,0.814814814814815,0.9259259259259259,0.9259259259259259,0.6666666666666666,0.5625,0,1.0,1.0,1,0,S1-645230030,S2-553170063,S2,1
0,0.8666666666666667,1.0,0.8666666666666667,0.6,0.7333333333333333,4,0.7647058823529411,0,0.8907563025210083,1.0,0.8907563025210083,0.7272727272727273,0.8333333333333334,3,0.9508196721311475,0.6666666666666666,1,0,S1-453565466,S3-887024708,S3,1
0,0.8125,1.0,0.8125,0.6666666666666666,0.6666666666666666,12,0.6842105263157895,0,0.8846153846153846,1.0,1.0,1.0,0.7777777777777778,0,1.0,1.0,1,0,S1-309752000,S3-564713037,S3,1
0,0.9047619047619048,1.0,0.9047619047619048,0.75,0.8095238095238095,4,0.8260869565217391,0,0.9696969696969697,1.0,0.9696969696969697,0.8571428571428571,0.9375,2,0.9411764705882353,1.0,1,0,S1-155900175,S2-763637516,S2,1
0,0.7727272727272727,1.0,0.7727272727272727,1.0,0.8823529411764706,10,0.6296296296296297,1,1.0,1.0,1.0,1.0,1.0,0,1.0,1.0,1,0,S1-637002774,S2-26846529,S2,1
0,0.6956521739130435,1.0,0.6956521739130435,0.6666666666666666,0.46153846153846156,7,0.5333333333333333,0,0.9841269841269842,0.9841269841269842,0.9841269841269842,0.6666666666666666,0.9666666666666667,1,0.96875,0.0,1,0,S1-476082511,S2-198207997,S2,1
1,1.0,1.0,1.0,1.0,1.0,0,1.0,0,0.904109589041096,0.9523809523809524,0.904109589041096,0.7142857142857143,0.7631578947368421,7,0.825,1.0,1,0,S1-145810178,S3-354766455,S3,1
1,1.0,1.0,1.0,1.0,1.0,0,1.0,0,0.8,0.826086956521739,0.8,0.3333333333333333,0.525,11,0.7105263157894737,0.0,1,0,S1-414560471,S3-593392601,S3,1
1,1.0,1.0,1.0,1.0,1.0,0,1.0,0,0.8,0.9090909090909091,0.9090909090909091,0.42857142857142855,0.5,5,0.8333333333333334,1.0,1,0,S1-501432713,S2-261427648,S2,1
1,1.0,1.0,1.0,1.0,1.0,0,1.0,0,0.8095238095238095,0.8985507246376812,0.8095238095238095,0.5555555555555556,0.6956521739130435,8,0.8260869565217391,0.0,1,0,S1-818997474,S3-183600361,S3,1
0,0.923076923076923,1.0,0.923076923076923,0.8,0.8461538461538461,4,0.8571428571428571,0,0.6666666666666667,0.9577464788732394,0.6306306306306306,0.42857142857142855,0.4583333333333333,37,0.5,1.0,1,0,S1-208176943,S3-76337738,S3,1
1,1.0,1.0,1.0,1.0,1.0,0,1.0,0,0.8064516129032258,0.9615384615384616,0.8064516129032258,0.7692307692307693,0.7580645161290323,12,0.8235294117647058,1.0,1,0,S1-570965192,S2-168805362,S2,1
0,0.8085106382978724,0.9047619047619048,0.8085106382978724,0.6,0.6538461538461539,1,0.9583333333333334,1,1.0,1.0,1.0,1.0,1.0,0,1.0,1.0,1,0,S1-579167675,S2-171686233,S2,1
0,0.9032258064516128,0.903225806451613,0.9032258064516128,0.5,0.5882352941176471,1,0.9375,1,1.0,1.0,1.0,1.0,1.0,0,1.0,1.0,1,0,S1-927289464,S2-689481202,S2,1
0,0.8888888888888888,0.5925925925925926,0.5925925925925926,0.0,0.5625,2,0.9285714285714286,0,0.9375,0.9473684210526315,0.9375,0.7142857142857143,0.8125,4,0.8823529411764706,1.0,1,0,S1-605870796,S2-732621302,S2,1
0,0.8837209302325582,0.961038961038961,0.8837209302325582,0.6666666666666666,0.782608695652174,6,0.8695652173913043,1,1.0,1.0,1.0,1.0,1.0,0,1.0,1.0,1,0,S1-896855148,S2-350187029,S2,1
1,1.0,1.0,1.0,1.0,1.0,0,1.0,0,0.6153846153846154,0.9615384615384616,0.9615384615384616,0.6666666666666666,0.6,2,0.9259259259259259,1.0,1,0,S1-689893242,S2-581072731,S2,1
0,0.9166666666666665,1.0,0.9166666666666665,0.8,0.8333333333333334,4,0.8461538461538461,0,0.825,0.825,0.825,0.25,0.5454545454545454,4,0.9047619047619048,0.0,1,0,S1-142683289,S3-204387387,S3,1
0,0.5384615384615384,1.0,0.5384615384615384,0.5,0.29411764705882354,12,0.3684210526315789,0,0.49122807017543857,0.9473684210526315,0.9473684210526316,0.7142857142857143,0.6774193548387096,3,0.9,1.0,1,0,S1-720944507,S2-575090652,S2,1
0,0.8450704225352113,0.9354838709677419,0.8450704225352113,0.5,0.717948717948718,5,0.868421052631579,0,0.88,1.0,0.88,0.7142857142857143,0.7317073170731707,9,0.7857142857142857,0.5,1,0,S1-758896400,S2-710923571,S2,1
1,1.0,1.0,1.0,1.0,1.0,0,1.0,0,0.75,1.0,0.75,0.6363636363636364,0.574468085106383,20,0.6,1.0,1,0,S1-515680637,S2-840197013,S2,1
1,1.0,1.0,1.0,1.0,1.0,0,1.0,0,0.7323943661971832,0.8679245283018868,0.7605633802816901,0.375,0.4888888888888889,11,0.7317073170731707,0.0,1,0,S1-15427076,S3-281256436,S3,1
1,1.0,1.0,1.0,1.0,1.0,0,1.0,0,0.9285714285714286,0.9285714285714286,0.9285714285714286,0.42857142857142855,0.7333333333333333,4,0.8666666666666667,0.0,1,0,S1-22587951,S2-480850299,S2,1
0,0.7647058823529411,1.0,0.7647058823529411,0.42857142857142855,0.5789473684210527,8,0.6190476190476191,0,0.6352941176470588,0.6588235294117646,0.6588235294117646,0.15384615384615385,0.208955223880597,9,0.8085106382978723,0.5,1,0,S1-59179431,S3-613132379,S3,1
1,1.0,1.0,1.0,1.0,1.0,0,1.0,0,0.6333333333333333,0.736842105263158,0.5666666666666667,0.42857142857142855,0.24444444444444444,12,0.6666666666666666,0.0,1,0,S1-489947830,S2-962061970,S2,1
0,0.75,1.0,1.0,1.0,0.875,0,1.0,0,0.9185185185185185,1.0,0.9185185185185185,0.9166666666666666,0.8909090909090909,11,0.8493150684931506,1.0,1,0,S1-494192576,S2-319696670,S2,1
1,1.0,1.0,1.0,1.0,1.0,0,1.0,0,0.9615384615384616,1.0,0.9615384615384616,0.8,0.92,2,0.9259259259259259,0.0,1,0,S1-479941248,S2-409842125,S2,1
1,1.0,1.0,1.0,1.0,1.0,0,1.0,0,0.43999999999999995,0.926829268292683,0.4200000000000001,0.3333333333333333,0.2571428571428571,56,0.28205128205128205,1.0,1,0,S1-68689017,S3-801531912,S3,1
0,0.9375,1.0,0.9375,0.8,0.875,4,0.8823529411764706,0,0.95,0.95,0.95,0.5555555555555556,0.7674418604651163,2,0.9512195121951219,0.0,1,0,S1-266480900,S2-655682601,S2,1
0,0.8928571428571429,0.8928571428571429,0.8928571428571429,0.4,0.6774193548387096,4,0.8666666666666667,0,0.5172413793103448,1.0,1.0,1.0,0.8,0,1.0,1.0,1,0,S1-791455677,S2-399136535,S2,1
0,0.9523809523809522,0.9523809523809524,0.9523809523809522,0.6,0.7352941176470589,1,0.96875,0,0.8152866242038218,1.0,0.9299363057324841,1.0,0.8783783783783784,11,0.8690476190476191,1.0,1,0,S1-159552950,S2-152438628,S2,1
0,0.9166666666666665,0.9166666666666667,0.9166666666666665,0.3333333333333333,0.5714285714285714,0,1.0,0,0.0,0.0,0.0,0.0,0.0,80,0.0,0.0,1,0,S1-666276137,S2-268168124,S2,1
0,0.9473684210526316,0.9473684210526315,0.9473684210526316,0.5,0.7,0,1.0,0,0.8709677419354839,1.0,0.8709677419354839,0.7142857142857143,0.7575757575757576,8,0.7714285714285715,0.0,1,0,S1-612072805,S2-926126774,S2,1
0,0.8333333333333335,0.8333333333333333,0.8333333333333335,0.25,0.5238095238095238,4,0.8,0,0.6666666666666667,0.6666666666666665,0.6666666666666667,0.2857142857142857,0.375,0,1.0,0.0,1,0,S1-672008361,S3-671456767,S3,1
0,0.8823529411764706,1.0,0.8823529411764706,0.6666666666666666,0.7647058823529411,4,0.7894736842105263,1,1.0,1.0,1.0,1.0,1.0,0,1.0,1.0,1,0,S1-109835809,S2-554562999,S2,1
1,1.0,1.0,1.0,1.0,1.0,0,1.0,0,0.9344262295081969,1.0,0.9344262295081969,0.9166666666666666,0.9152542372881356,8,0.8769230769230769,1.0,1,0,S1-338562196,S2-459775636,S2,1
0,0.8695652173913043,0.8695652173913043,0.8695652173913043,0.3333333333333333,0.35714285714285715,1,0.9166666666666666,0,0.4193548387096774,0.8888888888888888,0.7419354838709676,0.375,0.4146341463414634,12,0.6756756756756757,0.3333333333333333,1,0,S1-87305922,S2-777383633,S2,1
0,0.26086956521739135,0.26086956521739124,0.26086956521739135,0.0,0.0,1,0.9166666666666666,0,0.6274509803921569,0.9019607843137254,0.9019607843137255,0.42857142857142855,0.46875,3,0.8888888888888888,1.0,1,0,S1-45065933,S2-436008421,S2,1
0,0.9090909090909091,1.0,0.9090909090909091,0.75,0.8181818181818182,4,0.8333333333333334,0,0.8115942028985508,0.8115942028985508,0.8115942028985508,0.1111111111111111,0.4772727272727273,3,0.9166666666666666,0.0,1,0,S1-149338428,S3-265236601,S3,1
1,1.0,1.0,1.0,1.0,1.0,0,1.0,0,0.5517241379310345,0.9361702127659575,0.8620689655172413,0.6,0.5882352941176471,8,0.7575757575757576,1.0,1,0,S1-135081306,S3-670675676,S3,1
0,0.6470588235294117,0.8148148148148148,0.7647058823529411,0.5,0.38095238095238093,2,0.8888888888888888,1,1.0,1.0,1.0,1.0,1.0,0,1.0,1.0,1,0,S1-899739722,S2-314584308,S2,1
0,0.896551724137931,0.7931034482758621,0.7931034482758621,0.0,0.5625,2,0.9333333333333333,0,0.5567010309278351,0.9523809523809524,0.6804123711340206,0.38461538461538464,0.4090909090909091,31,0.515625,0.25,1,0,S1-82658981,S3-51612807,S3,1
1,1.0,1.0,1.0,1.0,1.0,0,1.0,0,0.7428571428571429,0.7428571428571428,0.7428571428571429,0.25,0.4666666666666667,4,0.8918918918918919,0.0,1,0,S1-768255703,S3-892961538,S3,1
0,0.8076923076923077,0.9615384615384616,0.9615384615384616,0.6,0.6,0,1.0,0,0.7222222222222221,0.7222222222222223,0.7222222222222221,0.2727272727272727,0.4166666666666667,8,0.8,0.0,1,0,S1-264790469,S3-756201267,S3,1
0,0.6086956521739131,1.0,0.6086956521739131,0.5,0.5454545454545454,18,0.4375,0,0.8311688311688311,0.8311688311688311,0.8051948051948052,0.4444444444444444,0.46,1,0.9743589743589743,1.0,1,0,S1-847257349,S2-378604635,S2,1
1,1.0,1.0,1.0,1.0,1.0,0,1.0,0,0.8,0.8712871287128712,0.782608695652174,0.5333333333333333,0.6323529411764706,1,0.9827586206896551,1.0,1,0,S1-332296866,S2-724017801,S2,1
0,0.7755102040816326,0.7755102040816326,0.6122448979591837,0.3333333333333333,0.5,9,0.6896551724137931,0,0.9295774647887324,0.9523809523809524,0.9295774647887324,0.7142857142857143,0.8571428571428571,5,0.868421052631579,1.0,1,0,S1-625359775,S3-376422320,S3,1
1,1.0,1.0,1.0,1.0,1.0,0,1.0,0,0.5769230769230769,0.9615384615384616,0.9615384615384616,0.42857142857142855,0.5,0,1.0,1.0,1,0,S1-342631812,S2-123837937,S2,1
0,0.9846153846153847,0.9846153846153847,0.9846153846153847,0.6666666666666666,0.8387096774193549,1,0.9696969696969697,0,0.5964912280701755,0.9473684210526315,0.9473684210526316,0.6666666666666666,0.65625,3,0.9,1.0,1,0,S1-287198012,S2-296309600,S2,1
0,0.8484848484848484,0.48484848484848486,0.48484848484848486,0.0,0.5263157894736842,3,0.8333333333333334,0,0.9818181818181819,0.9818181818181819,0.9818181818181819,0.6666666666666666,0.8214285714285714,1,0.9642857142857143,0.0,1,0,S1-458140559,S2-275481591,S2,1
1,1.0,1.0,1.0,1.0,1.0,0,1.0,0,0.8493150684931507,0.8493150684931507,0.8493150684931507,0.4,0.5681818181818182,1,0.972972972972973,1.0,1,0,S1-123264510,S3-375389291,S3,1
1,1.0,1.0,1.0,1.0,1.0,0,1.0,0,0.9523809523809522,0.9523809523809524,0.9523809523809522,0.7142857142857143,0.7878787878787878,3,0.9090909090909091,1.0,1,0,S1-660321395,S2-194208314,S2,1
1,1.0,1.0,1.0,1.0,1.0,0,1.0,0,0.6987951807228916,0.9302325581395349,0.6987951807228916,0.5555555555555556,0.5263157894736842,25,0.5370370370370371,0.6666666666666666,1,0,S1-115271395,S3-540912260,S3,1
1,1.0,1.0,1.0,1.0,1.0,0,1.0,0,0.9454545454545454,0.9454545454545454,0.9454545454545454,0.6666666666666666,0.8214285714285714,3,0.896551724137931,1.0,1,0,S1-598829178,S2-543626459,S2,1
1,1.0,1.0,1.0,1.0,1.0,0,1.0,0,0.8405797101449275,0.9454545454545454,0.8405797101449275,0.5,0.575,11,0.725,1.0,1,0,S1-751495380,S2-519787116,S2,1
1,1.0,1.0,1.0,1.0,1.0,0,1.0,0,0.6296296296296297,1.0,1.0,1.0,0.7777777777777778,0,1.0,1.0,1,0,S1-339818775,S2-95888461,S2,1
0,0.6764705882352942,1.0,0.6764705882352942,0.6666666666666666,0.4883720930232558,22,0.5111111111111111,0,0.6415094339622642,1.0,1.0,1.0,0.9148936170212766,0,1.0,1.0,1,0,S1-50607553,S3-506713172,S3,1
0,0.7526881720430108,1.0,0.7526881720430108,0.6666666666666666,0.6,23,0.603448275862069,0,0.9189189189189189,1.0,1.0,1.0,0.8421052631578947,0,1.0,1.0,1,0,S1-599136038,S3-797272195,S3,1
0,0.5217391304347826,0.30434782608695654,0.30434782608695654,0.0,0.23529411764705882,22,0.35294117647058826,0,0.8354430379746836,0.8354430379746836,0.8101265822784811,0.3333333333333333,0.6086956521739131,9,0.7954545454545454,1.0,1,0,S1-427502778,S3-451340566,S3,1
0,0.6923076923076923,1.0,1.0,1.0,0.7777777777777778,0,1.0,0,0.9107142857142857,0.96,0.9642857142857143,0.6666666666666666,0.9038461538461539,4,0.9310344827586207,0.0,1,0,S1-531191263,S3-318219841,S3,1
0,0.9444444444444444,0.9444444444444444,0.5555555555555556,0.6,0.6842105263157895,0,1.0,0,0.94,0.967032967032967,0.94,0.6666666666666666,0.8113207547169812,6,0.8867924528301887,0.0,1,0,S1-959289437,S2-195675395,S2,1
1,1.0,1.0,1.0,1.0,1.0,0,1.0,0,0.7246376811594203,0.7246376811594203,0.6666666666666667,0.2727272727272727,0.32653061224489793,15,0.6428571428571429,0.3333333333333333,1,0,S1-736754426,S2-952208643,S2,1
0,0.9166666666666665,0.923076923076923,0.9166666666666665,0.6,0.7894736842105263,2,0.9459459459459459,0,0.92,0.92,0.92,0.42857142857142855,0.6428571428571429,2,0.9230769230769231,0.0,1,0,S1-924229836,S2-383453319,S2,1
0,0.9444444444444444,0.9444444444444444,0.8333333333333335,0.6666666666666666,0.7435897435897436,2,0.9459459459459459,0,0.8524590163934427,0.8524590163934427,0.8524590163934427,0.25,0.6285714285714286,5,0.8484848484848485,0.0,1,0,S1-161171371,S3-663121548,S3,1
0,0.9473684210526316,0.9473684210526315,0.736842105263158,0.6,0.8888888888888888,0,1.0,0,0.9444444444444444,0.9444444444444444,0.9444444444444444,0.5,0.7894736842105263,2,0.9459459459459459,1.0,1,0,S1-776907659,S3-438174100,S3,1
0,0.8484848484848484,0.7272727272727272,0.7272727272727273,0.0,0.45,1,0.9411764705882353,0,0.7868852459016393,0.8852459016393442,0.8852459016393442,0.42857142857142855,0.5405405405405406,3,0.90625,0.0,1,0,S1-753655123,S2-21264256,S2,1
1,1.0,1.0,1.0,1.0,1.0,0,1.0,0,0.7647058823529411,0.8461538461538461,0.7647058823529411,0.4,0.4883720930232558,8,0.7894736842105263,0.4,1,0,S1-303273153,S2-625504057,S2,1
0,0.7647058823529411,0.7647058823529411,0.7647058823529411,0.3333333333333333,0.36363636363636365,2,0.8888888888888888,0,0.8813559322033897,0.9387755102040817,0.8813559322033897,0.6666666666666666,0.71875,7,0.7878787878787878,1.0,1,0,S1-407500494,S3-543853803,S3,1
0,0.8108108108108109,0.8524590163934427,0.8378378378378379,0.7142857142857143,0.5333333333333333,4,0.8974358974358975,0,0.6349206349206349,0.9019607843137254,0.8253968253968254,0.5,0.5526315789473685,7,0.8,0.0,1,0,S1-213466277,S3-654910061,S3,1
0,0.46808510638297873,0.5106382978723404,0.5106382978723405,0.0,0.22857142857142856,19,0.42424242424242425,0,0.7301587301587302,0.8253968253968255,0.8253968253968254,0.42857142857142855,0.5128205128205128,5,0.8529411764705882,1.0,1,0,S1-804210432,S3-370657507,S3,1
0,0.9090909090909091,0.9090909090909091,0.9090909090909091,0.6,0.6666666666666666,4,0.8333333333333334,0,0.43137254901960786,0.926829268292683,0.4117647058823529,0.38461538461538464,0.29508196721311475,58,0.275,1.0,1,0,S1-193825619,S3-61307664,S3,1
0,0.923076923076923,1.0,0.923076923076923,0.75,0.8461538461538461,4,0.8571428571428571,0,0.9433962264150944,0.9433962264150944,0.9433962264150944,0.6666666666666666,0.75,3,0.8928571428571429,1.0,1,0,S1-533051470,S2-188339351,S2,1
1,1.0,1.0,1.0,1.0,1.0,0,1.0,0,0.8926553672316385,0.9806451612903225,0.9491525423728814,0.8571428571428571,0.8390804597701149,9,0.9032258064516129,1.0,1,0,S1-887359870,S3-24423556,S3,1
1,1.0,1.0,1.0,1.0,1.0,0,1.0,0,0.8484848484848484,0.8484848484848484,0.8484848484848484,0.5,0.6486486486486487,2,0.9411764705882353,1.0,1,0,S1-716997516,S3-523158117,S3,1
1,1.0,1.0,1.0,1.0,1.0,0,1.0,0,0.9090909090909091,0.9189189189189189,0.9090909090909091,0.6666666666666666,0.7391304347826086,4,0.8333333333333334,1.0,1,0,S1-303054601,S2-273189397,S2,1
0,0.6896551724137931,0.851063829787234,0.8275862068965517,0.6,0.5,4,0.8709677419354839,0,0.8873239436619719,0.9365079365079364,0.9295774647887324,0.7333333333333333,0.7215189873417721,8,0.8933333333333333,0.6,1,0,S1-754662493,S3-452589578,S3,1
1,1.0,1.0,1.0,1.0,1.0,0,1.0,0,0.8405797101449275,0.8405797101449275,0.8405797101449275,0.25,0.5116279069767442,3,0.9166666666666666,0.0,1,0,S1-255262879,S3-15298990,S3,1
1,1.0,1.0,1.0,1.0,1.0,0,1.0,0,0.8518518518518519,0.9302325581395349,0.8518518518518519,0.5714285714285714,0.6129032258064516,8,0.7419354838709677,0.0,1,0,S1-702795593,S2-45326193,S2,1
0,0.896551724137931,1.0,0.896551724137931,0.8,0.8,6,0.8125,0,0.9117647058823529,1.0,1.0,1.0,0.8285714285714286,0,1.0,1.0,1,0,S1-386162934,S2-980264963,S2,1
0,0.8888888888888888,0.8888888888888888,0.8888888888888888,0.3333333333333333,0.6,0,1.0,0,0.6236559139784946,0.9523809523809524,0.8602150537634408,0.7,0.6481481481481481,5,0.8979591836734694,0.5,1,0,S1-373054382,S2-966069319,S2,1
1,1.0,1.0,1.0,1.0,1.0,0,1.0,0,0.910891089108911,1.0,0.9702970297029703,0.875,0.9069767441860465,3,0.9423076923076923,1.0,1,0,S1-109520461,S3-292815825,S3,1
0,0.8235294117647058,0.8888888888888888,0.8235294117647058,0.5,0.6785714285714286,1,0.9615384615384616,0,0.37209302325581395,0.9577464788732394,0.6201550387596899,0.4,0.4024390243902439,35,0.573170731707317,1.0,1,0,S1-147099608,S3-742515108,S3,1
0,0.7636363636363638,0.6181818181818182,0.6181818181818182,0.0,0.4166666666666667,7,0.7741935483870968,1,1.0,1.0,1.0,1.0,1.0,0,1.0,1.0,1,0,S1-214114777,S2-891252813,S2,1
0,0.95,0.95,0.95,0.5,0.7142857142857143,0,1.0,0,0.8709677419354839,0.8709677419354839,0.8709677419354839,0.42857142857142855,0.5675675675675675,0,1.0,1.0,1,0,S1-64734995,S2-404316354,S2,1
0,0.8947368421052632,1.0,0.8947368421052632,0.75,0.7894736842105263,4,0.8095238095238095,0,0.7555555555555555,0.7868852459016393,0.6666666666666667,0.45454545454545453,0.44642857142857145,6,0.875,1.0,1,0,S1-79862673,S3-518532800,S3,1
0,0.6153846153846154,0.8205128205128205,0.6153846153846154,0.5,0.42424242424242425,6,0.7931034482758621,0,0.9210526315789473,0.955223880597015,0.8947368421052632,0.625,0.8,6,0.8536585365853658,1.0,1,0,S1-316768007,S3-826043494,S3,1
1,1.0,1.0,1.0,1.0,1.0,0,1.0,0,0.847457627118644,0.847457627118644,0.847457627118644,0.375,0.5714285714285714,3,0.9032258064516129,1.0,1,0,S1-169963246,S3-625641585,S3,1
0,0.7887323943661972,0.8888888888888888,0.7887323943661972,0.6666666666666666,0.5952380952380952,1,0.9722222222222222,0,0.7464788732394366,0.9193548387096775,0.8169014084507044,0.5555555555555556,0.6329113924050633,8,0.8933333333333333,0.0,1,0,S1-84455528,S3-364891199,S3,1
0,0.75,0.7878787878787878,0.75,0.5,0.5,0,1.0,0,0.8533333333333333,0.9508196721311475,0.8533333333333333,0.6666666666666666,0.725,11,0.7441860465116279,1.0,1,0,S1-239984662,S3-967922818,S3,1
0,0.8484848484848484,0.8484848484848484,0.8484848484848484,0.3333333333333333,0.38095238095238093,3,0.8333333333333334,0,0.0,0.0,0.0,0.0,0.0,32,0.0,0.0,1,0,S1-91926422,S2-884313963,S2,1
0,0.9454545454545454,1.0,0.9454545454545454,0.8,0.8846153846153846,3,0.896551724137931,0,0.9066666666666666,0.9538461538461539,0.9066666666666666,0.7142857142857143,0.775,7,0.8292682926829268,1.0,1,0,S1-795348359,S3-84791828,S3,1
0,0.9130434782608696,0.9130434782608695,0.9130434782608696,0.6,0.68,4,0.84,0,0.8757396449704143,0.9395973154362416,0.863905325443787,0.7058823529411765,0.7666666666666667,1,0.9882352941176471,1.0,1,0,S1-87058908,S3-222539560,S3,1
0,0.8666666666666667,1.0,0.8666666666666667,0.75,0.75,8,0.7647058823529411,0,0.2912621359223301,0.6818181818181819,0.46601941747572817,0.21428571428571427,0.18072289156626506,45,0.3918918918918919,0.0,1,0,S1-411723795,S3-431312237,S3,1
0,0.9189189189189189,1.0,0.9189189189189189,0.6666666666666666,0.8333333333333334,3,0.85,0,0.9295774647887324,0.9523809523809524,0.9295774647887324,0.7142857142857143,0.8611111111111112,5,0.868421052631579,1.0,1,0,S1-183148106,S3-455337445,S3,1
0,0.8837209302325582,0.5116279069767442,0.5116279069767442,0.0,0.5,3,0.8695652173913043,0,0.9824561403508771,0.9824561403508772,0.9824561403508771,0.6666666666666666,0.8275862068965517,1,0.9655172413793104,1.0,1,0,S1-920194962,S2-853357871,S2,1
0,0.7457627118644068,0.9830508474576272,0.9830508474576272,0.6,0.6875,1,0.9666666666666667,0,0.6446280991735537,0.9807692307692308,0.8429752066115702,0.7272727272727273,0.6197183098591549,15,0.7794117647058824,1.0,1,0,S1-611942701,S2-3816311,S2,1
0,0.7894736842105263,1.0,0.7894736842105263,0.5,0.6190476190476191,8,0.6521739130434783,0,0.7931034482758621,0.9806451612903225,0.9080459770114941,0.8571428571428571,0.8111111111111111,16,0.8315789473684211,0.0,1,0,S1-918747337,S3-93260904,S3,1
0,0.7647058823529411,1.0,0.7647058823529411,1.0,0.8461538461538461,8,0.6190476190476191,0,0.9253731343283582,0.9253731343283582,0.9253731343283582,0.42857142857142855,0.75,1,0.9705882352941176,1.0,1,0,S1-276620420,S3-939955203,S3,1
0,0.8571428571428572,0.8571428571428571,0.8571428571428572,0.5,0.6521739130434783,2,0.9090909090909091,0,0.4878048780487805,0.9142857142857143,0.8536585365853658,0.5,0.5918367346938775,6,0.8636363636363636,0.5,1,0,S1-229914052,S3-832265083,S3,1
0,0.8095238095238095,1.0,0.8095238095238095,0.75,0.6521739130434783,8,0.68,0,0.7945205479452055,0.7945205479452055,0.7945205479452055,0.25,0.45652173913043476,3,0.9210526315789473,0.0,1,0,S1-844645543,S3-930085822,S3,1
0,0.7307692307692308,1.0,0.7307692307692308,0.42857142857142855,0.5483870967741935,14,0.5757575757575758,1,1.0,1.0,1.0,1.0,1.0,0,1.0,1.0,1,0,S1-424466290,S3-360016551,S3,1
1,1.0,1.0,1.0,1.0,1.0,0,1.0,0,0.8666666666666667,0.9454545454545454,0.9166666666666665,0.7692307692307693,0.7313432835820896,4,0.9354838709677419,1.0,1,0,S1-493578120,S3-977638958,S3,1
0,0.48484848484848486,1.0,0.48484848484848486,0.5,0.2608695652173913,17,0.32,1,1.0,1.0,1.0,1.0,1.0,0,1.0,1.0,1,0,S1-848444845,S3-329465435,S3,1
1,1.0,1.0,1.0,1.0,1.0,0,1.0,0,0.9315068493150684,0.9315068493150684,0.9315068493150684,0.5555555555555556,0.8157894736842105,5,0.8717948717948718,1.0,1,0,S1-967511318,S3-986720385,S3,1
0,0.7954545454545454,1.0,0.7954545454545454,0.5,0.6470588235294118,18,0.660377358490566,1,1.0,1.0,1.0,1.0,1.0,0,1.0,0.0,1,0,S1-385646355,S3-705175883,S3,1
0,0.7692307692307692,0.7692307692307692,0.7692307692307692,0.3333333333333333,0.4,1,0.95,0,0.84375,0.84375,0.84375,0.5714285714285714,0.5384615384615384,0,1.0,1.0,1,0,S1-446123592,S2-968818582,S2,1
0,0.875,0.875,0.875,0.3333333333333333,0.7142857142857143,0,1.0,1,1.0,1.0,1.0,1.0,1.0,0,1.0,1.0,1,0,S1-363657379,S2-278035697,S2,1
0,0.7017543859649122,1.0,0.7017543859649122,0.6,0.5142857142857142,17,0.5405405405405406,1,1.0,1.0,1.0,1.0,1.0,0,1.0,1.0,1,0,S1-945197591,S3-195743578,S3,1
0,0.7692307692307692,1.0,0.7692307692307692,0.6666666666666666,0.5714285714285714,6,0.625,0,0.5185185185185186,0.9361702127659575,0.9259259259259259,0.6666666666666666,0.6666666666666666,4,0.8620689655172413,1.0,1,0,S1-834204087,S2-211892823,S2,1
0,0.10389610389610393,0.11940298507462685,0.10389610389610393,0.0,0.0,1,0.9743589743589743,0,0.6764705882352942,0.9411764705882354,0.8235294117647058,0.6923076923076923,0.6986301369863014,10,0.863013698630137,0.6666666666666666,1,0,S1-94965545,S3-181985369,S3,1
0,0.8571428571428572,1.0,0.8571428571428572,0.5714285714285714,0.7297297297297297,10,0.75,0,0.987012987012987,0.9846153846153847,0.987012987012987,0.7142857142857143,0.967741935483871,1,0.9743589743589743,0.0,1,0,S1-218071411,S2-307280848,S2,1
0,0.6545454545454545,0.8947368421052632,0.6909090909090909,0.4,0.5925925925925926,13,0.6176470588235294,0,0.8493150684931507,0.7692307692307692,0.7671232876712328,0.3333333333333333,0.5681818181818182,9,0.7804878048780488,0.5,1,0,S1-780860015,S3-256217990,S3,1
1,1.0,1.0,1.0,1.0,1.0,0,1.0,0,0.8787878787878788,0.8787878787878788,0.8787878787878788,0.42857142857142855,0.631578947368421,2,0.9411764705882353,0.0,1,0,S1-615576657,S2-524410913,S2,1
0,0.923076923076923,1.0,0.923076923076923,0.75,0.8421052631578947,3,0.8571428571428571,0,0.9882352941176471,1.0,0.9882352941176471,0.9285714285714286,0.9726027397260274,2,0.9767441860465116,1.0,1,0,S1-945062061,S2-746138764,S2,1
0,0.9032258064516128,0.903225806451613,0.9032258064516128,0.5,0.5,1,0.9375,0,0.9,0.9,0.9,0.42857142857142855,0.6470588235294118,0,1.0,1.0,1,0,S1-32992932,S3-550426440,S3,1
0,0.09090909090909094,0.1,0.09090909090909094,0.0,0.0,0,1.0,0,0.25,0.8823529411764706,0.36363636363636365,0.23076923076923078,0.1791044776119403,46,0.31343283582089554,0.5,1,0,S1-397541320,S2-74109950,S2,1
0,0.6666666666666667,1.0,0.6666666666666667,0.5714285714285714,0.4838709677419355,17,0.5,0,0.8125,1.0,0.921875,1.0,0.9333333333333333,10,0.855072463768116,1.0,1,0,S1-706058463,S3-934483845,S3,1
0,0.9655172413793103,0.9655172413793103,0.9655172413793103,0.6,0.8,0,1.0,0,0.8169014084507044,0.9508196721311475,0.9014084507042255,0.6666666666666666,0.675,7,0.8205128205128205,1.0,1,0,S1-613213582,S3-336480125,S3,1
0,0.875,1.0,0.875,0.6666666666666666,0.75,4,0.7777777777777778,0,0.0,0.0,0.0,0.0,0.0,44,0.0,0.0,1,0,S1-242103922,S3-488348756,S3,1
0,0.8571428571428572,1.0,0.8571428571428572,0.75,0.7333333333333333,8,0.75,0,0.33333333333333337,0.7777777777777777,0.37777777777777777,0.18181818181818182,0.17142857142857143,46,0.3235294117647059,1.0,1,0,S1-309944195,S3-784332974,S3,1
0,0.4705882352941176,0.9411764705882354,0.9411764705882352,0.5,0.5,0,1.0,0,0.6333333333333333,0.6333333333333333,0.6333333333333333,0.25,0.3023255813953488,2,0.9354838709677419,0.0,1,0,S1-348184983,S2-538927986,S2,1
0,0.08955223880597017,0.10169491525423723,0.08955223880597017,0.0,0.0,3,0.9142857142857143,0,0.9532710280373832,1.0,0.9532710280373832,0.8333333333333334,0.9230769230769231,5,0.9107142857142857,1.0,1,0,S1-17074416,S2-390204825,S2,1
0,0.5333333333333333,1.0,0.5333333333333333,0.5,0.2222222222222222,7,0.36363636363636365,0,0.8101265822784811,0.759493670886076,0.7088607594936708,0.3,0.5102040816326531,1,0.975,0.5,1,0,S1-696561321,S3-797667925,S3,1
0,0.923076923076923,0.923076923076923,0.923076923076923,0.3333333333333333,0.6923076923076923,0,1.0,1,1.0,1.0,1.0,1.0,1.0,0,1.0,1.0,1,0,S1-525945292,S2-692508381,S2,1
1,1.0,1.0,1.0,1.0,1.0,0,1.0,0,0.9403973509933775,0.9784172661870504,0.9139072847682119,0.8461538461538461,0.8918918918918919,9,0.8875,1.0,1,0,S1-579933177,S3-230233790,S3,1
0,0.7777777777777779,1.0,1.0,1.0,0.6842105263157895,0,1.0,0,0.7547169811320755,0.8679245283018868,0.8679245283018868,0.42857142857142855,0.4411764705882353,5,0.8275862068965517,1.0,1,0,S1-795532955,S3-363093591,S3,1
1,1.0,1.0,1.0,1.0,1.0,0,1.0,0,0.8571428571428572,0.8571428571428571,0.8571428571428572,0.42857142857142855,0.6388888888888888,3,0.9090909090909091,1.0,1,0,S1-80512994,S3-972514628,S3,1
0,0.9166666666666665,0.9166666666666667,0.5833333333333333,0.3333333333333333,0.5384615384615384,0,1.0,0,0.7151515151515152,0.948905109489051,0.8848484848484849,0.7333333333333333,0.7294117647058823,5,0.9411764705882353,0.6666666666666666,1,0,S1-639969605,S2-444576639,S2,1
0,0.13559322033898302,0.14035087719298248,0.13559322033898302,0.0,0.0,1,0.9666666666666667,0,0.7479674796747969,1.0,0.9105691056910569,0.9166666666666666,0.7619047619047619,1,0.9838709677419355,1.0,1,0,S1-289808141,S2-963082472,S2,1
0,0.8125,0.5,0.5,0.0,0.3333333333333333,2,0.8823529411764706,0,0.7777777777777779,0.8666666666666667,0.8666666666666667,0.45454545454545453,0.5925925925925926,10,0.8,0.3333333333333333,1,0,S1-440939349,S3-789348229,S3,1
0,0.84,1.0,0.84,0.75,0.7037037037037037,8,0.7241379310344828,0,0.7692307692307692,1.0,0.967032967032967,1.0,0.9325842696629213,6,0.9361702127659575,1.0,1,0,S1-246007711,S2-306949188,S2,1
0,0.9,0.7777777777777777,0.8,0.25,0.5,2,0.8181818181818182,1,1.0,1.0,1.0,1.0,1.0,0,1.0,1.0,1,0,S1-165982313,S2-732074409,S2,1
0,0.96,0.96,0.76,0.6,0.9166666666666666,0,1.0,0,0.9117647058823529,0.9491525423728814,0.8235294117647058,0.7142857142857143,0.8181818181818182,6,0.8378378378378378,1.0,1,0,S1-817924174,S3-371724446,S3,1
0,0.7777777777777779,0.8301886792452831,0.6111111111111112,0.6,0.44680851063829785,10,0.7560975609756098,0,0.9166666666666665,0.9523809523809524,0.8888888888888888,0.625,0.7837837837837838,6,0.8461538461538461,1.0,1,0,S1-722214911,S3-608945072,S3,1
0,0.7,1.0,0.7,0.5,0.5,12,0.5384615384615384,0,0.6823529411764706,0.7764705882352942,0.7529411764705882,0.4444444444444444,0.44642857142857145,3,0.9318181818181818,1.0,1,0,S1-687103504,S2-679093622,S2,1
0,0.8888888888888888,1.0,0.8888888888888888,1.0,0.9166666666666666,6,0.8,0,0.8235294117647058,0.8529411764705883,0.8235294117647058,0.6,0.6530612244897959,7,0.8478260869565217,1.0,1,0,S1-881514014,S3-239832857,S3,1
0,0.625,0.9375,0.9375,0.5,0.47368421052631576,0,1.0,0,0.9285714285714286,0.9285714285714286,0.9285714285714286,0.42857142857142855,0.7241379310344828,0,1.0,1.0,1,0,S1-101884975,S3-947083062,S3,1
1,1.0,1.0,1.0,1.0,1.0,0,1.0,0,0.7090909090909091,1.0,0.890909090909091,0.8,0.7543859649122807,12,0.8032786885245902,0.5,1,0,S1-484688317,S2-116847534,S2,1
0,0.6206896551724138,0.6206896551724138,0.6206896551724138,0.0,0.25,5,0.7058823529411765,0,0.47706422018348627,0.9387755102040817,0.47706422018348627,0.3076923076923077,0.2894736842105263,57,0.3132530120481928,1.0,1,0,S1-135232236,S3-819532065,S3,1
0,0.8181818181818181,0.9393939393939393,0.9393939393939393,0.6,0.6486486486486487,2,0.9411764705882353,0,0.9411764705882352,0.9411764705882354,0.9411764705882352,0.5,0.6842105263157895,2,0.9428571428571428,0.0,1,0,S1-317195843,S2-915523702,S2,1
0,0.8301886792452831,1.0,0.8301886792452831,0.6666666666666666,0.6896551724137931,9,0.7096774193548387,0,0.7761194029850746,0.8,0.7761194029850746,0.42857142857142855,0.575,7,0.8108108108108109,1.0,1,0,S1-771270563,S3-980904419,S3,1
1,1.0,1.0,1.0,1.0,1.0,0,1.0,0,0.904109589041096,0.9523809523809524,0.904109589041096,0.6666666666666666,0.7692307692307693,7,0.825,1.0,1,0,S1-594172183,S3-483996693,S3,1
0,0.9743589743589743,0.9743589743589743,0.9743589743589743,0.5,0.75,1,0.95,0,0.875,1.0,0.875,0.7142857142857143,0.7142857142857143,8,0.7777777777777778,0.5,1,0,S1-522398236,S2-923086371,S2,1
0,0.09523809523809523,0.10909090909090907,0.09523809523809523,0.0,0.0,1,0.96875,1,1.0,1.0,1.0,1.0,1.0,0,1.0,0.0,1,0,S1-768991885,S2-144562920,S2,1
0,0.9333333333333332,1.0,0.9333333333333332,0.75,0.8666666666666667,4,0.875,0,0.8709677419354839,0.8709677419354839,0.8709677419354839,0.42857142857142855,0.6571428571428571,6,0.8235294117647058,1.0,1,0,S1-775958035,S3-436391557,S3,1
0,0.11111111111111116,0.125,0.11111111111111116,0.0,0.0,2,0.9285714285714286,0,0.9452054794520548,1.0,0.9452054794520548,0.9230769230769231,0.967741935483871,2,0.972972972972973,1.0,1,0,S1-160890679,S3-788881192,S3,1
0,0.8823529411764706,1.0,0.8823529411764706,0.6666666666666666,0.7647058823529411,4,0.7894736842105263,0,0.0,0.0,0.0,0.0,0.0,58,0.0,0.0,1,0,S1-962427234,S2-861852657,S2,1
0,0.6785714285714286,1.0,0.8928571428571429,1.0,0.7142857142857143,6,0.8064516129032258,0,0.8791208791208791,0.961038961038961,0.8571428571428572,0.5555555555555556,0.6875,11,0.7843137254901961,0.5,1,0,S1-340863857,S3-886021271,S3,1
0,0.9444444444444444,1.0,0.9444444444444444,0.8333333333333334,0.8857142857142857,4,0.8947368421052632,0,0.814814814814815,0.9361702127659575,0.9259259259259259,0.6666666666666666,0.6129032258064516,4,0.8620689655172413,1.0,1,0,S1-959591786,S2-988350471,S2,1
1,1.0,1.0,1.0,1.0,1.0,0,1.0,0,0.7058823529411764,0.84,0.7941176470588236,0.3333333333333333,0.45454545454545453,10,0.7435897435897436,0.0,1,0,S1-380465287,S3-168031166,S3,1
1,1.0,1.0,1.0,1.0,1.0,0,1.0,0,0.33576642335766427,0.9302325581395349,0.33576642335766427,0.2222222222222222,0.18269230769230768,91,0.20175438596491227,0.6666666666666666,1,0,S1-297168756,S3-993842845,S3,1
0,0.10169491525423723,0.11764705882352942,0.10169491525423723,0.0,0.0,1,0.9666666666666667,0,0.37254901960784315,0.8695652173913043,0.43137254901960786,0.21428571428571427,0.273972602739726,50,0.34210526315789475,0.25,1,0,S1-887351247,S2-363255912,S2,1
0,0.8235294117647058,0.6470588235294117,0.6470588235294117,0.0,0.5,0,1.0,0,0.5194805194805194,0.961038961038961,0.961038961038961,0.75,0.7380952380952381,3,0.925,1.0,1,0,S1-672206836,S2-186466821,S2,1
0,0.8888888888888888,1.0,0.8888888888888888,0.6666666666666666,0.7692307692307693,3,0.8,0,0.8529411764705883,0.9259259259259259,0.8529411764705883,0.5,0.7142857142857143,10,0.7435897435897436,0.0,1,0,S1-454721033,S2-154544809,S2,1
0,0.8378378378378379,1.0,0.8378378378378379,0.8333333333333334,0.7,12,0.7209302325581395,0,0.9206349206349206,0.9206349206349206,0.9206349206349206,0.42857142857142855,0.6111111111111112,3,0.9090909090909091,1.0,1,0,S1-468298755,S2-975397961,S2,1
0,0.9285714285714286,1.0,0.9285714285714286,0.8,0.8571428571428571,4,0.8666666666666667,0,0.59375,0.717948717948718,0.625,0.3,0.30434782608695654,14,0.6410256410256411,0.0,1,0,S1-331054846,S2-341793475,S2,1
0,0.65,1.0,0.65,0.5,0.44,14,0.48148148148148145,0,0.5925925925925926,0.84375,0.814814814814815,0.4444444444444444,0.5510204081632653,7,0.8409090909090909,1.0,1,0,S1-965675483,S3-168774518,S3,1
0,0.8181818181818181,1.0,0.8181818181818181,0.75,0.6666666666666666,8,0.6923076923076923,0,0.9427312775330396,0.9680365296803654,0.9339207048458149,0.8333333333333334,0.9026548672566371,1,0.9912280701754386,1.0,1,0,S1-317312865,S2-43490638,S2,1
0,0.9736842105263157,0.9459459459459459,0.9473684210526316,0.5,0.868421052631579,2,0.9487179487179487,0,0.679245283018868,0.7169811320754716,0.679245283018868,0.125,0.4117647058823529,9,0.7096774193548387,0.0,1,0,S1-997819733,S3-535069623,S3,1
0,0.8169014084507044,0.9830508474576272,0.8169014084507044,0.6,0.8064516129032258,11,0.7317073170731707,0,0.6181818181818182,0.8666666666666667,0.6,0.4117647058823529,0.36764705882352944,42,0.4473684210526316,1.0,1,0,S1-863003671,S3-269556323,S3,1
0,0.9090909090909091,0.9090909090909091,0.7272727272727273,0.6,0.6666666666666666,4,0.8333333333333334,0,0.6213592233009708,0.736842105263158,0.5825242718446602,0.3125,0.29850746268656714,19,0.6885245901639344,1.0,1,0,S1-57949796,S2-477660733,S2,1
1,1.0,1.0,1.0,1.0,1.0,0,1.0,0,0.820754716981132,0.989247311827957,0.9339622641509435,0.9,0.8811881188118812,10,0.9099099099099099,0.8,1,0,S1-356196541,S2-235386543,S2,1
0,0.7142857142857143,1.0,0.7142857142857143,0.6666666666666666,0.5,8,0.5555555555555556,0,0.96875,0.96875,0.96875,0.6666666666666666,0.9333333333333333,2,0.9393939393939394,1.0,1,0,S1-401897828,S3-124100314,S3,1
0,0.8571428571428572,1.0,0.8571428571428572,0.6666666666666666,0.7142857142857143,4,0.75,0,0.4516129032258065,0.8695652173913043,0.7741935483870968,0.4444444444444444,0.4146341463414634,10,0.7222222222222222,0.5,1,0,S1-159162101,S2-829358391,S2,1
0,0.7647058823529411,0.4705882352941177,0.4705882352941176,0.0,0.42857142857142855,0,1.0,1,1.0,1.0,1.0,1.0,1.0,0,1.0,1.0,1,0,S1-193144148,S2-293242566,S2,1
1,1.0,1.0,1.0,1.0,1.0,0,1.0,0,0.65625,0.65625,0.65625,0.2222222222222222,0.2765957446808511,6,0.8285714285714286,1.0,1,0,S1-429223132,S3-156525364,S3,1
0,0.07999999999999996,0.09230769230769226,0.07999999999999996,0.0,0.0,3,0.9230769230769231,0,0.35185185185185186,0.7692307692307692,0.35185185185185186,0.25,0.14634146341463414,60,0.2857142857142857,1.0,1,0,S1-56126636,S3-753466975,S3,1
0,0.2222222222222222,0.2222222222222223,0.2222222222222222,0.0,0.0,16,0.38461538461538464,0,0.9948717948717949,0.9948717948717949,0.9948717948717949,0.8571428571428571,0.9891304347826086,1,0.9897959183673469,0.3333333333333333,1,0,S1-595973737,S2-753775008,S2,1
0,0.6764705882352942,1.0,1.0,1.0,0.7647058823529411,0,1.0,0,0.7936507936507937,0.826086956521739,0.7619047619047619,0.4444444444444444,0.5128205128205128,9,0.75,1.0,1,0,S1-532675258,S3-957331417,S3,1
0,0.8125,0.8125,0.8125,0.3333333333333333,0.4,2,0.8823529411764706,0,0.6153846153846154,0.8888888888888888,0.8846153846153846,0.5714285714285714,0.46875,2,0.9259259259259259,0.5,1,0,S1-530695792,S2-109781524,S2,1
0,0.896551724137931,0.896551724137931,0.896551724137931,0.7142857142857143,0.5428571428571428,0,1.0,0,0.7428571428571429,1.0,0.7428571428571429,0.625,0.5,18,0.5909090909090909,0.5,1,0,S1-715994171,S2-772814944,S2,1
0,0.17647058823529416,0.17647058823529405,0.17647058823529416,0.0,0.0,18,0.3076923076923077,0,0.8333333333333335,1.0,0.8333333333333335,0.625,0.6888888888888889,14,0.7142857142857143,0.0,1,0,S1-711205898,S2-844536886,S2,1
0,0.9310344827586207,1.0,0.9310344827586207,0.8,0.8620689655172413,4,0.8709677419354839,0,0.923076923076923,1.0,0.923076923076923,0.8333333333333334,0.8461538461538461,4,0.8571428571428571,0.0,1,0,S1-912023503,S2-611722696,S2,1
0,0.923076923076923,0.923076923076923,0.923076923076923,0.6666666666666666,0.6486486486486487,1,0.9696969696969697,0,0.8301886792452831,0.8301886792452831,0.7169811320754718,0.25,0.5806451612903226,1,0.9629629629629629,0.3333333333333333,1,0,S1-188193942,S3-621419153,S3,1
0,0.826086956521739,1.0,1.0,1.0,0.75,0,1.0,0,0.9032258064516128,0.903225806451613,0.9032258064516128,0.42857142857142855,0.6571428571428571,4,0.8787878787878788,1.0,1,0,S1-999670695,S3-128618756,S3,1
1,1.0,1.0,1.0,1.0,1.0,0,1.0,0,0.6349206349206349,0.9523809523809524,0.9523809523809522,0.6666666666666666,0.6857142857142857,3,0.9090909090909091,1.0,1,0,S1-19101805,S3-46136301,S3,1
0,0.8518518518518519,1.0,0.8518518518518519,0.75,0.7241379310344828,8,0.7419354838709677,0,0.9403973509933775,0.9784172661870504,0.9403973509933775,0.8571428571428571,0.8717948717948718,9,0.8875,1.0,1,0,S1-323062930,S3-199079866,S3,1
0,0.8421052631578947,1.0,0.8421052631578947,0.75,0.7,6,0.7272727272727273,0,0.8860759493670887,0.955223880597015,0.8860759493670887,0.7,0.7441860465116279,9,0.7954545454545454,1.0,1,0,S1-481140177,S3-297726444,S3,1
0,0.8387096774193549,0.8387096774193549,0.8387096774193549,0.4,0.6111111111111112,8,0.7714285714285715,0,0.6394557823129252,0.9752066115702479,0.9387755102040817,0.8461538461538461,0.7945205479452054,9,0.8846153846153846,1.0,1,0,S1-996514303,S3-162417554,S3,1
0,0.782608695652174,0.8484848484848484,0.782608695652174,0.4,0.5,8,0.7037037037037037,0,0.8524590163934427,0.9702970297029703,0.8360655737704918,0.6666666666666666,0.6857142857142857,18,0.7428571428571429,1.0,1,0,S1-246388684,S3-663171099,S3,1
0,0.9166666666666665,0.9166666666666667,0.9166666666666665,0.5,0.6923076923076923,4,0.8461538461538461,0,0.8709677419354839,0.9107142857142857,0.8709677419354839,0.7272727272727273,0.7246376811594203,2,0.9682539682539683,1.0,1,0,S1-573363240,S3-512312404,S3,1
0,0.09756097560975607,0.10256410256410263,0.09756097560975607,0.0,0.0,1,0.9523809523809523,0,0.8352941176470589,0.8676470588235294,0.8352941176470589,0.47058823529411764,0.6464646464646465,16,0.8279569892473119,0.0,1,0,S1-399198872,S3-772638816,S3,1
0,0.9285714285714286,0.9285714285714286,0.9285714285714286,0.6,0.6774193548387096,0,1.0,0,0.3653846153846154,0.9142857142857143,0.3653846153846154,0.25,0.16666666666666666,66,0.2235294117647059,1.0,1,0,S1-406488255,S3-524054847,S3,1
0,0.8666666666666667,1.0,0.8666666666666667,0.6666666666666666,0.7333333333333333,4,0.7647058823529411,0,0.9615384615384616,0.9615384615384616,0.9615384615384616,0.7142857142857143,0.7777777777777778,0,1.0,1.0,1,0,S1-592552466,S2-470396191,S2,1
1,1.0,1.0,1.0,1.0,1.0,0,1.0,1,1.0,1.0,1.0,1.0,1.0,0,1.0,1.0,1,1,S1-672570668,S2-1550441,S2,1
0,0.9090909090909091,1.0,0.9090909090909091,0.75,0.8181818181818182,4,0.8333333333333334,0,0.4871794871794872,0.9743589743589743,0.9743589743589743,0.7142857142857143,0.7804878048780488,2,0.95,1.0,1,0,S1-424322192,S2-366325952,S2,1
0,0.9259259259259259,0.9259259259259259,0.9259259259259259,0.6,0.7241379310344828,4,0.8620689655172413,0,0.2272727272727273,0.64,0.25757575757575757,0.09090909090909091,0.06956521739130435,98,0.14782608695652175,0.0,1,0,S1-509869038,S3-473310940,S3,1
0,0.8181818181818181,1.0,0.8181818181818181,0.6666666666666666,0.6363636363636364,4,0.6923076923076923,0,0.0,0.0,0.0,0.0,0.0,41,0.0,0.0,1,0,S1-525600225,S3-107996418,S3,1
0,0.8627450980392157,1.0,0.8627450980392157,1.0,0.9090909090909091,7,0.7586206896551724,0,0.3661971830985915,0.6,0.3661971830985915,0.1111111111111111,0.18,43,0.24561403508771928,0.0,1,0,S1-936359205,S3-693650389,S3,1
1,1.0,1.0,1.0,1.0,1.0,0,1.0,0,0.8214285714285714,0.8571428571428571,0.7857142857142857,0.375,0.5757575757575758,8,0.75,0.3333333333333333,1,0,S1-846906743,S3-363578714,S3,1
0,0.875,0.6666666666666665,0.6666666666666667,0.0,0.5172413793103449,2,0.92,0,0.5074626865671642,0.9253731343283582,0.9253731343283582,0.5,0.6578947368421053,5,0.8611111111111112,0.0,1,0,S1-411739095,S3-684449510,S3,1
0,0.6875,0.9375,0.9375,0.6,0.4,0,1.0,0,0.8850574712643678,1.0,1.0,1.0,0.9310344827586207,0,1.0,1.0,1,0,S1-394068648,S2-193311097,S2,1
0,0.6,1.0,0.8857142857142857,0.75,0.7575757575757576,4,0.8918918918918919,0,0.5633802816901409,0.8169014084507044,0.8169014084507044,0.3333333333333333,0.425531914893617,3,0.918918918918919,0.0,1,0,S1-486595209,S3-967887914,S3,1
0,0.7241379310344827,1.0,1.0,1.0,0.8620689655172413,0,1.0,0,0.7619047619047619,0.9263157894736842,0.8571428571428572,0.7272727272727273,0.6666666666666666,3,0.9444444444444444,0.0,1,0,S1-675768773,S2-18051786,S2,1
0,0.9444444444444444,1.0,0.9444444444444444,0.75,0.9142857142857143,4,0.8947368421052632,0,0.5897435897435898,0.9743589743589743,0.9743589743589743,0.7142857142857143,0.7142857142857143,2,0.95,1.0,1,0,S1-830987152,S2-655483660,S2,1
0,0.6666666666666667,0.9333333333333332,0.9333333333333332,0.6,0.6,4,0.875,0,0.7529411764705882,0.9117647058823529,0.7764705882352942,0.5384615384615384,0.5882352941176471,11,0.7708333333333334,0.6666666666666666,1,0,S1-512332356,S3-506534668,S3,1
0,0.6976744186046511,0.5116279069767442,0.5116279069767442,0.0,0.39285714285714285,13,0.5357142857142857,0,0.48275862068965514,0.7666666666666667,0.7126436781609197,0.3333333333333333,0.43103448275862066,13,0.74,0.0,1,0,S1-688884634,S3-153941447,S3,1
1,1.0,1.0,1.0,1.0,1.0,0,1.0,0,0.2702702702702703,0.6511627906976745,0.33783783783783783,0.125,0.12396694214876033,90,0.24369747899159663,0.0,1,0,S1-780632938,S3-341905718,S3,1
1,1.0,1.0,1.0,1.0,1.0,0,1.0,0,0.5,0.9,0.8823529411764706,0.625,0.6486486486486487,2,0.9428571428571428,0.5,1,0,S1-999981767,S2-150011791,S2,1
1,1.0,1.0,1.0,1.0,1.0,0,1.0,0,0.9090909090909091,0.9473684210526315,0.9090909090909091,0.6666666666666666,0.8235294117647058,6,0.8333333333333334,1.0,1,0,S1-510729210,S3-711691657,S3,1
0,0.09836065573770492,0.12244897959183675,0.09836065573770492,0.0,0.0,1,0.967741935483871,0,0.7924528301886792,1.0,1.0,1.0,0.9285714285714286,0,1.0,1.0,1,0,S1-146736650,S2-598308423,S2,1
0,0.6451612903225806,1.0,0.6451612903225806,0.5,0.42105263157894735,11,0.47619047619047616,0,0.7453416149068324,0.9022556390977443,0.782608695652174,0.631578947368421,0.6588235294117647,7,0.9166666666666666,1.0,1,0,S1-867154504,S3-473573517,S3,1
0,0.8888888888888888,0.8888888888888888,0.6666666666666667,0.5,0.47619047619047616,2,0.8947368421052632,0,0.8076923076923077,1.0,1.0,1.0,0.7777777777777778,0,1.0,1.0,1,0,S1-707747018,S2-842057729,S2,1
0,0.6428571428571428,1.0,0.6428571428571428,0.6666666666666666,0.4117647058823529,10,0.47368421052631576,1,1.0,1.0,1.0,1.0,1.0,0,1.0,1.0,1,0,S1-888908917,S3-898779060,S3,1
0,0.923076923076923,0.923076923076923,0.923076923076923,0.6,0.4666666666666667,0,1.0,0,0.8955223880597015,0.9473684210526315,0.8955223880597015,0.6666666666666666,0.75,7,0.8108108108108109,1.0,1,0,S1-338372698,S3-292694853,S3,1
0,0.8571428571428572,1.0,0.8571428571428572,0.75,0.7037037037037037,0,1.0,0,0.835820895522388,1.0,0.9104477611940298,0.8333333333333334,0.7857142857142857,2,0.9705882352941176,0.5,1,0,S1-686237084,S2-402906243,S2,1
0,0.92,0.92,0.92,0.6,0.7037037037037037,4,0.8518518518518519,0,0.991304347826087,0.991304347826087,0.991304347826087,0.8333333333333334,0.9814814814814815,1,0.9827586206896551,0.3333333333333333,1,0,S1-420855978,S2-815691165,S2,1
1,1.0,1.0,1.0,1.0,1.0,0,1.0,0,0.7792207792207794,0.8214285714285714,0.7792207792207794,0.3333333333333333,0.5,11,0.75,0.5,1,0,S1-865889664,S3-382492424,S3,1
0,0.9166666666666665,0.9166666666666667,0.9166666666666665,0.3333333333333333,0.6666666666666666,0,1.0,0,0.9,0.9411764705882354,0.9,0.6666666666666666,0.8064516129032258,6,0.8181818181818182,1.0,1,0,S1-792985397,S3-996763713,S3,1
0,0.7777777777777779,1.0,0.7777777777777779,0.625,0.6097560975609756,16,0.6363636363636364,1,1.0,1.0,1.0,1.0,1.0,0,1.0,1.0,1,0,S1-147257462,S3-461380299,S3,1
0,0.8620689655172413,1.0,0.8620689655172413,0.75,0.7333333333333333,8,0.7575757575757576,0,0.8085106382978724,0.9108910891089108,0.8368794326241136,0.6666666666666666,0.65625,1,0.9859154929577465,1.0,1,0,S1-875075287,S3-851447131,S3,1
0,0.9411764705882352,0.9411764705882354,0.9411764705882352,0.5,0.6666666666666666,0,1.0,0,0.7741935483870968,0.8372093023255814,0.7741935483870968,0.3333333333333333,0.45,12,0.6756756756756757,0.5,1,0,S1-413550690,S2-912606640,S2,1
0,0.6923076923076923,0.8461538461538461,0.6923076923076923,0.6,0.5,2,0.9259259259259259,0,0.9402985074626866,0.9791666666666667,0.9850746268656717,0.8,0.86,0,1.0,0.5,1,0,S1-588244235,S2-475647561,S2,1
0,0.8387096774193549,0.8387096774193549,0.8387096774193549,0.5,0.5,1,0.9375,0,0.7647058823529411,0.9719626168224299,0.8676470588235294,0.7857142857142857,0.7647058823529411,16,0.7894736842105263,1.0,1,0,S1-353616659,S3-929043414,S3,1
0,0.8421052631578947,1.0,0.8421052631578947,0.8,0.7142857142857143,12,0.7272727272727273,0,0.7865168539325843,0.7887323943661971,0.7865168539325843,0.4444444444444444,0.5,3,0.9347826086956522,1.0,1,0,S1-355145846,S3-529904617,S3,1
0,0.9375,0.9375,0.9375,0.5,0.6470588235294118,0,1.0,0,0.9702970297029703,1.0,0.9702970297029703,0.8888888888888888,0.94,3,0.9423076923076923,0.0,1,0,S1-894540807,S2-924872751,S2,1
0,0.5806451612903225,1.0,0.5806451612903225,0.4,0.35,13,0.4090909090909091,1,1.0,1.0,1.0,1.0,1.0,0,1.0,1.0,1,0,S1-770102800,S3-821664816,S3,1
0,0.9722222222222221,0.9722222222222223,0.7777777777777779,0.6,0.8378378378378378,0,1.0,1,1.0,1.0,1.0,1.0,1.0,0,1.0,1.0,1,0,S1-991756390,S2-543594286,S2,1
0,0.8181818181818181,1.0,1.0,1.0,0.7391304347826086,0,1.0,0,0.8592592592592593,0.9166666666666667,0.874074074074074,0.7142857142857143,0.7571428571428571,5,0.9285714285714286,0.75,1,0,S1-767520542,S3-128265524,S3,1
0,0.7272727272727273,0.851063829787234,0.7272727272727273,0.6,0.5,1,0.9642857142857143,0,0.7596899224806202,1.0,0.9457364341085271,0.9090909090909091,0.7777777777777778,7,0.8970588235294118,1.0,1,0,S1-650084243,S2-229976993,S2,1
0,0.8947368421052632,1.0,0.8947368421052632,0.6666666666666666,0.7894736842105263,4,0.8095238095238095,0,0.697986577181208,0.9710144927536232,0.8993288590604027,0.6923076923076923,0.725,7,0.9102564102564102,1.0,1,0,S1-419387204,S2-926686610,S2,1
0,0.7777777777777779,0.7777777777777777,0.7777777777777779,0.3333333333333333,0.4,0,1.0,0,0.9069767441860467,0.9350649350649352,0.9069767441860467,0.6666666666666666,0.717391304347826,4,0.9111111111111111,0.5,1,0,S1-383419314,S2-32024697,S2,1
1,1.0,1.0,1.0,1.0,1.0,0,1.0,0,0.0,0.0,0.0,0.0,0.0,55,0.0,0.0,1,0,S1-131730144,S2-322957572,S2,1
0,0.7619047619047619,0.8727272727272728,0.7619047619047619,0.6,0.5526315789473685,1,0.96875,0,0.8888888888888888,1.0,0.8888888888888888,0.875,0.8222222222222222,10,0.8,1.0,1,0,S1-762311162,S2-452179486,S2,1
0,0.23529411764705888,0.23529411764705885,0.23529411764705888,0.0,0.0,5,0.5454545454545454,0,0.5735294117647058,1.0,0.9558823529411765,1.0,0.8676470588235294,6,0.9154929577464789,1.0,1,0,S1-187794410,S3-577624241,S3,1
0,0.7894736842105263,1.0,1.0,1.0,0.7,0,1.0,0,0.9324324324324325,1.0,0.9324324324324325,0.9285714285714286,0.9428571428571428,10,0.8734177215189873,1.0,1,0,S1-456039467,S2-893531662,S2,1
0,0.775,1.0,0.775,0.5714285714285714,0.6170212765957447,18,0.6326530612244898,1,1.0,1.0,1.0,1.0,1.0,0,1.0,1.0,1,0,S1-139204752,S3-714025844,S3,1
1,1.0,1.0,1.0,1.0,1.0,0,1.0,0,0.943089430894309,1.0,0.943089430894309,0.9166666666666666,0.8852459016393442,7,0.8923076923076924,1.0,1,0,S1-750648002,S2-124678067,S2,1
0,0.11538461538461542,0.13043478260869562,0.11538461538461542,0.0,0.0,0,1.0,0,0.5972222222222222,0.717391304347826,0.6111111111111112,0.375,0.30612244897959184,26,0.6941176470588235,1.0,1,0,S1-587281392,S3-196408146,S3,1
0,0.13636363636363635,0.1363636363636364,0.13636363636363635,0.0,0.0,6,0.76,0,0.9107142857142857,0.9195402298850575,0.9107142857142857,0.6923076923076923,0.7241379310344828,8,0.8666666666666667,0.0,1,0,S1-633311975,S3-961394024,S3,1
1,1.0,1.0,1.0,1.0,1.0,0,1.0,0,0.7764705882352942,0.8666666666666667,0.7529411764705882,0.4,0.5,17,0.6666666666666666,1.0,1,0,S1-417137302,S3-270145917,S3,1
0,0.7948717948717949,1.0,1.0,1.0,0.8461538461538461,0,1.0,0,0.6029411764705883,0.9259259259259259,0.8823529411764706,0.6875,0.6857142857142857,4,0.9428571428571428,1.0,1,0,S1-250208152,S3-3930637,S3,1
0,0.8,1.0,1.0,1.0,0.7142857142857143,0,1.0,0,0.9117647058823529,1.0,1.0,1.0,0.8235294117647058,0,1.0,1.0,1,0,S1-201806019,S2-511638389,S2,1
0,0.8181818181818181,1.0,0.8181818181818181,1.0,0.7777777777777778,4,0.6923076923076923,0,0.7714285714285716,0.912280701754386,0.8571428571428572,0.5555555555555556,0.5348837209302325,8,0.7948717948717948,0.0,1,0,S1-581840190,S2-971950612,S2,1
0,0.923076923076923,0.923076923076923,0.923076923076923,0.6,0.5483870967741935,0,1.0,0,0.94017094017094,0.9684210526315788,0.905982905982906,0.8666666666666667,0.8571428571428571,7,0.8870967741935484,1.0,1,0,S1-399212365,S3-763684858,S3,1
1,1.0,1.0,1.0,1.0,1.0,0,1.0,0,0.9285714285714286,0.9285714285714286,0.9285714285714286,0.5,0.7333333333333333,4,0.8666666666666667,0.0,1,0,S1-720685574,S2-27900816,S2,1
0,0.6923076923076923,0.9615384615384616,0.9615384615384616,0.6,0.6785714285714286,0,1.0,0,0.96875,0.96875,0.96875,0.6666666666666666,0.9354838709677419,2,0.9393939393939394,0.0,1,0,S1-452867238,S2-571117922,S2,1
0,0.95,0.95,0.95,0.5,0.7142857142857143,0,1.0,0,0.5,0.9722222222222223,0.9722222222222221,0.7142857142857143,0.7435897435897436,2,0.9459459459459459,1.0,1,0,S1-741585845,S2-550057440,S2,1
1,1.0,1.0,1.0,1.0,1.0,0,1.0,0,0.8214285714285714,0.8214285714285714,0.7857142857142857,0.375,0.5757575757575758,2,0.9310344827586207,1.0,1,0,S1-303428054,S3-444681224,S3,1
0,0.43333333333333335,0.5405405405405406,0.33333333333333337,0.08333333333333333,0.2222222222222222,2,0.9354838709677419,0,0.9078014184397163,1.0,0.9078014184397163,0.9090909090909091,0.8840579710144928,13,0.8311688311688312,1.0,1,0,S1-762323602,S2-905533666,S2,1
0,0.8947368421052632,1.0,0.8947368421052632,0.75,0.7894736842105263,4,0.8095238095238095,0,0.9620253164556962,0.9620253164556962,0.9620253164556962,0.7142857142857143,0.8292682926829268,3,0.926829268292683,1.0,1,0,S1-895351766,S2-303388787,S2,1
0,0.8947368421052632,0.8947368421052632,0.8947368421052632,0.6,0.4782608695652174,0,1.0,0,0.7450980392156863,0.8636363636363636,0.8627450980392157,0.6666666666666666,0.46875,1,0.9615384615384616,1.0,1,0,S1-528098418,S2-108676041,S2,1
0,0.8205128205128205,1.0,0.8205128205128205,0.6666666666666666,0.6666666666666666,7,0.6956521739130435,0,0.5,0.8823529411764706,0.7647058823529411,0.36363636363636365,0.5609756097560976,2,0.9428571428571428,0.5,1,0,S1-197329448,S3-591593937,S3,1
0,0.8493150684931507,1.0,0.8493150684931507,0.8333333333333334,0.717948717948718,11,0.7380952380952381,0,0.8947368421052632,0.9538461538461539,0.8947368421052632,0.7142857142857143,0.8,8,0.8095238095238095,1.0,1,0,S1-67718252,S3-390991418,S3,1
0,0.6,1.0,0.6,0.75,0.3684210526315789,12,0.42857142857142855,0,0.0,0.0,0.0,0.0,0.0,35,0.0,0.0,1,0,S1-601891455,S2-645540584,S2,1
0,0.6666666666666667,1.0,0.6666666666666667,0.5,0.3333333333333333,4,0.5,0,0.6666666666666667,0.9722222222222223,0.9722222222222221,0.7142857142857143,0.8108108108108109,2,0.9459459459459459,0.0,1,0,S1-79940882,S2-515192548,S2,1
1,1.0,1.0,1.0,1.0,1.0,0,1.0,0,0.5797101449275363,0.7246376811594203,0.7246376811594203,0.1,0.391304347826087,7,0.8157894736842105,0.0,1,0,S1-978427728,S3-904450186,S3,1
0,0.8157894736842105,1.0,0.8157894736842105,0.5714285714285714,0.6904761904761905,14,0.6888888888888889,1,1.0,1.0,1.0,1.0,1.0,0,1.0,1.0,1,0,S1-960880025,S3-394111189,S3,1
0,0.09999999999999998,0.10714285714285708,0.09999999999999998,0.0,0.0,0,1.0,0,0.4222222222222223,1.0,0.5555555555555556,0.4444444444444444,0.39285714285714285,40,0.38461538461538464,0.3333333333333333,1,0,S1-775841796,S2-406300869,S2,1
1,1.0,1.0,1.0,1.0,1.0,0,1.0,0,0.4225352112676056,0.9473684210526315,0.8450704225352113,0.625,0.5609756097560976,11,0.7317073170731707,0.5,1,0,S1-867685292,S3-345284235,S3,1
0,0.6,0.8,0.6,0.6,0.34615384615384615,0,1.0,1,1.0,1.0,1.0,1.0,1.0,0,1.0,1.0,1,0,S1-582451079,S2-178254581,S2,1
0,0.7111111111111111,0.8421052631578948,0.7111111111111111,0.6,0.4642857142857143,1,0.9565217391304348,1,1.0,1.0,1.0,1.0,1.0,0,1.0,1.0,1,0,S1-665873552,S2-812059581,S2,1
0,0.9333333333333332,1.0,0.9333333333333332,0.8,0.8666666666666667,4,0.875,0,0.9650349650349651,0.9777777777777777,0.9650349650349651,0.8461538461538461,0.9295774647887324,5,0.9324324324324325,1.0,1,0,S1-858027703,S3-183450974,S3,1
1,1.0,1.0,1.0,1.0,1.0,0,1.0,1,1.0,1.0,1.0,1.0,1.0,0,1.0,1.0,1,1,S1-582053487,S2-872787733,S2,1
0,0.9565217391304348,0.9565217391304348,0.9565217391304348,0.6666666666666666,0.75,0,1.0,0,0.9411764705882352,0.9411764705882354,0.9411764705882352,0.6666666666666666,0.7407407407407407,3,0.8888888888888888,1.0,1,0,S1-822125125,S2-416961858,S2,1
0,0.8076923076923077,0.9615384615384616,0.9615384615384616,0.6,0.6,0,1.0,0,0.8771929824561404,0.9361702127659575,0.8771929824561404,0.5,0.6060606060606061,7,0.78125,0.5,1,0,S1-613346351,S2-684282404,S2,1
0,0.6222222222222222,0.4,0.4,0.0,0.28125,13,0.5517241379310345,0,0.823076923076923,1.0,0.9615384615384616,0.9090909090909091,0.9105691056910569,6,0.9548872180451128,1.0,1,0,S1-14229676,S2-553985135,S2,1
0,0.92,0.92,0.92,0.6,0.7037037037037037,4,0.8518518518518519,0,0.9090909090909091,1.0,0.9090909090909091,0.8,0.8375,15,0.8333333333333334,1.0,1,0,S1-208454061,S2-244050383,S2,1
1,1.0,1.0,1.0,1.0,1.0,0,1.0,0,0.8888888888888888,0.8888888888888888,0.7936507936507937,0.5,0.7352941176470589,5,0.8529411764705882,0.5,1,0,S1-27745063,S3-153212225,S3,1
1,1.0,1.0,1.0,1.0,1.0,0,1.0,0,0.9583333333333335,0.9583333333333333,0.9583333333333335,0.6666666666666666,0.76,2,0.92,1.0,1,0,S1-292840168,S2-754040844,S2,1
1,1.0,1.0,1.0,1.0,1.0,0,1.0,0,0.8571428571428572,0.9565217391304348,0.8333333333333335,0.5714285714285714,0.7021276595744681,12,0.75,1.0,1,0,S1-137248580,S3-989379590,S3,1
1,1.0,1.0,1.0,1.0,1.0,0,1.0,0,0.7096774193548387,0.9158878504672897,0.8870967741935484,0.75,0.6911764705882353,8,0.8787878787878788,1.0,1,0,S1-669032934,S3-857467765,S3,1
1,1.0,1.0,1.0,1.0,1.0,0,1.0,0,0.48,0.9508196721311475,0.8533333333333333,0.6666666666666666,0.5777777777777777,11,0.7441860465116279,1.0,1,0,S1-775225406,S3-364611719,S3,1
1,1.0,1.0,1.0,1.0,1.0,0,1.0,0,0.819672131147541,0.9433962264150944,0.9180327868852458,0.6666666666666666,0.6764705882352942,5,0.8484848484848485,1.0,1,0,S1-581375301,S3-433292105,S3,1
0,0.7352941176470589,0.8301886792452831,0.6470588235294117,0.5,0.47619047619047616,6,0.8378378378378378,0,0.9433962264150944,0.9433962264150944,0.9433962264150944,0.6666666666666666,0.8148148148148148,3,0.8928571428571429,1.0,1,0,S1-85715709,S2-2938507,S2,1
0,0.5454545454545454,1.0,0.5454545454545454,0.4,0.3181818181818182,15,0.375,1,1.0,1.0,1.0,1.0,1.0,0,1.0,1.0,1,0,S1-977467102,S3-656974251,S3,1
0,0.9166666666666665,0.9166666666666667,0.9166666666666665,0.2,0.5714285714285714,0,1.0,0,0.6153846153846154,0.9777777777777777,0.9650349650349651,0.8666666666666667,0.782051282051282,5,0.9324324324324325,1.0,1,0,S1-964784464,S3-253173181,S3,1
0,0.92,1.0,0.92,0.75,0.84,4,0.8518518518518519,0,0.8115942028985508,0.8846153846153847,0.8115942028985508,0.42857142857142855,0.6666666666666666,11,0.725,0.0,1,0,S1-944322331,S3-806081881,S3,1
0,0.8108108108108109,1.0,0.8108108108108109,0.42857142857142855,0.6666666666666666,14,0.6818181818181818,1,1.0,1.0,1.0,1.0,1.0,0,1.0,1.0,1,0,S1-638696656,S3-655537117,S3,1
1,1.0,1.0,1.0,1.0,1.0,0,1.0,0,0.6274509803921569,0.7450980392156863,0.7450980392156863,0.375,0.36363636363636365,5,0.8214285714285714,1.0,1,0,S1-18329390,S3-890268272,S3,1
1,1.0,1.0,1.0,1.0,1.0,0,1.0,0,0.7090909090909091,0.7560975609756098,0.6363636363636364,0.5,0.38666666666666666,8,0.864406779661017,1.0,1,0,S1-310991350,S3-679191282,S3,1
0,0.8571428571428572,0.8571428571428571,0.8571428571428572,0.3333333333333333,0.4117647058823529,0,1.0,0,0.36363636363636365,0.5,0.4545454545454546,0.3333333333333333,0.05405405405405406,6,0.76,0.5,1,0,S1-481038488,S2-280476396,S2,1
0,0.8333333333333335,1.0,0.8333333333333335,0.6666666666666666,0.6923076923076923,8,0.7142857142857143,1,1.0,1.0,1.0,1.0,1.0,0,1.0,1.0,1,0,S1-973975003,S2-158958173,S2,1
0,0.10344827586206895,0.11538461538461534,0.10344827586206895,0.0,0.0,2,0.9333333333333333,0,0.5833333333333333,0.8450704225352113,0.6666666666666667,0.3333333333333333,0.4025974025974026,38,0.5824175824175825,0.0,1,0,S1-28328789,S2-292685389,S2,1
0,0.9090909090909091,1.0,0.9090909090909091,0.6666666666666666,0.8125,3,0.8333333333333334,0,0.5647058823529412,0.9333333333333332,0.5411764705882354,0.4166666666666667,0.3448275862068966,37,0.39344262295081966,0.5,1,0,S1-640281939,S3-42823762,S3,1
0,0.6666666666666667,0.4444444444444444,0.4444444444444444,0.0,0.3333333333333333,12,0.5,0,0.8055555555555556,0.8518518518518519,0.8055555555555556,0.375,0.5,10,0.7560975609756098,1.0,1,0,S1-206628495,S3-844469982,S3,1
0,0.06451612903225812,0.07407407407407404,0.06451612903225812,0.0,0.0,1,0.9375,1,1.0,1.0,1.0,1.0,1.0,0,1.0,1.0,1,0,S1-356826206,S2-377883732,S2,1
0,0.8095238095238095,1.0,0.8095238095238095,0.5,0.6521739130434783,8,0.68,0,0.5,0.8684210526315789,0.8684210526315791,0.375,0.6,4,0.9,1.0,1,0,S1-698205799,S3-235364092,S3,1
1,1.0,1.0,1.0,1.0,1.0,0,1.0,0,0.8333333333333335,0.9433962264150944,0.9333333333333332,0.6666666666666666,0.696969696969697,4,0.875,1.0,1,0,S1-848389492,S3-966020940,S3,1
0,0.9508196721311475,0.9508196721311475,0.9508196721311475,0.6,0.78125,1,0.967741935483871,0,0.9411764705882352,0.9411764705882354,0.9411764705882352,0.42857142857142855,0.7222222222222222,2,0.9428571428571428,0.0,1,0,S1-767592924,S3-635945074,S3,1
0,0.9019607843137255,0.9047619047619048,0.9019607843137255,0.3333333333333333,0.7037037037037037,5,0.8214285714285714,0,0.8444444444444444,0.9589041095890412,0.8222222222222222,0.5555555555555556,0.6862745098039216,14,0.7307692307692307,1.0,1,0,S1-10683283,S3-357762240,S3,1
0,0.8823529411764706,1.0,0.8823529411764706,0.8,0.7647058823529411,4,0.7894736842105263,0,0.9565217391304348,0.9565217391304348,0.9565217391304348,0.7142857142857143,0.8571428571428571,3,0.9166666666666666,1.0,1,0,S1-576799103,S2-334458869,S2,1
0,0.8378378378378379,0.96875,0.8378378378378379,0.5,0.8787878787878788,10,0.7619047619047619,0,0.7692307692307692,0.8627450980392157,0.7384615384615385,0.42857142857142855,0.5641025641025641,7,0.8055555555555556,0.0,1,0,S1-446236212,S3-235444010,S3,1
0,0.8266666666666667,1.0,0.8266666666666667,0.8,0.6904761904761905,13,0.7045454545454546,0,0.8125,1.0,1.0,1.0,0.75,0,1.0,1.0,1,0,S1-307169516,S3-143106120,S3,1
0,0.9433962264150944,1.0,0.9433962264150944,0.75,0.88,3,0.8928571428571429,0,0.9302325581395349,0.9302325581395349,0.9302325581395349,0.42857142857142855,0.5,3,0.8695652173913043,0.0,1,0,S1-290720305,S2-963783843,S2,1
0,0.3846153846153846,0.3846153846153846,0.3076923076923077,0.2,0.047619047619047616,4,0.7333333333333333,0,0.6428571428571428,0.9662921348314607,0.875,0.7,0.7241379310344828,0,1.0,1.0,1,0,S1-869115085,S3-951385217,S3,1
0,0.8571428571428572,1.0,0.8571428571428572,0.6666666666666666,0.7142857142857143,4,0.75,0,0.6153846153846154,1.0,1.0,1.0,0.7777777777777778,0,1.0,1.0,1,0,S1-373768575,S2-298925564,S2,1
0,0.6428571428571428,0.9285714285714286,0.7857142857142857,0.6,0.4117647058823529,0,1.0,0,0.65625,1.0,1.0,1.0,0.8181818181818182,0,1.0,1.0,1,0,S1-437081776,S2-78985177,S2,1
0,0.10909090909090914,0.13333333333333328,0.10909090909090914,0.0,0.0,5,0.8333333333333334,0,0.6779661016949151,0.9514563106796117,0.8305084745762712,0.6153846153846154,0.6818181818181818,10,0.84375,1.0,1,0,S1-35197554,S2-411136294,S2,1
0,0.9655172413793103,0.9655172413793103,0.9655172413793103,0.5,0.7857142857142857,0,1.0,0,0.711864406779661,0.7659574468085105,0.6779661016949151,0.625,0.375,1,0.9666666666666667,1.0,1,0,S1-537539264,S2-663338477,S2,1
0,0.9577464788732395,1.0,0.9577464788732395,0.8333333333333334,0.9117647058823529,3,0.918918918918919,0,0.8387096774193549,0.9387755102040817,0.8387096774193549,0.5,0.5675675675675675,10,0.7222222222222222,0.5,1,0,S1-930150583,S2-291812077,S2,1
0,0.7692307692307692,1.0,1.0,1.0,0.9,0,1.0,0,0.8163265306122449,0.8421052631578948,0.8163265306122449,0.5,0.5925925925925926,5,0.8148148148148148,0.0,1,0,S1-914664911,S2-818655496,S2,1
0,0.9166666666666665,0.9090909090909091,0.9166666666666665,0.4,0.5833333333333334,2,0.8461538461538461,0,0.9696969696969697,1.0,0.9696969696969697,0.9473684210526315,0.9157894736842105,6,0.9411764705882353,1.0,1,0,S1-256330278,S2-523438260,S2,1
0,0.6818181818181819,1.0,1.0,1.0,0.6521739130434783,0,1.0,1,1.0,1.0,1.0,1.0,1.0,0,1.0,1.0,1,0,S1-638602516,S2-886145715,S2,1
0,0.1071428571428571,0.12,0.1071428571428571,0.0,0.0,0,1.0,0,0.6595744680851063,0.8181818181818181,0.7659574468085107,0.5,0.46551724137931033,18,0.6785714285714286,0.0,1,0,S1-991940968,S3-753886555,S3,1
0,0.8947368421052632,1.0,0.8947368421052632,0.8333333333333334,0.8,8,0.8095238095238095,0,0.96,1.0,0.96,0.8333333333333334,0.84,2,0.9230769230769231,1.0,1,0,S1-142456344,S2-226395371,S2,1
0,0.7936507936507937,0.8461538461538461,0.7936507936507937,0.5,0.5128205128205128,3,0.9090909090909091,0,0.40540540540540543,0.8,0.5945945945945945,0.3,0.22,22,0.5416666666666666,1.0,1,0,S1-517484408,S3-274205044,S3,1
0,0.6956521739130435,0.9565217391304348,0.9565217391304348,0.5,0.5555555555555556,0,1.0,0,0.875,0.96875,0.96875,0.6666666666666666,0.7647058823529411,2,0.9393939393939394,1.0,1,0,S1-589918406,S3-822046746,S3,1
0,0.8888888888888888,0.8888888888888888,0.8888888888888888,0.3333333333333333,0.4375,1,0.9285714285714286,0,0.0,0.0,0.0,0.0,0.0,34,0.0,0.0,1,0,S1-349325146,S2-267615789,S2,1
0,0.814814814814815,0.8148148148148148,0.814814814814815,0.5,0.35135135135135137,2,0.9285714285714286,0,0.0,0.0,0.0,0.0,0.0,91,0.0,0.0,1,0,S1-533711372,S3-982896308,S3,1
0,0.9523809523809522,0.9523809523809524,0.9523809523809522,0.5,0.7272727272727273,0,1.0,0,0.8,0.9,0.8,0.5,0.5454545454545454,11,0.6666666666666666,0.6666666666666666,1,0,S1-254509022,S2-355863559,S2,1
0,0.75,1.0,0.75,0.6666666666666666,0.5555555555555556,8,0.6,0,0.7333333333333334,0.8333333333333333,0.8333333333333335,0.25,0.36585365853658536,4,0.875,0.0,1,0,S1-216156291,S3-782166608,S3,1
1,1.0,1.0,1.0,1.0,1.0,0,1.0,0,0.9090909090909091,0.9848484848484849,0.9090909090909091,0.8333333333333334,0.8714285714285714,9,0.881578947368421,1.0,1,0,S1-545533657,S2-431839864,S2,1
0,0.7741935483870968,0.5517241379310345,0.5161290322580645,0.0,0.3684210526315789,3,0.8235294117647058,1,1.0,1.0,1.0,1.0,1.0,0,1.0,1.0,1,0,S1-86209677,S2-719242447,S2,1
0,0.75,1.0,0.75,0.5,0.5833333333333334,2,0.92,0,0.4871794871794872,0.8205128205128205,0.7692307692307692,0.3333333333333333,0.48,6,0.8571428571428571,0.5,1,0,S1-997502566,S2-262234154,S2,1
0,0.7647058823529411,1.0,1.0,1.0,0.7647058823529411,0,1.0,0,0.717948717948718,0.7945205479452055,0.717948717948718,0.3,0.48936170212765956,12,0.7333333333333333,0.0,1,0,S1-847030029,S2-63242012,S2,1
1,1.0,1.0,1.0,1.0,1.0,0,1.0,0,0.46808510638297873,0.923076923076923,0.8936170212765957,0.6666666666666666,0.5357142857142857,5,0.8076923076923077,1.0,1,0,S1-750936570,S3-709169429,S3,1
0,0.7083333333333333,0.875,0.7083333333333333,0.6,0.4666666666666667,2,0.92,0,0.8125,0.88,0.8125,0.5,0.5,8,0.7777777777777778,0.5,1,0,S1-38751665,S2-696093677,S2,1
0,0.17142857142857137,0.17142857142857137,0.17142857142857137,0.0,0.0,5,0.75,1,1.0,1.0,1.0,1.0,1.0,0,1.0,1.0,1,0,S1-458369902,S2-861294724,S2,1
0,0.851063829787234,0.851063829787234,0.851063829787234,0.25,0.5925925925925926,5,0.8076923076923077,0,0.9152542372881356,0.9411764705882354,0.9152542372881356,0.6666666666666666,0.8333333333333334,5,0.84375,1.0,1,0,S1-105992516,S3-329210883,S3,1
0,0.6521739130434783,1.0,0.6521739130434783,0.5,0.4482758620689655,16,0.4838709677419355,0,0.8823529411764706,0.9523809523809524,0.9117647058823529,0.7857142857142857,0.7808219178082192,2,0.9710144927536232,0.75,1,0,S1-73696316,S2-643867139,S2,1
1,1.0,1.0,1.0,1.0,1.0,0,1.0,0,0.6818181818181819,0.5909090909090909,0.5909090909090908,0.14285714285714285,0.296875,4,0.9130434782608695,0.5,1,0,S1-432343302,S3-992715922,S3,1
0,0.9545454545454546,0.9047619047619048,0.9090909090909091,0.4,0.7727272727272727,2,0.9130434782608695,0,0.8709677419354839,1.0,0.8709677419354839,0.7142857142857143,0.696969696969697,8,0.7714285714285715,1.0,1,0,S1-760189051,S2-773142696,S2,1
1,1.0,1.0,1.0,1.0,1.0,0,1.0,0,0.8717948717948718,0.903225806451613,0.8717948717948718,0.6,0.75,5,0.7727272727272727,1.0,1,0,S1-399042223,S3-176635878,S3,1
0,0.8461538461538461,0.8461538461538461,0.8461538461538461,0.3333333333333333,0.375,0,1.0,0,0.8732394366197183,1.0,0.8732394366197183,0.7142857142857143,0.717948717948718,9,0.775,0.5,1,0,S1-53980326,S2-31590396,S2,1
0,0.9473684210526316,0.9473684210526315,0.9473684210526316,0.5,0.7,0,1.0,0,0.775,0.9491525423728814,0.75,0.4,0.5510204081632653,18,0.6326530612244898,0.5,1,0,S1-635051727,S3-180319103,S3,1
0,0.7441860465116279,1.0,0.7441860465116279,0.6666666666666666,0.56,11,0.5925925925925926,0,0.675,0.711864406779661,0.7,0.3333333333333333,0.38181818181818183,4,0.9047619047619048,0.0,1,0,S1-321472697,S3-980165899,S3,1
1,1.0,1.0,1.0,1.0,1.0,0,1.0,0,0.8354430379746836,0.8813559322033899,0.8354430379746836,0.4444444444444444,0.5652173913043478,13,0.717391304347826,0.0,1,0,S1-637611991,S3-715298556,S3,1
0,0.927536231884058,0.927536231884058,0.8405797101449275,0.6666666666666666,0.625,1,0.9714285714285714,0,0.9666666666666667,0.9666666666666667,0.9666666666666667,0.6666666666666666,0.8064516129032258,0,1.0,0.0,1,0,S1-776409337,S2-966631760,S2,1
0,0.75,1.0,1.0,1.0,0.6470588235294118,0,1.0,0,0.7428571428571429,0.8363636363636364,0.8285714285714285,0.3333333333333333,0.4666666666666667,6,0.8421052631578947,0.3333333333333333,1,0,S1-467760793,S3-908085541,S3,1
0,0.9047619047619048,1.0,0.9047619047619048,0.75,0.8095238095238095,4,0.8260869565217391,0,0.7105263157894737,0.7666666666666667,0.6578947368421053,0.4444444444444444,0.36538461538461536,2,0.9487179487179487,0.5,1,0,S1-522430088,S2-835078559,S2,1
0,0.09375,0.12,0.09375,0.0,0.0,4,0.8823529411764706,0,0.6666666666666667,0.7529411764705882,0.7037037037037037,0.38461538461538464,0.4246575342465753,2,0.9636363636363636,1.0,1,0,S1-831325009,S2-559830144,S2,1
1,1.0,1.0,1.0,1.0,1.0,0,1.0,0,0.9318181818181819,1.0,0.9318181818181819,0.9230769230769231,0.9259259259259259,12,0.8723404255319149,1.0,1,0,S1-404584412,S2-140888254,S2,1
1,1.0,1.0,1.0,1.0,1.0,0,1.0,0,0.7328244274809159,1.0,0.8854961832061069,0.8666666666666667,0.7323943661971831,15,0.7945205479452054,1.0,1,0,S1-610448735,S2-828221122,S2,1
1,1.0,1.0,1.0,1.0,1.0,0,1.0,0,0.901639344262295,1.0,0.901639344262295,0.9166666666666666,0.8983050847457628,12,0.8208955223880597,1.0,1,0,S1-996480003,S2-975986296,S2,1
0,0.3448275862068966,0.3448275862068965,0.3448275862068966,0.0,0.13636363636363635,11,0.45,0,0.543859649122807,0.9302325581395349,0.7017543859649122,0.5333333333333333,0.4931506849315068,22,0.6764705882352942,1.0,1,0,S1-802274260,S2-927222063,S2,1
1,1.0,1.0,1.0,1.0,1.0,0,1.0,0,0.8378378378378379,0.8571428571428571,0.8378378378378379,0.4444444444444444,0.6190476190476191,10,0.7619047619047619,0.0,1,0,S1-651185354,S3-15185995,S3,1
0,0.6896551724137931,0.8275862068965517,0.8275862068965517,0.0,0.5428571428571428,2,0.9333333333333333,0,0.8076923076923077,0.8076923076923077,0.8076923076923077,0.25,0.6,2,0.9259259259259259,0.0,1,0,S1-815793485,S3-832722721,S3,1
0,0.7,1.0,0.7,0.75,0.5,12,0.5384615384615384,0,0.9333333333333332,0.9433962264150944,0.9333333333333332,0.6666666666666666,0.8064516129032258,4,0.875,1.0,1,0,S1-411974842,S2-204111,S2,1
0,0.8648648648648648,0.8648648648648648,0.8648648648648648,0.0,0.5714285714285714,5,0.7619047619047619,0,0.96,0.96,0.96,0.6666666666666666,0.7037037037037037,2,0.9230769230769231,1.0,1,0,S1-802023705,S2-439235929,S2,1
0,0.72,0.72,0.72,0.3333333333333333,0.5,7,0.5625,0,0.4074074074074075,0.8979591836734694,0.814814814814815,0.7142857142857143,0.5625,0,1.0,0.5,1,0,S1-743069486,S2-249713646,S2,1
0,0.8387096774193549,1.0,0.8387096774193549,0.75,0.6875,5,0.7222222222222222,0,0.9577464788732395,0.9577464788732394,0.9577464788732395,0.75,0.8611111111111112,3,0.918918918918919,1.0,1,0,S1-636334488,S2-208942704,S2,1
0,0.8363636363636364,0.9047619047619048,0.8363636363636364,0.6,0.7,9,0.71875,0,0.8533333333333333,0.8533333333333333,0.8533333333333333,0.4444444444444444,0.6136363636363636,9,0.7857142857142857,1.0,1,0,S1-577518172,S3-923390381,S3,1
0,0.8571428571428572,1.0,0.8571428571428572,0.8333333333333334,0.7333333333333333,12,0.75,0,0.8,0.7714285714285714,0.8,0.4,0.5348837209302325,0,1.0,1.0,1,0,S1-606770404,S3-262381382,S3,1
0,0.9047619047619048,1.0,0.9047619047619048,0.6,0.8095238095238095,4,0.8260869565217391,0,0.8333333333333335,0.8627450980392157,0.8,0.5,0.6470588235294118,2,0.9354838709677419,0.0,1,0,S1-284213744,S3-567863657,S3,1
1,1.0,1.0,1.0,1.0,1.0,0,1.0,0,0.5866666666666667,0.7391304347826088,0.45333333333333337,0.3,0.25,17,0.6304347826086957,0.0,1,0,S1-645176006,S2-684477824,S2,1
0,0.9552238805970148,0.955223880597015,0.9552238805970148,0.6666666666666666,0.7027027027027027,1,0.9705882352941176,0,0.6935483870967742,1.0,0.9193548387096775,1.0,0.9310344827586207,10,0.8507462686567164,1.0,1,0,S1-706916783,S2-486902092,S2,1
0,0.7555555555555555,0.5116279069767442,0.48888888888888893,0.0,0.2903225806451613,7,0.7307692307692307,0,0.9333333333333332,0.9433962264150944,0.9333333333333332,0.7142857142857143,0.8666666666666667,4,0.875,1.0,1,0,S1-16956022,S3-410858064,S3,1
0,0.76,1.0,1.0,1.0,0.7692307692307693,0,1.0,0,0.923076923076923,0.9473684210526315,0.923076923076923,0.6666666666666666,0.8484848484848485,5,0.8571428571428571,1.0,1,0,S1-664544964,S3-399761353,S3,1
0,0.878048780487805,0.5365853658536586,0.5365853658536586,0.0,0.5909090909090909,3,0.8636363636363636,0,0.9195402298850575,0.9425287356321839,0.9195402298850575,0.6666666666666666,0.8444444444444444,3,0.9333333333333333,1.0,1,0,S1-947331604,S3-901578339,S3,1
0,0.9393939393939393,0.9393939393939393,0.9393939393939393,0.6,0.7714285714285715,4,0.8857142857142857,0,0.5692307692307692,1.0,0.923076923076923,0.9285714285714286,0.7714285714285715,10,0.8571428571428571,1.0,1,0,S1-631106756,S2-297912304,S2,1
0,0.7272727272727273,1.0,0.7272727272727273,0.6,0.5384615384615384,12,0.5714285714285714,1,1.0,1.0,1.0,1.0,1.0,0,1.0,1.0,1,0,S1-831878342,S3-616502951,S3,1
0,0.9655172413793103,0.9655172413793103,0.9655172413793103,0.6666666666666666,0.9285714285714286,0,1.0,0,0.9120879120879121,0.9534883720930233,0.9010989010989011,0.6666666666666666,0.8421052631578947,2,0.9782608695652174,1.0,1,0,S1-461117487,S3-88509811,S3,1
1,1.0,1.0,1.0,1.0,1.0,0,1.0,0,0.5681818181818181,0.8648648648648648,0.8181818181818181,0.5,0.5283018867924528,4,0.9130434782608695,0.5,1,0,S1-871435027,S3-938789482,S3,1
0,0.15384615384615385,0.17142857142857137,0.15384615384615385,0.0,0.0,3,0.8571428571428571,0,0.5629629629629629,0.8055555555555556,0.6370370370370371,0.26666666666666666,0.3764705882352941,35,0.5882352941176471,0.0,1,0,S1-574334846,S2-637240111,S2,1
0,0.9538461538461537,1.0,0.9538461538461537,1.0,0.9354838709677419,3,0.9117647058823529,1,1.0,1.0,1.0,1.0,1.0,0,1.0,1.0,1,0,S1-560636623,S2-179872758,S2,1
0,0.09302325581395354,0.10256410256410263,0.09302325581395354,0.0,0.0,3,0.8695652173913043,0,0.4426229508196722,0.8571428571428571,0.4426229508196722,0.17647058823529413,0.18421052631578946,66,0.2978723404255319,0.0,1,0,S1-323531556,S2-205640742,S2,1
1,1.0,1.0,1.0,1.0,1.0,0,1.0,0,0.8347826086956522,0.9473684210526315,0.8347826086956522,0.6666666666666666,0.6515151515151515,15,0.7692307692307693,0.3333333333333333,1,0,S1-45723762,S2-626350185,S2,1
1,1.0,1.0,1.0,1.0,1.0,0,1.0,1,1.0,1.0,1.0,1.0,1.0,0,1.0,1.0,1,1,S1-754529828,S2-579400601,S2,1
1,1.0,1.0,1.0,1.0,1.0,0,1.0,0,0.48275862068965514,0.896551724137931,0.896551724137931,0.5555555555555556,0.6458333333333334,3,0.9333333333333333,1.0,1,0,S1-255029863,S3-184589131,S3,1
0,0.7666666666666666,0.7666666666666667,0.6333333333333333,0.42857142857142855,0.47368421052631576,4,0.875,0,0.9154929577464789,0.9682539682539683,0.9014084507042255,0.6923076923076923,0.8676470588235294,12,0.8441558441558441,1.0,1,0,S1-700219685,S2-937600087,S2,1
1,1.0,1.0,1.0,1.0,1.0,0,1.0,1,1.0,1.0,1.0,1.0,1.0,0,1.0,1.0,1,1,S1-323325143,S2-799745102,S2,1
0,0.8,1.0,1.0,1.0,0.7692307692307693,0,1.0,0,0.9333333333333332,0.9333333333333332,0.9333333333333332,0.7142857142857143,0.7741935483870968,0,1.0,1.0,1,0,S1-675792993,S2-568104563,S2,1
0,0.9285714285714286,1.0,0.9285714285714286,0.8333333333333334,0.8571428571428571,4,0.8666666666666667,0,0.3931623931623932,0.8823529411764706,0.6153846153846154,0.3333333333333333,0.30952380952380953,41,0.4810126582278481,0.3333333333333333,1,0,S1-409079638,S3-539615618,S3,1
0,0.9411764705882352,0.9411764705882354,0.9411764705882352,0.6,0.6666666666666666,0,1.0,0,0.9421487603305785,0.9719626168224299,0.9421487603305785,0.8333333333333334,0.8392857142857143,7,0.890625,1.0,1,0,S1-94582739,S3-570565994,S3,1
0,0.8163265306122449,0.9090909090909091,0.8163265306122449,0.6,0.6666666666666666,1,0.96,0,0.9247311827956989,1.0,0.9247311827956989,0.8571428571428571,0.8279569892473119,14,0.86,1.0,1,0,S1-224597816,S2-879640681,S2,1
0,0.8571428571428572,1.0,0.8571428571428572,0.75,0.7333333333333333,8,0.75,0,0.6292134831460674,0.8135593220338982,0.5842696629213483,0.3076923076923077,0.3709677419354839,19,0.6481481481481481,0.5,1,0,S1-795611311,S2-133612286,S2,1
0,0.8666666666666667,0.8666666666666667,0.8666666666666667,0.6,0.3684210526315789,2,0.875,1,1.0,1.0,1.0,1.0,1.0,0,1.0,1.0,1,0,S1-986345641,S2-405367902,S2,1
1,1.0,1.0,1.0,1.0,1.0,0,1.0,0,0.85,0.85,0.85,0.4444444444444444,0.6,2,0.9512195121951219,0.0,1,0,S1-260130291,S3-997967995,S3,1
0,0.679245283018868,0.41509433962264153,0.41509433962264153,0.0,0.38235294117647056,13,0.6060606060606061,0,0.9142857142857143,1.0,0.9142857142857143,0.8,0.8305084745762712,2,0.971830985915493,1.0,1,0,S1-640473342,S3-818579995,S3,1
0,0.59375,0.46875,0.46875,0.0,0.25,0,1.0,0,0.7256637168141593,0.7692307692307692,0.7079646017699115,0.4,0.46153846153846156,1,0.9824561403508771,0.5,1,0,S1-443710507,S2-412728935,S2,1
0,0.9545454545454546,0.8181818181818181,0.8181818181818181,0.0,0.7391304347826086,0,1.0,0,0.9272727272727272,0.9844559585492227,0.9272727272727272,0.8888888888888888,0.8725490196078431,16,0.864406779661017,0.0,1,0,S1-347184610,S3-946549632,S3,1
0,0.9552238805970148,1.0,0.9552238805970148,0.8333333333333334,0.9090909090909091,3,0.9142857142857143,0,0.8333333333333335,0.9361702127659575,0.8333333333333335,0.5,0.5714285714285714,10,0.7142857142857143,0.5,1,0,S1-581262590,S2-508786093,S2,1
0,0.6808510638297872,0.7894736842105263,0.6382978723404256,0.6,0.36666666666666664,1,0.9583333333333334,0,0.7804878048780488,0.955223880597015,0.8292682926829268,0.625,0.5918367346938775,12,0.7446808510638298,1.0,1,0,S1-893620848,S3-440596,S3,1
0,0.9310344827586207,0.9310344827586207,0.9310344827586207,0.6666666666666666,0.6363636363636364,0,1.0,0,0.9315068493150684,1.0,0.9315068493150684,1.0,0.984375,10,0.8717948717948718,1.0,1,0,S1-613217275,S2-387494867,S2,1
0,0.8333333333333335,0.9090909090909091,0.8333333333333335,0.6,0.5769230769230769,4,0.8461538461538461,0,0.49090909090909096,0.7037037037037037,0.47272727272727283,0.2857142857142857,0.27631578947368424,40,0.4666666666666667,0.5,1,0,S1-219615144,S3-822515026,S3,1
1,1.0,1.0,1.0,1.0,1.0,0,1.0,0,0.9642857142857143,0.9642857142857143,0.9642857142857143,0.6666666666666666,0.7931034482758621,2,0.9310344827586207,1.0,1,0,S1-76152349,S2-849191215,S2,1
0,0.9090909090909091,1.0,0.9090909090909091,0.6666666666666666,0.8181818181818182,4,0.8333333333333334,0,0.7419354838709676,0.8627450980392157,0.8064516129032258,0.42857142857142855,0.46153846153846156,4,0.8787878787878788,0.0,1,0,S1-277811958,S2-824920303,S2,1
0,0.8461538461538461,1.0,1.0,1.0,0.8076923076923077,0,1.0,0,0.7659574468085107,1.0,0.8936170212765957,0.8,0.5357142857142857,5,0.8076923076923077,0.5,1,0,S1-442020630,S2-703243828,S2,1
0,0.676056338028169,0.8571428571428571,0.676056338028169,0.6,0.45652173913043476,7,0.8205128205128205,0,0.898989898989899,0.9398907103825137,0.898989898989899,0.7368421052631579,0.7938144329896907,4,0.9603960396039604,1.0,1,0,S1-851399163,S3-129649452,S3,1
0,0.9565217391304348,0.9565217391304348,0.7391304347826086,0.6,0.782608695652174,0,1.0,0,0.0,0.0,0.0,0.0,0.0,29,0.0,0.0,1,0,S1-331440066,S2-868155608,S2,1
1,1.0,1.0,1.0,1.0,1.0,0,1.0,0,0.896551724137931,0.896551724137931,0.896551724137931,0.42857142857142855,0.6363636363636364,0,1.0,1.0,1,0,S1-447869477,S3-706619954,S3,1
0,0.08695652173913049,0.09523809523809518,0.08695652173913049,0.0,0.0,2,0.9166666666666666,0,0.27941176470588236,0.7906976744186046,0.3088235294117647,0.12,0.12280701754385964,80,0.25925925925925924,0.3333333333333333,1,0,S1-566741988,S2-995335878,S2,1
0,0.9444444444444444,0.9444444444444444,0.9444444444444444,0.3333333333333333,0.6842105263157895,0,1.0,0,0.8702290076335878,0.9714285714285714,0.8702290076335878,0.8181818181818182,0.8095238095238095,11,0.8450704225352113,1.0,1,0,S1-993577168,S2-891274748,S2,1
0,0.7027027027027026,1.0,0.7027027027027026,0.4444444444444444,0.5217391304347826,22,0.5416666666666666,1,1.0,1.0,1.0,1.0,1.0,0,1.0,1.0,1,0,S1-530158287,S3-34592550,S3,1
0,0.8620689655172413,1.0,0.8620689655172413,0.75,0.7419354838709677,8,0.7575757575757576,0,0.8,0.921875,0.7866666666666666,0.5,0.6744186046511628,12,0.8518518518518519,0.5,1,0,S1-987929900,S2-69861284,S2,1
1,1.0,1.0,1.0,1.0,1.0,0,1.0,0,0.8103448275862069,0.863157894736842,0.7586206896551724,0.5454545454545454,0.6119402985074627,2,0.9661016949152542,0.5,1,0,S1-688506286,S3-81771993,S3,1
0,0.9666666666666667,0.9666666666666667,0.9666666666666667,0.6,0.8064516129032258,0,1.0,0,0.9242424242424242,1.0,0.9242424242424242,0.9,0.8208955223880597,10,0.8591549295774648,1.0,1,0,S1-633782067,S2-788819289,S2,1
1,1.0,1.0,1.0,1.0,1.0,0,1.0,0,0.926829268292683,0.9589041095890412,0.9024390243902439,0.6666666666666666,0.813953488372093,6,0.8636363636363636,1.0,1,0,S1-784161301,S3-648631162,S3,1
1,1.0,1.0,1.0,1.0,1.0,0,1.0,0,0.9565217391304348,0.9565217391304348,0.9565217391304348,0.6,0.7959183673469388,2,0.9574468085106383,1.0,1,0,S1-657092238,S2-286074787,S2,1
0,0.9130434782608696,0.9130434782608695,0.9130434782608696,0.6,0.68,4,0.84,0,0.8735632183908046,0.9333333333333332,0.8735632183908046,0.625,0.782608695652174,7,0.851063829787234,0.0,1,0,S1-554276967,S2-186410109,S2,1
0,0.09090909090909094,0.10256410256410263,0.09090909090909094,0.0,0.0,8,0.6923076923076923,0,0.5087719298245614,0.8,0.543859649122807,0.2777777777777778,0.3132530120481928,30,0.5833333333333334,0.25,1,0,S1-244679895,S2-483708179,S2,1
0,0.7,1.0,0.7,0.5,0.5,12,0.5384615384615384,0,0.6666666666666667,0.6388888888888888,0.6388888888888888,0.3,0.23636363636363636,6,0.8461538461538461,1.0,1,0,S1-58024125,S2-9339389,S2,1
0,0.5925925925925926,0.7407407407407408,0.7407407407407408,0.0,0.35294117647058826,1,0.9285714285714286,0,0.8823529411764706,0.9473684210526315,0.8823529411764706,0.6666666666666666,0.7714285714285715,8,0.7894736842105263,1.0,1,0,S1-35714907,S3-775894361,S3,1
0,0.7397260273972602,1.0,0.7397260273972602,0.42857142857142855,0.5681818181818182,19,0.5869565217391305,1,1.0,1.0,1.0,1.0,1.0,0,1.0,1.0,1,0,S1-380757716,S3-661453099,S3,1
0,0.7142857142857143,0.9285714285714286,0.9285714285714286,0.6,0.4857142857142857,0,1.0,0,0.32061068702290074,1.0,0.41221374045801523,0.26666666666666666,0.24731182795698925,77,0.25961538461538464,0.5,1,0,S1-837951659,S2-110595569,S2,1
0,0.7536231884057972,1.0,0.7536231884057972,0.6,0.7058823529411765,17,0.6046511627906976,0,0.8484848484848484,0.8484848484848484,0.8484848484848484,0.4444444444444444,0.5789473684210527,4,0.8857142857142857,0.0,1,0,S1-58929997,S3-309463394,S3,1
1,1.0,1.0,1.0,1.0,1.0,0,1.0,0,0.6774193548387097,0.8181818181818181,0.7419354838709676,0.375,0.38095238095238093,10,0.7222222222222222,1.0,1,0,S1-831709485,S3-826210609,S3,1
0,0.6666666666666667,0.6666666666666665,0.4444444444444444,0.3333333333333333,0.28,2,0.8947368421052632,0,0.8307692307692307,0.84,0.7692307692307692,0.375,0.525,7,0.8055555555555556,1.0,1,0,S1-906135408,S3-965804252,S3,1
0,0.9130434782608696,1.0,0.9130434782608696,0.75,0.8636363636363636,4,0.84,0,0.6363636363636364,0.5909090909090909,0.5227272727272727,0.23076923076923078,0.22058823529411764,10,0.7959183673469388,0.5,1,0,S1-799679034,S2-899577266,S2,1
0,0.875,0.9545454545454546,0.875,0.6,0.5555555555555556,2,0.92,1,1.0,1.0,1.0,1.0,1.0,0,1.0,1.0,1,0,S1-62227826,S2-460771374,S2,1
0,0.9375,1.0,0.9375,0.75,0.875,4,0.8823529411764706,0,0.9375,1.0,0.9375,0.7142857142857143,0.8181818181818182,4,0.8823529411764706,0.3333333333333333,1,0,S1-582763044,S2-307045795,S2,1
0,0.8936170212765957,0.8936170212765957,0.8936170212765957,0.5,0.5925925925925926,1,0.9583333333333334,0,0.0,0.0,0.0,0.0,0.0,32,0.0,0.0,1,0,S1-715103900,S2-804127133,S2,1
0,0.09836065573770492,0.10909090909090907,0.09836065573770492,0.0,0.0,1,0.967741935483871,0,0.5203252032520325,1.0,0.7317073170731707,0.5454545454545454,0.52,33,0.5769230769230769,0.6666666666666666,1,0,S1-400120814,S2-686234417,S2,1
1,1.0,1.0,1.0,1.0,1.0,0,1.0,1,1.0,1.0,1.0,1.0,1.0,0,1.0,1.0,1,1,S1-434701903,S2-598815814,S2,1
0,0.9411764705882352,1.0,0.9411764705882352,0.8,0.88,3,0.8888888888888888,0,0.5571428571428572,0.9739130434782609,0.8571428571428572,0.7692307692307693,0.7083333333333334,18,0.7721518987341772,0.0,1,0,S1-634629162,S3-204486108,S3,1
1,1.0,1.0,1.0,1.0,1.0,0,1.0,0,0.9454545454545454,0.9454545454545454,0.9454545454545454,0.7142857142857143,0.7586206896551724,3,0.896551724137931,1.0,1,0,S1-666481699,S2-518253530,S2,1
1,1.0,1.0,1.0,1.0,1.0,0,1.0,0,0.847457627118644,0.9491525423728814,0.9491525423728814,0.6666666666666666,0.6666666666666666,3,0.9032258064516129,1.0,1,0,S1-651221384,S3-111069691,S3,1
0,0.7346938775510203,1.0,0.7346938775510203,0.42857142857142855,0.5714285714285714,13,0.5806451612903226,1,1.0,1.0,1.0,1.0,1.0,0,1.0,1.0,1,0,S1-899700924,S3-320903747,S3,1
0,0.814814814814815,0.4444444444444444,0.4444444444444444,0.0,0.4375,5,0.6875,0,0.8444444444444444,0.9142857142857143,0.8444444444444444,0.5,0.5769230769230769,7,0.7307692307692307,0.0,1,0,S1-681435356,S2-311267784,S2,1
0,0.7692307692307692,0.4615384615384615,0.4615384615384615,0.0,0.4117647058823529,8,0.7333333333333333,0,0.8115942028985508,0.923076923076923,0.8115942028985508,0.5,0.5853658536585366,13,0.6829268292682927,0.5,1,0,S1-489240134,S2-779101840,S2,1
0,0.09375,0.1034482758620689,0.09375,0.0,0.0,0,1.0,0,0.3392857142857143,0.6190476190476191,0.375,0.16666666666666666,0.12087912087912088,50,0.38271604938271603,0.5,1,0,S1-26044745,S3-586688398,S3,1
1,1.0,1.0,1.0,1.0,1.0,0,1.0,0,0.9361702127659575,0.9647058823529412,0.9361702127659575,0.8,0.8367346938775511,6,0.88,1.0,1,0,S1-499611887,S3-920704688,S3,1
1,1.0,1.0,1.0,1.0,1.0,0,1.0,0,0.7076923076923076,0.9387755102040817,0.8,0.5714285714285714,0.525,13,0.6666666666666666,1.0,1,0,S1-633249684,S3-202259540,S3,1
0,0.9523809523809522,0.9523809523809524,0.9523809523809522,0.6,0.6857142857142857,1,0.96875,1,1.0,1.0,1.0,1.0,1.0,0,1.0,1.0,1,0,S1-74140736,S2-115485022,S2,1
0,0.8823529411764706,1.0,0.8823529411764706,0.8,0.7777777777777778,8,0.7894736842105263,0,0.9683257918552036,1.0,0.9683257918552036,0.95,0.9423076923076923,7,0.9385964912280702,0.75,1,0,S1-784130150,S2-142585279,S2,1
0,0.48484848484848486,0.36363636363636365,0.36363636363636365,0.0,0.11538461538461539,13,0.43478260869565216,0,0.8759124087591242,0.9291338582677166,0.8613138686131387,0.7058823529411765,0.7837837837837838,1,0.9855072463768116,1.0,1,0,S1-983606204,S2-624963021,S2,1
0,0.6415094339622642,0.5660377358490566,0.5660377358490566,0.0,0.34285714285714286,15,0.5588235294117647,0,0.7272727272727273,0.75,0.7045454545454546,0.3333333333333333,0.4482758620689655,8,0.8333333333333334,0.0,1,0,S1-611246352,S3-292115795,S3,1
1,1.0,1.0,1.0,1.0,1.0,0,1.0,0,0.5569620253164558,0.6329113924050633,0.6329113924050633,0.15384615384615385,0.22950819672131148,3,0.926829268292683,0.25,1,0,S1-966283230,S3-148911289,S3,1
1,1.0,1.0,1.0,1.0,1.0,0,1.0,1,1.0,1.0,1.0,1.0,1.0,0,1.0,1.0,1,1,S1-172003515,S2-431793612,S2,1
0,0.8333333333333335,0.8333333333333333,0.8333333333333335,0.3333333333333333,0.3333333333333333,0,1.0,0,0.9423076923076923,0.9684210526315788,0.9423076923076923,0.75,0.8518518518518519,6,0.8909090909090909,1.0,1,0,S1-951281552,S3-287644101,S3,1
0,0.7407407407407408,1.0,1.0,1.0,0.7857142857142857,0,1.0,0,0.44067796610169496,0.4745762711864407,0.4067796610169492,0.1111111111111111,0.14893617021276595,1,0.9666666666666667,0.0,1,0,S1-510048584,S3-701849117,S3,1
0,0.7692307692307692,1.0,0.7692307692307692,0.42857142857142855,0.6388888888888888,15,0.625,1,1.0,1.0,1.0,1.0,1.0,0,1.0,1.0,1,0,S1-326381243,S3-882932567,S3,1
1,1.0,1.0,1.0,1.0,1.0,0,1.0,0,0.896551724137931,1.0,1.0,1.0,0.8,0,1.0,1.0,1,0,S1-161388077,S2-564636054,S2,1
0,0.875,1.0,0.875,0.6666666666666666,0.75,4,0.7777777777777778,0,0.8529411764705883,0.8529411764705883,0.8529411764705883,0.3333333333333333,0.575,6,0.8378378378378378,1.0,1,0,S1-309924818,S3-961617650,S3,1
0,0.9736842105263157,0.9459459459459459,0.9473684210526316,0.5,0.8888888888888888,2,0.9487179487179487,0,0.8615384615384616,0.8928571428571429,0.8615384615384616,0.5714285714285714,0.6216216216216216,3,0.9117647058823529,0.5,1,0,S1-754061339,S2-750470718,S2,1
0,0.5714285714285714,1.0,0.5714285714285714,0.5,0.3333333333333333,12,0.4,1,1.0,1.0,1.0,1.0,1.0,0,1.0,1.0,1,0,S1-153680888,S3-356682875,S3,1
0,0.8709677419354839,1.0,0.8709677419354839,0.8,0.75,8,0.7714285714285715,0,0.9393939393939393,1.0,0.9393939393939393,0.9166666666666666,0.8823529411764706,8,0.8857142857142857,1.0,1,0,S1-997914151,S2-320527259,S2,1
0,0.9047619047619048,1.0,0.9047619047619048,0.75,0.8095238095238095,4,0.8260869565217391,0,0.9570552147239265,0.975609756097561,0.9570552147239265,0.8571428571428571,0.9,7,0.9176470588235294,1.0,1,0,S1-134802503,S3-193530819,S3,1
0,0.875,1.0,0.875,0.6666666666666666,0.75,4,0.7777777777777778,0,0.8823529411764706,0.8823529411764706,0.8823529411764706,0.42857142857142855,0.6842105263157895,2,0.9428571428571428,1.0,1,0,S1-709549751,S3-114982922,S3,1
1,1.0,1.0,1.0,1.0,1.0,0,1.0,0,0.7741935483870968,0.7741935483870968,0.7741935483870968,0.375,0.48717948717948717,2,0.9375,0.0,1,0,S1-445076981,S3-378917707,S3,1
0,0.9473684210526316,0.8888888888888888,0.8947368421052632,0.4,0.7368421052631579,2,0.9,0,0.5,0.9666666666666667,0.9666666666666667,0.6666666666666666,0.6,0,1.0,1.0,1,0,S1-662532436,S2-806752386,S2,1
0,0.75,1.0,1.0,1.0,0.875,0,1.0,0,0.7575757575757575,1.0,0.9090909090909091,0.9285714285714286,0.8923076923076924,12,0.8333333333333334,1.0,1,0,S1-885401273,S2-292174493,S2,1
0,0.8979591836734694,1.0,0.8979591836734694,0.75,0.8,5,0.8148148148148148,0,0.9318181818181819,1.0,0.9318181818181819,0.9333333333333333,0.9302325581395349,12,0.8723404255319149,1.0,1,0,S1-155284243,S2-536246286,S2,1
0,0.64,1.0,0.64,0.5,0.4489795918367347,27,0.47058823529411764,1,1.0,1.0,1.0,1.0,1.0,0,1.0,1.0,1,0,S1-847460085,S3-14198089,S3,1
0,0.6875,0.5,0.5,0.0,0.3333333333333333,4,0.7777777777777778,0,0.6423357664233577,0.975609756097561,0.9051094890510949,0.7692307692307693,0.7567567567567568,11,0.8513513513513513,0.0,1,0,S1-316139240,S3-83306137,S3,1
0,0.8709677419354839,1.0,0.8709677419354839,0.75,0.7575757575757576,8,0.7714285714285715,0,0.8805970149253731,0.9696969696969697,0.8656716417910448,0.6923076923076923,0.7164179104477612,16,0.7866666666666666,1.0,1,0,S1-439731975,S3-257942996,S3,1
0,0.875,0.5833333333333334,0.5833333333333333,0.0,0.4666666666666667,2,0.92,0,0.7333333333333334,0.7333333333333333,0.7333333333333334,0.2857142857142857,0.5135135135135135,6,0.8181818181818182,0.0,1,0,S1-69884040,S3-463265029,S3,1
0,0.6666666666666667,1.0,0.9166666666666665,0.75,0.6296296296296297,4,0.8461538461538461,0,0.902654867256637,0.9696969696969697,0.8849557522123894,0.75,0.8070175438596491,11,0.8225806451612904,0.0,1,0,S1-901197845,S3-235635099,S3,1
0,0.7792207792207794,0.8831168831168832,0.8831168831168832,0.6,0.5869565217391305,1,0.9743589743589743,0,0.8085106382978724,0.9047619047619048,0.8297872340425532,0.6153846153846154,0.6666666666666666,2,0.9583333333333334,1.0,1,0,S1-285012185,S2-391274310,S2,1
0,0.9090909090909091,1.0,0.9090909090909091,0.6666666666666666,0.8181818181818182,4,0.8333333333333334,0,0.7865168539325843,0.8314606741573033,0.7640449438202246,0.5384615384615384,0.5272727272727272,5,0.8936170212765957,1.0,1,0,S1-812724093,S3-974449869,S3,1
0,0.9056603773584907,0.7924528301886792,0.7924528301886792,0.3333333333333333,0.5806451612903226,1,0.9629629629629629,0,0.8285714285714285,0.9454545454545454,0.8285714285714285,0.5555555555555556,0.6097560975609756,12,0.7073170731707317,0.5,1,0,S1-161263836,S2-676706867,S2,1
0,0.75,1.0,0.875,0.75,0.68,6,0.7777777777777778,0,0.904109589041096,1.0,0.904109589041096,0.6666666666666666,0.6896551724137931,7,0.825,0.5,1,0,S1-930595552,S2-580742710,S2,1
0,0.9032258064516128,0.903225806451613,0.9032258064516128,0.3333333333333333,0.42105263157894735,1,0.9375,0,0.9032258064516128,1.0,1.0,1.0,0.8666666666666667,0,1.0,1.0,1,0,S1-884951634,S2-756890548,S2,1
0,0.5862068965517242,1.0,0.5862068965517242,0.5,0.38461538461538464,24,0.4146341463414634,1,1.0,1.0,1.0,1.0,1.0,0,1.0,1.0,1,0,S1-184711707,S3-227993796,S3,1
0,0.875,0.5416666666666666,0.5416666666666667,0.0,0.4666666666666667,2,0.92,1,1.0,1.0,1.0,1.0,1.0,0,1.0,1.0,1,0,S1-959515512,S2-734734237,S2,1
0,0.9428571428571427,0.942857142857143,0.9428571428571427,0.6,0.6923076923076923,2,0.9444444444444444,0,0.620253164556962,1.0,0.9367088607594937,1.0,0.8933333333333333,10,0.8809523809523809,1.0,1,0,S1-370499178,S2-339435606,S2,1
1,1.0,1.0,1.0,1.0,1.0,0,1.0,0,0.5,0.8,0.54,0.3125,0.23529411764705882,28,0.5625,0.6666666666666666,1,0,S1-211311074,S3-254275834,S3,1
0,0.84,1.0,0.84,0.75,0.7037037037037037,8,0.7241379310344828,0,0.9219858156028369,0.9743589743589743,0.9078014184397163,0.8,0.8115942028985508,11,0.8552631578947368,1.0,1,0,S1-760534485,S3-508664791,S3,1
0,0.96,0.96,0.76,0.6,0.9166666666666666,0,1.0,0,0.923076923076923,0.8307692307692308,0.8307692307692307,0.5,0.6944444444444444,3,0.9117647058823529,1.0,1,0,S1-79209786,S3-285547874,S3,1
0,0.6842105263157895,1.0,0.6842105263157895,0.6666666666666666,0.4782608695652174,12,0.52,0,0.7142857142857143,0.75,0.6071428571428572,0.25,0.35135135135135137,2,0.9310344827586207,0.0,1,0,S1-780987024,S3-965138866,S3,1
0,0.11111111111111116,0.11428571428571431,0.11111111111111116,0.0,0.0,2,0.9459459459459459,0,0.9559748427672956,0.9655172413793103,0.9308176100628931,0.7857142857142857,0.875,3,0.9629629629629629,0.3333333333333333,1,0,S1-766867380,S2-111002913,S2,1
0,0.926829268292683,0.926829268292683,0.926829268292683,0.6,0.5416666666666666,1,0.9523809523809523,0,0.40449438202247184,0.84,0.4719101123595506,0.25,0.2923076923076923,31,0.48333333333333334,0.0,1,0,S1-984040127,S3-553628393,S3,1
0,0.8076923076923077,0.6923076923076923,0.6923076923076923,0.0,0.4117647058823529,6,0.7931034482758621,1,1.0,1.0,1.0,1.0,1.0,0,1.0,1.0,1,0,S1-544034399,S2-860132466,S2,1
0,0.9411764705882352,1.0,0.9411764705882352,0.8,0.8823529411764706,4,0.8888888888888888,0,0.923076923076923,1.0,0.923076923076923,0.8333333333333334,0.7941176470588235,5,0.8571428571428571,1.0,1,0,S1-567556029,S2-648854945,S2,1
0,0.5384615384615384,1.0,0.5384615384615384,0.25,0.29411764705882354,12,0.3684210526315789,1,1.0,1.0,1.0,1.0,1.0,0,1.0,1.0,1,0,S1-33538646,S3-391405352,S3,1
1,1.0,1.0,1.0,1.0,1.0,0,1.0,0,0.8985507246376812,0.8985507246376812,0.8985507246376812,0.42857142857142855,0.7105263157894737,3,0.9166666666666666,1.0,1,0,S1-510655706,S3-445101592,S3,1
1,1.0,1.0,1.0,1.0,1.0,0,1.0,0,0.8943089430894308,0.9391304347826087,0.878048780487805,0.6666666666666666,0.803030303030303,1,0.9838709677419355,1.0,1,0,S1-698332871,S3-379638642,S3,1
1,1.0,1.0,1.0,1.0,1.0,0,1.0,0,0.864321608040201,0.9294117647058823,0.8442211055276381,0.6842105263157895,0.7115384615384616,1,0.99,0.6666666666666666,1,0,S1-732378812,S3-660768002,S3,1
0,0.6976744186046511,1.0,0.6976744186046511,0.5,0.5,13,0.5357142857142857,1,1.0,1.0,1.0,1.0,1.0,0,1.0,1.0,1,0,S1-889136192,S2-738154441,S2,1
0,0.814814814814815,0.5185185185185186,0.5185185185185186,0.0,0.35294117647058826,1,0.9285714285714286,0,0.962962962962963,0.9629629629629629,0.962962962962963,0.6666666666666666,0.7241379310344828,2,0.9285714285714286,1.0,1,0,S1-223061499,S2-659077882,S2,1
1,1.0,1.0,1.0,1.0,1.0,0,1.0,0,0.9014084507042255,0.9661016949152542,0.8873239436619719,0.8,0.8333333333333334,4,0.9452054794520548,1.0,1,0,S1-182997083,S3-969850475,S3,1
0,0.9523809523809522,1.0,0.9523809523809522,0.8,0.9032258064516129,3,0.9090909090909091,0,0.0,0.0,0.0,0.0,0.0,70,0.0,0.0,1,0,S1-554113730,S2-140279383,S2,1
0,0.6976744186046511,1.0,0.6976744186046511,0.5,0.5,13,0.5357142857142857,0,0.676923076923077,0.6842105263157895,0.5846153846153845,0.3333333333333333,0.2708333333333333,15,0.625,1.0,1,0,S1-609582645,S2-326063813,S2,1
0,0.8,1.0,0.8,0.5,0.5714285714285714,3,0.6666666666666666,0,0.951048951048951,0.9774436090225563,0.951048951048951,0.8461538461538461,0.9041095890410958,7,0.9066666666666666,1.0,1,0,S1-445314702,S3-746593557,S3,1
0,0.9387755102040817,1.0,0.9387755102040817,0.75,0.875,3,0.8846153846153846,0,0.90625,0.9454545454545454,0.90625,0.6666666666666666,0.7575757575757576,6,0.8285714285714286,1.0,1,0,S1-934463264,S3-700024961,S3,1
0,0.8571428571428572,0.8571428571428571,0.8571428571428572,0.25,0.55,3,0.8421052631578947,0,0.5205479452054795,0.904109589041096,0.904109589041096,0.5555555555555556,0.5681818181818182,3,0.9210526315789473,1.0,1,0,S1-958363335,S3-675593015,S3,1
0,0.875,1.0,0.875,0.75,0.75,4,0.7777777777777778,0,0.8936170212765957,0.9069767441860465,0.8936170212765957,0.6666666666666666,0.7307692307692307,0,1.0,1.0,1,0,S1-9877145,S3-183561943,S3,1
0,0.8656716417910448,0.9259259259259259,0.8656716417910448,0.6,0.7272727272727273,9,0.7631578947368421,0,0.9850746268656717,0.9850746268656717,0.9850746268656717,0.6666666666666666,0.8787878787878788,1,0.9705882352941176,1.0,1,0,S1-396683965,S2-277702800,S2,1
1,1.0,1.0,1.0,1.0,1.0,0,1.0,0,0.9117647058823529,0.9117647058823529,0.9117647058823529,0.625,0.6842105263157895,4,0.8888888888888888,0.0,1,0,S1-386324108,S2-761952921,S2,1
0,0.1333333333333333,0.1578947368421052,0.1333333333333333,0.0,0.0,1,0.9565217391304348,1,1.0,1.0,1.0,1.0,1.0,0,1.0,1.0,1,0,S1-761443623,S2-134626528,S2,1
0,0.8085106382978724,0.9047619047619048,0.8085106382978724,0.5714285714285714,0.7391304347826086,10,0.8076923076923077,0,0.8055555555555556,0.8055555555555556,0.75,0.3,0.5454545454545454,6,0.8461538461538461,0.0,1,0,S1-197681275,S3-794405737,S3,1
0,0.8125,0.8125,0.8125,0.25,0.47368421052631576,4,0.7777777777777778,0,0.5333333333333333,0.9743589743589743,0.8666666666666667,0.6666666666666666,0.62,10,0.8,1.0,1,0,S1-663912018,S2-879028525,S2,1
0,0.92,1.0,0.92,0.75,0.84,4,0.8518518518518519,0,0.5319148936170213,0.7234042553191489,0.7234042553191489,0.15384615384615385,0.423728813559322,2,0.9583333333333334,0.0,1,0,S1-524889042,S3-649320065,S3,1
0,0.9433962264150944,1.0,0.9433962264150944,0.75,0.92,3,0.8928571428571429,0,0.8571428571428572,0.8571428571428571,0.8571428571428572,0.42857142857142855,0.65,2,0.9444444444444444,1.0,1,0,S1-371896212,S3-503244997,S3,1
0,0.8709677419354839,1.0,0.8709677419354839,0.75,0.7575757575757576,8,0.7714285714285715,0,0.878048780487805,0.9090909090909091,0.878048780487805,0.7692307692307693,0.7301587301587301,3,0.9523809523809523,1.0,1,0,S1-960597007,S3-838147641,S3,1
0,0.75,1.0,0.75,0.5,0.5,4,0.6,0,0.8529411764705883,0.8529411764705883,0.8529411764705883,0.5,0.6410256410256411,6,0.8378378378378378,1.0,1,0,S1-124049535,S3-429899965,S3,1
1,1.0,1.0,1.0,1.0,1.0,0,1.0,0,0.9466666666666668,1.0,0.9466666666666668,0.9333333333333333,0.8648648648648649,8,0.8987341772151899,1.0,1,0,S1-897305540,S2-424992715,S2,1
0,0.4705882352941176,0.4705882352941177,0.4705882352941176,0.0,0.08333333333333333,9,0.3076923076923077,0,0.6923076923076923,0.6923076923076923,0.6666666666666667,0.2727272727272727,0.30357142857142855,10,0.7727272727272727,0.0,1,0,S1-774744605,S3-379747171,S3,1
0,0.9491525423728814,0.9491525423728814,0.9491525423728814,0.6,0.71875,1,0.9666666666666667,0,0.5454545454545454,0.9577464788732394,0.8409090909090909,0.7272727272727273,0.5769230769230769,14,0.7254901960784313,1.0,1,0,S1-840539125,S3-413007933,S3,1
1,1.0,1.0,1.0,1.0,1.0,0,1.0,0,0.8235294117647058,0.9411764705882354,0.9411764705882352,0.6666666666666666,0.6785714285714286,3,0.8888888888888888,1.0,1,0,S1-33611613,S2-373363932,S2,1
0,0.9285714285714286,0.8461538461538461,0.8571428571428572,0.4,0.6428571428571429,2,0.8666666666666667,0,0.6666666666666667,0.9333333333333332,0.9333333333333332,0.5,0.5555555555555556,2,0.9354838709677419,1.0,1,0,S1-625875062,S2-346989887,S2,1
0,0.9333333333333332,0.9333333333333332,0.9333333333333332,0.6,0.75,4,0.875,0,0.62,1.0,0.92,0.8571428571428571,0.7307692307692307,8,0.8518518518518519,1.0,1,0,S1-418075458,S2-1034321,S2,1
1,1.0,1.0,1.0,1.0,1.0,0,1.0,0,0.8333333333333335,0.8333333333333333,0.8333333333333335,0.375,0.6,2,0.9354838709677419,1.0,1,0,S1-658329288,S3-699100474,S3,1
0,0.9032258064516128,0.903225806451613,0.7419354838709676,0.6666666666666666,0.5882352941176471,0,1.0,0,0.7766990291262136,0.961038961038961,0.7572815533980582,0.6363636363636364,0.625,23,0.6349206349206349,1.0,1,0,S1-681949432,S3-688903386,S3,1
1,1.0,1.0,1.0,1.0,1.0,0,1.0,0,0.3689320388349514,0.7906976744186046,0.4271844660194175,0.17647058823529413,0.18292682926829268,47,0.37333333333333335,0.3333333333333333,1,0,S1-634909644,S3-318058217,S3,1
0,0.8571428571428572,1.0,0.8571428571428572,0.6666666666666666,0.7142857142857143,4,0.75,0,0.8115942028985508,0.9433962264150944,0.8115942028985508,0.4444444444444444,0.5476190476190477,13,0.6829268292682927,0.5,1,0,S1-257628490,S2-133963876,S2,1
1,1.0,1.0,1.0,1.0,1.0,0,1.0,0,0.8235294117647058,0.8947368421052632,0.8235294117647058,0.5,0.5666666666666667,9,0.7,0.0,1,0,S1-381493537,S2-490597610,S2,1
0,0.95,0.95,0.95,0.6,0.7142857142857143,0,1.0,0,0.8705882352941177,0.8732394366197183,0.8235294117647058,0.5454545454545454,0.6530612244897959,5,0.8888888888888888,0.0,1,0,S1-34791877,S2-755642989,S2,1
0,0.8484848484848484,0.6060606060606061,0.6060606060606061,0.0,0.5263157894736842,3,0.8333333333333334,0,0.8857142857142857,0.8857142857142857,0.8857142857142857,0.5555555555555556,0.65,2,0.9444444444444444,1.0,1,0,S1-777144550,S3-494947330,S3,1
0,0.6808510638297872,0.851063829787234,0.851063829787234,0.6,0.3870967741935484,1,0.9583333333333334,0,0.56,0.96,0.96,0.7142857142857143,0.6428571428571429,2,0.9230769230769231,1.0,1,0,S1-143883138,S3-449039178,S3,1
0,0.7222222222222221,0.8571428571428571,0.6666666666666667,0.5,0.5238095238095238,4,0.8,0,0.0,0.0,0.0,0.0,0.0,32,0.0,0.0,1,0,S1-973120640,S3-618457065,S3,1
0,0.8064516129032258,0.9354838709677419,0.9354838709677421,0.6,0.6470588235294118,4,0.8787878787878788,0,0.6918238993710691,0.9690721649484536,0.6918238993710691,0.47368421052631576,0.46938775510204084,49,0.5288461538461539,0.3333333333333333,1,0,S1-293541341,S3-126326808,S3,1
0,0.92,1.0,0.92,0.75,0.84,4,0.8518518518518519,0,0.5151515151515151,0.8571428571428571,0.8181818181818181,0.5714285714285714,0.525,2,0.9411764705882353,0.0,1,0,S1-912730736,S3-110626945,S3,1
0,0.8181818181818181,1.0,1.0,1.0,0.8181818181818182,0,1.0,0,0.8787878787878788,0.8787878787878788,0.8787878787878788,0.3333333333333333,0.6486486486486487,2,0.9411764705882353,1.0,1,0,S1-979848436,S3-53302880,S3,1
0,0.7945205479452055,1.0,0.7945205479452055,0.5,0.65,15,0.6590909090909091,0,0.8928571428571429,1.0,1.0,1.0,0.7931034482758621,0,1.0,1.0,1,0,S1-422289339,S3-26312400,S3,1
0,0.09090909090909094,0.1,0.09090909090909094,0.0,0.0,2,0.9411764705882353,0,0.7701149425287358,1.0,0.9655172413793103,1.0,0.935064935064935,6,0.9333333333333333,1.0,1,0,S1-422268340,S2-438027357,S2,1
0,0.7469879518072289,0.923076923076923,0.7951807228915662,0.7142857142857143,0.5957446808510638,5,0.8863636363636364,0,0.9538461538461537,0.9538461538461539,0.9538461538461537,0.7142857142857143,0.7941176470588235,3,0.9117647058823529,1.0,1,0,S1-955433405,S2-760006183,S2,1
0,0.8571428571428572,1.0,0.8571428571428572,0.75,0.7142857142857143,4,0.75,0,0.9180327868852458,0.9433962264150944,0.9180327868852458,0.6666666666666666,0.8333333333333334,5,0.8484848484848485,1.0,1,0,S1-692161076,S3-217980645,S3,1
0,0.9090909090909091,0.9090909090909091,0.9090909090909091,0.6,0.53125,1,0.9642857142857143,0,0.7777777777777779,0.7777777777777777,0.7777777777777779,0.2222222222222222,0.5581395348837209,8,0.8,0.0,1,0,S1-190235756,S3-620211082,S3,1
0,0.6440677966101696,1.0,0.8135593220338984,0.75,0.5882352941176471,11,0.6857142857142857,0,0.7741935483870968,0.8709677419354839,0.8709677419354839,0.5,0.5263157894736842,2,0.9375,1.0,1,0,S1-255030577,S3-272033933,S3,1
0,0.7307692307692308,1.0,1.0,1.0,0.7142857142857143,0,1.0,0,0.8923076923076922,0.9454545454545454,0.8923076923076922,0.6666666666666666,0.7428571428571429,7,0.8055555555555556,1.0,1,0,S1-141050813,S3-331972879,S3,1
0,0.8235294117647058,1.0,0.8235294117647058,0.5,0.625,3,0.7,0,0.5675675675675675,0.9538461538461539,0.9189189189189189,0.6666666666666666,0.6829268292682927,6,0.85,1.0,1,0,S1-781378465,S3-660370652,S3,1
0,0.7868852459016393,0.8888888888888888,0.8852459016393442,0.6,0.5833333333333334,1,0.967741935483871,0,0.9387755102040817,0.9662921348314607,0.9387755102040817,0.7777777777777778,0.8367346938775511,6,0.8846153846153846,1.0,1,0,S1-901836981,S3-697309597,S3,1
0,0.9655172413793103,0.9655172413793103,0.9655172413793103,0.6666666666666666,0.7931034482758621,0,1.0,0,0.9428571428571427,0.9523809523809524,0.9428571428571427,0.7777777777777778,0.8333333333333334,4,0.8918918918918919,1.0,1,0,S1-71053974,S2-38121720,S2,1
0,0.9090909090909091,1.0,0.9090909090909091,0.6666666666666666,0.8181818181818182,4,0.8333333333333334,0,0.8620689655172413,0.9361702127659575,0.8620689655172413,0.6666666666666666,0.7586206896551724,8,0.7575757575757576,1.0,1,0,S1-213056729,S3-853321112,S3,1
0,0.6333333333333333,0.8085106382978724,0.6333333333333333,0.6,0.4,4,0.875,0,0.923076923076923,1.0,0.923076923076923,0.875,0.8695652173913043,7,0.8571428571428571,1.0,1,0,S1-323816150,S2-252603748,S2,1
0,0.9090909090909091,1.0,0.9090909090909091,0.75,0.8214285714285714,5,0.8333333333333334,0,0.7090909090909091,0.967741935483871,0.8181818181818181,0.8,0.7962962962962963,4,0.9298245614035088,1.0,1,0,S1-33006825,S3-328593802,S3,1
0,0.875,1.0,0.875,0.6666666666666666,0.75,4,0.7777777777777778,0,0.9069767441860467,0.9459459459459459,0.9069767441860467,0.6666666666666666,0.723404255319149,8,0.8297872340425532,1.0,1,0,S1-196460713,S2-268625813,S2,1
0,0.9259259259259259,1.0,0.9259259259259259,0.75,0.8461538461538461,4,0.8620689655172413,0,0.7608695652173914,0.826086956521739,0.8043478260869565,0.3,0.543859649122807,12,0.7692307692307693,0.0,1,0,S1-317716690,S3-349859794,S3,1
0,0.8387096774193549,1.0,0.8387096774193549,0.6666666666666666,0.6875,5,0.7222222222222222,0,0.7755102040816326,0.8979591836734694,0.8979591836734694,0.42857142857142855,0.45161290322580644,5,0.8148148148148148,1.0,1,0,S1-407704425,S2-310565366,S2,1
0,0.7333333333333334,1.0,1.0,1.0,0.8064516129032258,0,1.0,1,1.0,1.0,1.0,1.0,1.0,0,1.0,1.0,1,0,S1-501121895,S2-456186521,S2,1
1,1.0,1.0,1.0,1.0,1.0,0,1.0,0,0.8085106382978724,0.8085106382978724,0.6808510638297872,0.42857142857142855,0.4827586206896552,7,0.7407407407407407,0.5,1,0,S1-707347495,S2-827313926,S2,1
0,0.5925925925925926,0.5925925925925926,0.5925925925925926,0.0,0.28205128205128205,8,0.7419354838709677,0,0.8571428571428572,0.9156626506024097,0.8351648351648352,0.6,0.7291666666666666,1,0.9782608695652174,0.0,1,0,S1-916884490,S2-977569538,S2,1
0,0.8947368421052632,1.0,0.8947368421052632,0.6666666666666666,0.7894736842105263,4,0.8095238095238095,0,0.9375,0.9473684210526315,0.9375,0.6666666666666666,0.84375,4,0.8823529411764706,1.0,1,0,S1-176126068,S2-822910754,S2,1
0,0.7894736842105263,0.7894736842105263,0.7894736842105263,0.0,0.4782608695652174,0,1.0,0,0.6363636363636364,0.9696969696969697,0.9696969696969697,0.7142857142857143,0.6944444444444444,2,0.9411764705882353,1.0,1,0,S1-305449743,S2-149254306,S2,1
1,1.0,1.0,1.0,1.0,1.0,0,1.0,0,0.7323943661971832,0.7636363636363636,0.5915492957746479,0.5,0.425531914893617,3,0.918918918918919,1.0,1,0,S1-803076388,S2-601480240,S2,1
0,0.8695652173913043,1.0,0.8695652173913043,0.6666666666666666,0.7272727272727273,3,0.7692307692307693,0,0.75,0.75,0.75,0.2,0.3953488372093023,6,0.8285714285714286,0.0,1,0,S1-531051733,S3-150587635,S3,1
0,0.48275862068965514,0.8571428571428571,0.7241379310344827,0.6,0.42105263157894735,2,0.9333333333333333,0,0.6304347826086957,0.7142857142857143,0.7608695652173914,0.3,0.3269230769230769,0,1.0,0.3333333333333333,1,0,S1-631896758,S2-235413556,S2,1
0,0.6666666666666667,1.0,0.6666666666666667,0.5,0.46875,17,0.5,1,1.0,1.0,1.0,1.0,1.0,0,1.0,1.0,1,0,S1-325466730,S2-404831294,S2,1
1,1.0,1.0,1.0,1.0,1.0,0,1.0,0,0.9673202614379085,1.0,0.9673202614379085,0.8571428571428571,0.9452054794520548,5,0.9367088607594937,1.0,1,0,S1-606780842,S2-635773817,S2,1
0,0.7605633802816901,0.9859154929577465,0.9859154929577465,0.6,0.7631578947368421,1,0.9722222222222222,0,0.9859154929577465,1.0,1.0,1.0,1.0,0,1.0,1.0,1,0,S1-273335668,S2-814046768,S2,1
0,0.9565217391304348,0.9565217391304348,0.9565217391304348,0.7142857142857143,0.7567567567567568,1,0.9714285714285714,0,0.0,0.0,0.0,0.0,0.0,32,0.0,0.0,1,0,S1-870768719,S3-554277460,S3,1
0,0.7719298245614035,1.0,0.7719298245614035,0.6666666666666666,0.6060606060606061,13,0.6285714285714286,0,0.923076923076923,0.923076923076923,0.8,0.625,0.6944444444444444,3,0.9117647058823529,1.0,1,0,S1-78539587,S2-34542225,S2,1
0,0.9130434782608696,0.9130434782608695,0.9130434782608696,0.6,0.68,4,0.84,0,0.9419354838709677,0.9790209790209791,0.9419354838709677,0.8666666666666667,0.8625,9,0.8902439024390244,1.0,1,0,S1-658865943,S3-681008294,S3,1
0,0.6666666666666667,1.0,1.0,1.0,0.6923076923076923,0,1.0,1,1.0,1.0,1.0,1.0,1.0,0,1.0,1.0,1,0,S1-976253545,S2-177155457,S2,1
0,0.8387096774193549,0.8387096774193549,0.8387096774193549,0.0,0.42105263157894735,1,0.9375,0,0.9014084507042255,1.0,0.9014084507042255,0.7142857142857143,0.7631578947368421,7,0.8205128205128205,1.0,1,0,S1-457659203,S2-12331327,S2,1
0,0.9,1.0,0.9,0.75,0.8,4,0.8181818181818182,0,0.4077669902912622,0.9019607843137254,0.5048543689320388,0.2857142857142857,0.24358974358974358,47,0.37333333333333335,1.0,1,0,S1-393728449,S3-843998771,S3,1
0,0.7,0.8235294117647058,0.7,0.6,0.47368421052631576,0,1.0,0,0.9722222222222221,0.9722222222222223,0.9722222222222221,0.7142857142857143,0.8378378378378378,2,0.9459459459459459,1.0,1,0,S1-721496583,S2-91976818,S2,1
1,1.0,1.0,1.0,1.0,1.0,0,1.0,0,0.625,0.9090909090909091,0.875,0.6,0.5833333333333334,8,0.8181818181818182,1.0,1,0,S1-591990291,S2-530168358,S2,1
0,0.5777777777777777,0.8108108108108109,0.8,0.6,0.3225806451612903,1,0.9565217391304348,0,0.624,0.9900990099009901,0.96,0.8333333333333334,0.7894736842105263,1,0.9841269841269841,0.3333333333333333,1,0,S1-266590835,S2-91365822,S2,1
0,0.6,0.6666666666666665,0.6,0.3333333333333333,0.3,2,0.875,0,0.7272727272727273,0.7352941176470589,0.6363636363636364,0.5,0.4,2,0.9555555555555556,1.0,1,0,S1-264310741,S3-319005305,S3,1
0,0.9411764705882352,0.9411764705882354,0.9411764705882352,0.6,0.6666666666666666,0,1.0,0,0.8526315789473684,0.9555555555555556,0.9052631578947369,0.7647058823529411,0.8181818181818182,2,0.9791666666666666,1.0,1,0,S1-188107122,S3-981004511,S3,1
0,0.8571428571428572,1.0,0.8571428571428572,0.75,0.7333333333333333,8,0.75,0,0.9902912621359223,0.9902912621359223,0.9902912621359223,0.7777777777777778,0.9019607843137255,1,0.9807692307692307,1.0,1,0,S1-531260561,S2-161154046,S2,1
0,0.5714285714285714,0.72,0.5142857142857142,0.5,0.24,3,0.8421052631578947,0,0.47457627118644063,0.8813559322033899,0.8135593220338984,0.375,0.5277777777777778,3,0.9032258064516129,1.0,1,0,S1-655643231,S3-119358553,S3,1
0,0.9166666666666665,0.9166666666666667,0.5833333333333333,0.5,0.5384615384615384,0,1.0,0,0.7931034482758621,0.9387755102040817,0.896551724137931,0.6666666666666666,0.65625,6,0.8125,1.0,1,0,S1-51946744,S3-601660536,S3,1
0,0.75,1.0,1.0,1.0,0.7894736842105263,0,1.0,0,0.8695652173913043,0.9565217391304348,0.9565217391304348,0.7142857142857143,0.7105263157894737,3,0.9166666666666666,1.0,1,0,S1-606570030,S3-490661539,S3,1
1,1.0,1.0,1.0,1.0,1.0,0,1.0,1,1.0,1.0,1.0,1.0,1.0,0,1.0,1.0,1,1,S1-276468974,S2-188967485,S2,1
1,1.0,1.0,1.0,1.0,1.0,0,1.0,0,0.5862068965517242,1.0,1.0,1.0,0.8,0,1.0,1.0,1,0,S1-263287296,S2-730533433,S2,1
1,1.0,1.0,1.0,1.0,1.0,0,1.0,0,0.25316455696202533,0.6521739130434783,0.2784810126582279,0.12,0.09230769230769231,92,0.264,0.2,1,0,S1-24812978,S3-589149627,S3,1
0,0.1081081081081081,0.13333333333333328,0.1081081081081081,0.0,0.0,4,0.8974358974358975,0,0.9032258064516128,0.9285714285714286,0.8387096774193549,0.7857142857142857,0.7529411764705882,5,0.9375,1.0,1,0,S1-277382907,S3-446265810,S3,1
0,0.9565217391304348,0.9565217391304348,0.9565217391304348,0.6666666666666666,0.7567567567567568,1,0.9714285714285714,0,0.8,0.9019607843137254,0.8666666666666667,0.5,0.5135135135135135,4,0.875,0.2,1,0,S1-871939556,S2-156795505,S2,1
0,0.6666666666666667,1.0,1.0,1.0,0.7333333333333333,0,1.0,0,0.8205128205128205,1.0,0.8205128205128205,0.7142857142857143,0.725,14,0.6956521739130435,0.5,1,0,S1-768906139,S2-422635277,S2,1
1,1.0,1.0,1.0,1.0,1.0,0,1.0,0,0.8846153846153846,1.0,1.0,1.0,0.7777777777777778,0,1.0,1.0,1,0,S1-205977765,S2-756353666,S2,1
1,1.0,1.0,1.0,1.0,1.0,0,1.0,0,0.8888888888888888,0.8888888888888888,0.8888888888888888,0.3333333333333333,0.6923076923076923,1,0.975609756097561,0.0,1,0,S1-323089441,S3-69942830,S3,1
0,0.6486486486486487,1.0,0.6486486486486487,0.5,0.43478260869565216,13,0.48,0,0.6666666666666667,1.0,1.0,1.0,0.8235294117647058,0,1.0,1.0,1,0,S1-566820607,S2-290766078,S2,1
0,0.11111111111111116,0.125,0.11111111111111116,0.0,0.0,0,1.0,0,0.8141592920353982,0.9090909090909091,0.7964601769911505,0.5833333333333334,0.671875,1,0.9824561403508771,1.0,1,0,S1-277749597,S2-789125048,S2,1
0,0.923076923076923,1.0,0.923076923076923,0.8,0.8461538461538461,4,0.8571428571428571,0,0.6470588235294117,0.6764705882352942,0.6470588235294117,0.375,0.3333333333333333,0,1.0,1.0,1,0,S1-190677273,S3-403857676,S3,1
0,0.8636363636363636,0.6363636363636364,0.6363636363636364,0.0,0.48148148148148145,2,0.9130434782608695,0,0.9846153846153847,0.9846153846153847,0.9846153846153847,0.7142857142857143,0.8484848484848485,1,0.9696969696969697,0.0,1,0,S1-420402268,S2-557340688,S2,1
0,0.8311688311688311,1.0,0.8311688311688311,0.5714285714285714,0.6976744186046512,13,0.7111111111111111,1,1.0,1.0,1.0,1.0,1.0,0,1.0,1.0,1,0,S1-525752772,S3-643439540,S3,1
1,1.0,1.0,1.0,1.0,1.0,0,1.0,0,0.8674698795180723,1.0,0.8674698795180723,0.8333333333333334,0.7045454545454546,11,0.7659574468085106,0.0,1,0,S1-291561336,S2-255215503,S2,1
0,0.9047619047619048,1.0,0.9047619047619048,0.75,0.8095238095238095,4,0.8260869565217391,0,0.6666666666666667,1.0,1.0,1.0,0.8536585365853658,0,1.0,1.0,1,0,S1-413503764,S2-108137007,S2,1
0,0.6823529411764706,1.0,0.6823529411764706,0.5,0.4807692307692308,27,0.5178571428571429,0,0.8167938931297711,1.0,1.0,1.0,0.9076923076923077,0,1.0,1.0,1,0,S1-511659515,S3-819973495,S3,1
0,0.7761194029850746,0.9285714285714286,0.7761194029850746,0.6,0.7241379310344828,7,0.8108108108108109,0,0.0,0.0,0.0,0.0,0.0,41,0.0,0.0,1,0,S1-885331396,S2-964376376,S2,1
1,1.0,1.0,1.0,1.0,1.0,0,1.0,0,0.9259259259259259,0.9259259259259259,0.9259259259259259,0.42857142857142855,0.6666666666666666,4,0.8620689655172413,1.0,1,0,S1-165678465,S2-550799975,S2,1
0,0.8979591836734694,1.0,0.8979591836734694,0.75,0.8,5,0.8148148148148148,0,0.5185185185185186,1.0,0.9382716049382716,0.75,0.7380952380952381,5,0.8837209302325582,0.5,1,0,S1-847448304,S2-518757634,S2,1
0,0.8461538461538461,1.0,0.8461538461538461,0.75,0.7142857142857143,8,0.7333333333333333,0,0.9120879120879121,0.9811320754716981,0.9120879120879121,0.8823529411764706,0.8651685393258427,16,0.8383838383838383,1.0,1,0,S1-722711679,S3-823651385,S3,1
0,0.923076923076923,0.923076923076923,0.923076923076923,0.6,0.6,2,0.9259259259259259,0,0.8709677419354839,0.8709677419354839,0.8709677419354839,0.4444444444444444,0.5833333333333334,2,0.9375,1.0,1,0,S1-261993391,S2-10378499,S2,1
0,0.6190476190476191,0.7647058823529411,0.6190476190476191,0.5,0.35714285714285715,0,1.0,0,0.8125,0.8125,0.8125,0.2857142857142857,0.5384615384615384,0,1.0,0.0,1,0,S1-912259903,S3-58035658,S3,1
1,1.0,1.0,1.0,1.0,1.0,0,1.0,0,0.9032258064516128,0.903225806451613,0.9032258064516128,0.42857142857142855,0.75,0,1.0,1.0,1,0,S1-657805122,S3-228195977,S3,1
1,1.0,1.0,1.0,1.0,1.0,0,1.0,0,0.5822784810126582,0.7341772151898734,0.7088607594936708,0.3333333333333333,0.37735849056603776,1,0.975,1.0,1,0,S1-227627993,S3-666041636,S3,1
0,0.9032258064516128,0.903225806451613,0.9032258064516128,0.3333333333333333,0.5,1,0.9375,0,0.8115942028985508,0.9491525423728814,0.8985507246376812,0.7142857142857143,0.6666666666666666,7,0.8157894736842105,1.0,1,0,S1-372631763,S3-572156847,S3,1
0,0.13636363636363635,0.1428571428571429,0.13636363636363635,0.0,0.0,0,1.0,0,0.944,0.9827586206896552,0.944,0.7692307692307693,0.875,3,0.953125,0.75,1,0,S1-466912001,S2-822735891,S2,1
0,0.6,0.8,0.6,0.5,0.38461538461538464,2,0.9047619047619048,0,0.9491525423728814,0.9724770642201835,0.9491525423728814,0.8,0.8688524590163934,6,0.9032258064516129,1.0,1,0,S1-791183100,S3-121927309,S3,1
0,0.9375,0.9375,0.9375,0.5,0.5555555555555556,2,0.8823529411764706,0,0.9859154929577465,0.9859154929577465,0.9859154929577465,0.6666666666666666,0.9142857142857143,1,0.9722222222222222,1.0,1,0,S1-206571164,S2-28606955,S2,1
0,0.9538461538461537,1.0,0.9538461538461537,0.8,0.9333333333333333,3,0.9117647058823529,0,0.8307692307692307,0.9411764705882354,0.8307692307692307,0.5714285714285714,0.6052631578947368,11,0.7105263157894737,1.0,1,0,S1-943564975,S3-227147241,S3,1
0,0.875,1.0,0.875,0.6666666666666666,0.75,4,0.7777777777777778,0,0.6545454545454545,1.0,0.9090909090909091,0.8333333333333334,0.6451612903225806,5,0.8333333333333334,0.0,1,0,S1-5303877,S2-182785237,S2,1
0,0.5217391304347826,1.0,0.5217391304347826,0.5,0.4,11,0.35294117647058826,0,0.5,0.7352941176470589,0.7352941176470589,0.09090909090909091,0.30612244897959184,12,0.7,0.0,1,0,S1-89998985,S3-50422340,S3,1
0,0.11111111111111116,0.12,0.11111111111111116,0.0,0.0,2,0.9285714285714286,0,0.47328244274809156,0.8541666666666667,0.702290076335878,0.375,0.46835443037974683,21,0.7236842105263158,0.5,1,0,S1-520557149,S2-83729528,S2,1
0,0.9538461538461537,1.0,0.9538461538461537,0.8,0.9032258064516129,3,0.9117647058823529,0,0.9310344827586207,0.9310344827586207,0.9310344827586207,0.42857142857142855,0.5882352941176471,2,0.9333333333333333,0.0,1,0,S1-476148518,S2-209665546,S2,1
0,0.09375,0.1034482758620689,0.09375,0.0,0.0,2,0.9393939393939394,0,0.7213114754098361,0.8055555555555556,0.7049180327868853,0.4375,0.4057971014492754,14,0.7941176470588235,1.0,1,0,S1-166802680,S2-237765029,S2,1
0,0.8571428571428572,1.0,0.8571428571428572,0.75,0.875,6,0.8064516129032258,0,0.6075949367088608,0.8484848484848484,0.8101265822784811,0.5555555555555556,0.46938775510204084,3,0.926829268292683,0.5,1,0,S1-942406446,S3-215330352,S3,1
0,0.826086956521739,1.0,1.0,1.0,0.75,0,1.0,0,0.8450704225352113,0.9152542372881356,0.8450704225352113,0.5,0.5952380952380952,7,0.8205128205128205,0.5,1,0,S1-527359728,S2-137670139,S2,1
1,1.0,1.0,1.0,1.0,1.0,0,1.0,0,0.5757575757575757,0.9473684210526315,0.9090909090909091,0.6666666666666666,0.631578947368421,6,0.8333333333333334,1.0,1,0,S1-616029794,S3-51877061,S3,1
1,1.0,1.0,1.0,1.0,1.0,0,1.0,0,0.0,0.0,0.0,0.0,0.0,33,0.0,0.0,1,0,S1-814133607,S2-917343316,S2,1
0,0.5714285714285714,1.0,1.0,1.0,0.7777777777777778,0,1.0,0,0.896551724137931,0.896551724137931,0.896551724137931,0.5,0.6363636363636364,0,1.0,1.0,1,0,S1-596608722,S3-185995352,S3,1
0,0.18181818181818177,0.2424242424242425,0.24242424242424243,0.0,0.0,17,0.32,0,0.9148936170212765,0.9148936170212767,0.9148936170212765,0.5555555555555556,0.7647058823529411,8,0.8431372549019608,1.0,1,0,S1-149191073,S3-740607504,S3,1
0,0.7536231884057972,0.8985507246376812,0.8985507246376812,0.6666666666666666,0.5609756097560976,1,0.9714285714285714,0,0.9565217391304348,0.9891304347826088,0.9565217391304348,0.8888888888888888,0.87,5,0.9528301886792453,1.0,1,0,S1-422582968,S2-811729127,S2,1
0,0.5714285714285714,1.0,0.5714285714285714,0.3333333333333333,0.2857142857142857,6,0.4,0,0.0,0.0,0.0,0.0,0.0,46,0.0,0.0,1,0,S1-302180191,S2-268264885,S2,1
1,1.0,1.0,1.0,1.0,1.0,0,1.0,0,0.975609756097561,1.0,0.975609756097561,0.9411764705882353,0.9292929292929293,5,0.9523809523809523,1.0,1,0,S1-46082448,S2-851724896,S2,1
1,1.0,1.0,1.0,1.0,1.0,0,1.0,0,0.8108108108108109,0.8076923076923077,0.7297297297297297,0.4444444444444444,0.5217391304347826,12,0.7209302325581395,1.0,1,0,S1-735912861,S3-811422711,S3,1
0,0.8493150684931507,0.875,0.7671232876712328,0.5714285714285714,0.6428571428571429,1,0.972972972972973,0,0.5454545454545454,0.9565217391304348,0.5454545454545454,0.25,0.34782608695652173,60,0.375,0.0,1,0,S1-899891154,S3-715852173,S3,1
0,0.8,0.8955223880597015,0.88,0.7142857142857143,0.6136363636363636,1,0.9736842105263158,0,0.6461538461538461,0.9538461538461539,0.8615384615384616,0.6666666666666666,0.6052631578947368,3,0.9117647058823529,1.0,1,0,S1-710745336,S3-820704163,S3,1
0,0.6551724137931035,0.9310344827586207,0.9310344827586207,0.6,0.5882352941176471,4,0.8709677419354839,0,0.8852459016393442,0.9444444444444444,0.8852459016393442,0.6666666666666666,0.7575757575757576,8,0.8769230769230769,1.0,1,0,S1-935576790,S3-975099671,S3,1
0,0.75,1.0,0.75,0.6666666666666666,0.5555555555555556,8,0.6,0,0.8333333333333335,0.8333333333333333,0.8333333333333335,0.375,0.5882352941176471,2,0.9354838709677419,1.0,1,0,S1-318703652,S3-205088779,S3,1
0,0.7017543859649122,0.8771929824561403,0.8771929824561404,0.6,0.4722222222222222,1,0.9655172413793104,0,0.7692307692307692,0.9333333333333332,0.7272727272727273,0.5333333333333333,0.5949367088607594,31,0.6436781609195402,1.0,1,0,S1-688634742,S3-893782658,S3,1
0,0.7755102040816326,0.9047619047619048,0.7755102040816326,0.6,0.5517241379310345,3,0.8846153846153846,0,0.4,0.95,0.95,0.6,0.5,2,0.9047619047619048,1.0,1,0,S1-111060533,S3-85169665,S3,1
0,0.923076923076923,1.0,0.923076923076923,0.75,0.8461538461538461,4,0.8571428571428571,0,0.8,0.8461538461538461,0.7714285714285716,0.375,0.5348837209302325,10,0.75,1.0,1,0,S1-549081128,S3-519766030,S3,1
0,0.923076923076923,0.923076923076923,0.923076923076923,0.3333333333333333,0.5714285714285714,0,1.0,0,0.8571428571428572,0.8571428571428571,0.8571428571428572,0.2,0.4857142857142857,2,0.9310344827586207,0.0,1,0,S1-478554403,S2-376854755,S2,1
0,0.8181818181818181,1.0,0.8181818181818181,0.5,0.6666666666666666,8,0.6923076923076923,0,0.8932038834951457,1.0,0.8932038834951457,0.8,0.78,11,0.8070175438596491,1.0,1,0,S1-187252081,S2-468800806,S2,1
0,0.75,1.0,0.75,0.5,0.5813953488372093,18,0.6,0,0.9,1.0,1.0,1.0,0.8064516129032258,0,1.0,1.0,1,0,S1-836792421,S3-160004709,S3,1
0,0.9166666666666665,0.9166666666666667,0.6666666666666667,0.3333333333333333,0.5384615384615384,0,1.0,0,0.8857142857142857,0.8857142857142857,0.8857142857142857,0.5555555555555556,0.65,2,0.9444444444444444,1.0,1,0,S1-456603986,S3-600839600,S3,1
0,0.9130434782608696,1.0,0.9130434782608696,0.75,0.8260869565217391,4,0.84,0,0.0,0.0,0.0,0.0,0.0,35,0.0,0.0,1,0,S1-601319040,S2-9276560,S2,1
0,0.8823529411764706,1.0,0.8823529411764706,0.75,0.7647058823529411,4,0.7894736842105263,0,0.9315068493150684,1.0,0.9315068493150684,0.75,0.8157894736842105,5,0.8717948717948718,0.5,1,0,S1-698531062,S2-37820991,S2,1
0,0.8314606741573034,0.9135802469135803,0.8314606741573034,0.6666666666666666,0.6666666666666666,1,0.9777777777777777,0,0.9180327868852458,0.9482758620689655,0.901639344262295,0.6363636363636364,0.8709677419354839,0,1.0,0.0,1,0,S1-164155586,S3-662283209,S3,1
0,0.6415094339622642,0.41509433962264153,0.41509433962264153,0.0,0.2564102564102564,15,0.5588235294117647,0,0.7572815533980582,0.7572815533980582,0.7572815533980582,0.23076923076923078,0.44776119402985076,7,0.8727272727272727,0.3333333333333333,1,0,S1-256042493,S3-432079193,S3,1
0,0.8571428571428572,1.0,0.8571428571428572,0.6666666666666666,0.7142857142857143,4,0.75,0,0.9459459459459459,0.955223880597015,0.9459459459459459,0.7142857142857143,0.8648648648648649,4,0.8974358974358975,1.0,1,0,S1-802880515,S2-823974587,S2,1
1,1.0,1.0,1.0,1.0,1.0,0,1.0,0,0.7878787878787878,0.8333333333333333,0.6666666666666667,0.375,0.5,10,0.7368421052631579,1.0,1,0,S1-980221821,S3-642756567,S3,1
1,1.0,1.0,1.0,1.0,1.0,0,1.0,1,1.0,1.0,1.0,1.0,1.0,0,1.0,0.0,1,1,S1-715829078,S2-898529248,S2,1
1,1.0,1.0,1.0,1.0,1.0,0,1.0,0,0.6666666666666667,0.6388888888888888,0.6388888888888888,0.2222222222222222,0.3469387755102041,10,0.7560975609756098,0.0,1,0,S1-794894494,S3-5440914,S3,1
0,0.7272727272727273,1.0,1.0,1.0,0.5,0,1.0,0,0.6086956521739131,0.9382716049382717,0.9021739130434783,0.7333333333333333,0.71875,12,0.8775510204081632,1.0,1,0,S1-705315349,S2-322764352,S2,1
0,0.5384615384615384,0.7777777777777777,0.5384615384615384,0.5,0.2222222222222222,4,0.7333333333333333,0,0.0,0.0,0.0,0.0,0.0,41,0.0,0.0,1,0,S1-102345719,S2-560994418,S2,1
0,0.8181818181818181,1.0,0.8181818181818181,0.5,0.6666666666666666,8,0.6923076923076923,0,0.7628865979381443,0.9206349206349206,0.8041237113402062,0.6666666666666666,0.5283018867924528,17,0.7017543859649122,1.0,1,0,S1-551212769,S2-506112506,S2,1
0,0.7241379310344827,0.7586206896551724,0.7586206896551724,0.0,0.35,0,1.0,0,0.7843137254901962,0.7843137254901962,0.6666666666666667,0.25,0.34285714285714286,1,0.9615384615384616,0.5,1,0,S1-677218174,S2-657766626,S2,1
1,1.0,1.0,1.0,1.0,1.0,0,1.0,0,0.9142857142857143,0.9508196721311475,0.9142857142857143,0.7142857142857143,0.8333333333333334,6,0.8421052631578947,1.0,1,0,S1-383810390,S3-507623715,S3,1
0,0.6666666666666667,1.0,1.0,1.0,0.7272727272727273,0,1.0,0,0.0,0.0,0.0,0.0,0.0,34,0.0,0.0,1,0,S1-140281985,S2-804591095,S2,1
0,0.962962962962963,0.5925925925925926,0.5925925925925926,0.0,0.6428571428571429,1,0.9285714285714286,0,0.4918032786885246,0.9411764705882354,0.8852459016393442,0.6666666666666666,0.5833333333333334,7,0.7941176470588235,1.0,1,0,S1-431544872,S3-407057632,S3,1
0,0.8787878787878788,0.8787878787878788,0.8787878787878788,0.42857142857142855,0.6756756756756757,0,1.0,0,0.7289719626168225,0.9574468085106383,0.8411214953271028,0.8181818181818182,0.6557377049180327,3,0.9454545454545454,0.5,1,0,S1-454282819,S2-68989963,S2,1
0,0.9491525423728814,0.9491525423728814,0.9491525423728814,0.6,0.71875,1,0.9666666666666667,0,0.7727272727272727,1.0,0.7727272727272727,0.8,0.7142857142857143,10,0.6296296296296297,1.0,1,0,S1-52402650,S2-826360573,S2,1
0,0.923076923076923,1.0,0.923076923076923,0.75,0.8461538461538461,4,0.8571428571428571,0,0.88,1.0,0.88,0.8333333333333334,0.7692307692307693,6,0.7857142857142857,0.5,1,0,S1-307767174,S2-17444015,S2,1
0,0.8378378378378379,0.9393939393939393,0.8378378378378379,0.6,0.7297297297297297,4,0.8974358974358975,0,0.8051948051948052,0.907563025210084,0.8181818181818181,0.5882352941176471,0.654320987654321,8,0.9012345679012346,1.0,1,0,S1-93217003,S2-122268616,S2,1
0,0.8571428571428572,1.0,1.0,1.0,0.7931034482758621,0,1.0,0,0.8421052631578947,0.9508196721311475,0.8421052631578947,0.5555555555555556,0.6363636363636364,12,0.7272727272727273,0.5,1,0,S1-405589287,S3-182295598,S3,1
0,0.8333333333333335,1.0,0.8333333333333335,0.75,0.6923076923076923,8,0.7142857142857143,0,0.8409090909090909,0.847457627118644,0.8636363636363636,0.4444444444444444,0.5510204081632653,6,0.8723404255319149,0.0,1,0,S1-178440333,S3-496548401,S3,1
0,0.7142857142857143,1.0,1.0,1.0,0.6521739130434783,0,1.0,0,0.5833333333333333,1.0,0.9722222222222221,0.8571428571428571,0.7,2,0.9459459459459459,1.0,1,0,S1-904353803,S2-687111206,S2,1
0,0.1071428571428571,0.11538461538461534,0.1071428571428571,0.0,0.0,0,1.0,0,0.8604651162790699,1.0,0.8604651162790699,0.7142857142857143,0.7083333333333334,12,0.7551020408163265,1.0,1,0,S1-107028135,S2-440760587,S2,1
1,1.0,1.0,1.0,1.0,1.0,0,1.0,0,0.90625,0.90625,0.90625,0.5714285714285714,0.6216216216216216,4,0.8823529411764706,1.0,1,0,S1-930998406,S2-187276363,S2,1
0,0.9259259259259259,1.0,0.9259259259259259,0.75,0.8518518518518519,4,0.8620689655172413,0,0.8354430379746836,0.9523809523809524,0.8354430379746836,0.625,0.6511627906976745,13,0.717391304347826,1.0,1,0,S1-477321272,S3-947839618,S3,1
0,0.8979591836734694,0.8979591836734694,0.8979591836734694,0.6,0.6071428571428571,1,0.96,0,0.5901639344262295,0.8524590163934427,0.8524590163934427,0.42857142857142855,0.5833333333333334,3,0.90625,1.0,1,0,S1-270897923,S3-183922807,S3,1
0,0.835820895522388,1.0,0.835820895522388,0.6,0.7027027027027027,11,0.717948717948718,1,1.0,1.0,1.0,1.0,1.0,0,1.0,1.0,1,0,S1-272973833,S2-794660602,S2,1
1,1.0,1.0,1.0,1.0,1.0,0,1.0,0,0.9850746268656717,0.9850746268656717,0.9850746268656717,0.8461538461538461,0.9090909090909091,2,0.9705882352941176,0.6,1,0,S1-82449581,S2-112899334,S2,1
0,0.6857142857142857,0.8571428571428571,0.8,0.5,0.4666666666666667,6,0.8421052631578947,0,0.8307692307692307,0.9183673469387754,0.8,0.6153846153846154,0.6716417910447762,10,0.8571428571428571,1.0,1,0,S1-830741863,S2-967530975,S2,1
0,0.33333333333333337,1.0,0.33333333333333337,0.2,0.14814814814814814,24,0.2,0,0.6363636363636364,1.0,1.0,1.0,0.8181818181818182,0,1.0,1.0,1,0,S1-863815673,S3-940267485,S3,1
0,0.8275862068965517,0.689655172413793,0.6896551724137931,0.0,0.3888888888888889,1,0.9333333333333333,0,0.8181818181818181,0.8235294117647058,0.8181818181818181,0.3333333333333333,0.5121951219512195,6,0.8333333333333334,0.5,1,0,S1-257891788,S3-5060090,S3,1
0,0.12903225806451613,0.14814814814814808,0.12903225806451613,0.0,0.0,0,1.0,0,0.546875,1.0,0.546875,0.6363636363636364,0.48484848484848486,58,0.3763440860215054,0.75,1,0,S1-93726789,S2-930368548,S2,1
0,0.09090909090909094,0.1,0.09090909090909094,0.0,0.0,2,0.9411764705882353,0,0.6607142857142857,1.0,0.7678571428571428,0.6363636363636364,0.5362318840579711,26,0.6231884057971014,1.0,1,0,S1-760657363,S2-693567468,S2,1
0,0.9166666666666665,0.9166666666666667,0.9166666666666665,0.5,0.5714285714285714,0,1.0,0,0.3392857142857143,0.6341463414634146,0.4285714285714286,0.11764705882352941,0.12631578947368421,56,0.3333333333333333,0.3333333333333333,1,0,S1-674779819,S3-710365262,S3,1
0,0.5454545454545454,0.7272727272727272,0.6818181818181819,0.6,0.2903225806451613,2,0.9130434782608695,0,0.8288288288288288,1.0,0.8108108108108109,0.6923076923076923,0.7457627118644068,9,0.85,0.5,1,0,S1-15702810,S3-221346848,S3,1
1,1.0,1.0,1.0,1.0,1.0,0,1.0,0,0.9210526315789473,0.955223880597015,0.9210526315789473,0.75,0.7894736842105263,6,0.8536585365853658,1.0,1,0,S1-2307259,S3-617830819,S3,1
0,0.22857142857142854,0.22857142857142862,0.22857142857142854,0.0,0.0,13,0.4583333333333333,0,0.5925925925925926,0.8266666666666667,0.6111111111111112,0.5,0.42424242424242425,20,0.6875,1.0,1,0,S1-764150920,S2-5966366,S2,1
0,0.48,1.0,0.48,0.3333333333333333,0.23529411764705882,13,0.3157894736842105,0,0.43609022556390975,0.8571428571428571,0.8571428571428572,0.5333333333333333,0.5492957746478874,1,0.9850746268656716,0.6,1,0,S1-471905136,S3-818005278,S3,1
0,0.7333333333333334,1.0,1.0,1.0,0.625,0,1.0,0,0.88,0.96,0.96,0.7142857142857143,0.7692307692307693,3,0.9230769230769231,1.0,1,0,S1-6232617,S3-806345133,S3,1
0,0.7837837837837838,1.0,0.7837837837837838,0.6666666666666666,0.627906976744186,16,0.6444444444444445,1,1.0,1.0,1.0,1.0,1.0,0,1.0,1.0,1,0,S1-238826231,S3-77632149,S3,1
0,0.7796610169491526,0.8679245283018868,0.7796610169491526,0.6,0.4166666666666667,9,0.7352941176470589,0,0.5423728813559322,0.847457627118644,0.847457627118644,0.375,0.375,5,0.84375,1.0,1,0,S1-752581484,S2-30440640,S2,1
1,1.0,1.0,1.0,1.0,1.0,0,1.0,0,0.9189189189189189,0.9558823529411765,0.9054054054054054,0.6923076923076923,0.8266666666666667,6,0.922077922077922,1.0,1,0,S1-579542801,S3-157204631,S3,1
0,0.11538461538461542,0.125,0.11538461538461542,0.0,0.0,2,0.9259259259259259,0,0.6222222222222222,0.9714285714285714,0.9481481481481482,0.8181818181818182,0.7538461538461538,7,0.9014084507042254,1.0,1,0,S1-910659934,S3-962148856,S3,1
1,1.0,1.0,1.0,1.0,1.0,0,1.0,0,0.7777777777777779,0.8620689655172414,0.8333333333333335,0.625,0.6190476190476191,6,0.8461538461538461,1.0,1,0,S1-553509144,S3-588286161,S3,1
0,0.92,1.0,0.92,0.6666666666666666,0.875,4,0.8518518518518519,1,1.0,1.0,1.0,1.0,1.0,0,1.0,1.0,1,0,S1-989989835,S2-897240469,S2,1
0,0.8717948717948718,0.8717948717948718,0.8717948717948718,0.5,0.7619047619047619,8,0.813953488372093,0,0.681081081081081,0.9411764705882354,0.8972972972972972,0.7777777777777778,0.7623762376237624,5,0.9473684210526315,0.8333333333333334,1,0,S1-949546876,S3-36773960,S3,1
1,1.0,1.0,1.0,1.0,1.0,0,1.0,0,0.7244094488188977,0.8932038834951456,0.7874015748031495,0.5,0.589041095890411,3,0.9538461538461539,1.0,1,0,S1-92296769,S3-147342229,S3,1
0,0.7272727272727273,0.826086956521739,0.6909090909090909,0.375,0.45714285714285713,1,0.9642857142857143,0,0.9375,0.9571428571428571,0.925,0.7647058823529411,0.8831168831168831,0,1.0,1.0,1,0,S1-415679281,S3-112050925,S3,1
0,0.7419354838709676,1.0,1.0,1.0,0.8125,0,1.0,0,0.6935483870967742,0.8842105263157894,0.8225806451612903,0.42857142857142855,0.5333333333333333,6,0.9076923076923077,1.0,1,0,S1-67413509,S2-481328837,S2,1
0,0.8405797101449275,0.9508196721311475,0.8405797101449275,0.6,0.7105263157894737,5,0.8648648648648649,0,0.0,0.0,0.0,0.0,0.0,58,0.0,0.0,1,0,S1-327731304,S3-236985523,S3,1
1,1.0,1.0,1.0,1.0,1.0,0,1.0,0,0.9552238805970148,0.955223880597015,0.9552238805970148,0.6666666666666666,0.8484848484848485,3,0.9142857142857143,1.0,1,0,S1-688524446,S2-150715610,S2,1
0,0.8378378378378379,0.9253731343283582,0.8378378378378379,0.6666666666666666,0.6666666666666666,2,0.9473684210526315,0,0.9323308270676691,0.9724770642201835,0.8872180451127821,0.8181818181818182,0.8412698412698413,9,0.8732394366197183,0.0,1,0,S1-695359749,S3-823467353,S3,1
0,0.7083333333333333,1.0,1.0,1.0,0.8260869565217391,0,1.0,0,0.0,0.0,0.0,0.0,0.0,39,0.0,0.0,1,0,S1-9172181,S3-393350642,S3,1
1,1.0,1.0,1.0,1.0,1.0,0,1.0,0,0.6268656716417911,0.9473684210526315,0.8955223880597015,0.6666666666666666,0.6153846153846154,7,0.8108108108108109,1.0,1,0,S1-89911089,S3-305458942,S3,1
0,0.9302325581395349,1.0,0.9302325581395349,0.75,0.8571428571428571,3,0.8695652173913043,0,0.39669421487603307,0.9333333333333332,0.3801652892561983,0.1875,0.2087912087912088,73,0.24742268041237114,0.0,1,0,S1-333546710,S3-714527784,S3,1
0,0.8947368421052632,1.0,0.8947368421052632,0.6666666666666666,0.7894736842105263,4,0.8095238095238095,0,0.6349206349206349,0.9206349206349206,0.9206349206349206,0.5,0.5833333333333334,3,0.9090909090909091,1.0,1,0,S1-307473555,S2-116746566,S2,1
1,1.0,1.0,1.0,1.0,1.0,0,1.0,0,0.6229508196721312,0.65,0.5901639344262295,0.375,0.26666666666666666,7,0.7941176470588235,1.0,1,0,S1-773519942,S2-963231749,S2,1
0,0.12903225806451613,0.1428571428571429,0.12903225806451613,0.0,0.0,8,0.7714285714285715,0,0.9550561797752809,0.968944099378882,0.9550561797752809,0.6875,0.8651685393258427,4,0.9560439560439561,0.25,1,0,S1-20559742,S2-824845379,S2,1
0,0.4285714285714286,1.0,1.0,1.0,0.5,0,1.0,0,0.8387096774193549,0.9387755102040817,0.8387096774193549,0.6666666666666666,0.6571428571428571,10,0.7222222222222222,1.0,1,0,S1-826246185,S3-794796995,S3,1
0,0.96,0.96,0.76,0.6,0.9166666666666666,0,1.0,0,0.7549668874172185,0.9117647058823529,0.8211920529801324,0.631578947368421,0.7176470588235294,3,0.961038961038961,1.0,1,0,S1-585926630,S2-785403112,S2,1
1,1.0,1.0,1.0,1.0,1.0,0,1.0,0,0.7311827956989247,0.7727272727272728,0.7311827956989247,0.38461538461538464,0.5454545454545454,5,0.8979591836734694,0.0,1,0,S1-529527834,S3-567604418,S3,1
0,0.8333333333333335,0.967741935483871,0.8333333333333335,0.6,0.7878787878787878,8,0.8,0,0.88,0.96,0.96,0.7142857142857143,0.6136363636363636,3,0.9230769230769231,1.0,1,0,S1-336378138,S2-450280310,S2,1
0,0.9538461538461537,0.9538461538461539,0.9538461538461537,0.6666666666666666,0.6486486486486487,1,0.9696969696969697,0,0.9565217391304348,0.9565217391304348,0.9565217391304348,0.7142857142857143,0.8055555555555556,3,0.9166666666666666,1.0,1,0,S1-400994126,S2-913296899,S2,1
1,1.0,1.0,1.0,1.0,1.0,0,1.0,0,0.7719298245614035,0.7719298245614036,0.7719298245614035,0.2857142857142857,0.5588235294117647,1,0.9655172413793104,0.0,1,0,S1-967466826,S3-379166596,S3,1
0,0.9090909090909091,1.0,0.9090909090909091,0.75,0.8125,3,0.8333333333333334,0,0.6885245901639344,0.7213114754098361,0.7213114754098361,0.375,0.29545454545454547,7,0.7941176470588235,1.0,1,0,S1-736164692,S3-144042104,S3,1
0,0.4615384615384615,0.6666666666666665,0.4615384615384615,0.5,0.15789473684210525,2,0.8571428571428571,1,1.0,1.0,1.0,1.0,1.0,0,1.0,1.0,1,0,S1-501828044,S2-426580407,S2,1
1,1.0,1.0,1.0,1.0,1.0,0,1.0,1,1.0,1.0,1.0,1.0,1.0,0,1.0,1.0,1,1,S1-161453893,S2-586986728,S2,1
0,0.7777777777777779,1.0,0.7777777777777779,0.6,0.6129032258064516,12,0.6363636363636364,1,1.0,1.0,1.0,1.0,1.0,0,1.0,1.0,1,0,S1-109374060,S3-978208682,S3,1
0,0.8387096774193549,0.5161290322580645,0.5161290322580645,0.0,0.5,3,0.8235294117647058,0,0.9836065573770492,0.9836065573770492,0.9836065573770492,0.6666666666666666,0.8333333333333334,1,0.967741935483871,0.0,1,0,S1-806932052,S2-31287632,S2,1
0,0.8666666666666667,1.0,1.0,1.0,0.8333333333333334,0,1.0,0,0.8470588235294118,0.96,0.9176470588235294,0.75,0.7333333333333333,7,0.8478260869565217,1.0,1,0,S1-912866420,S3-67563836,S3,1
0,0.6206896551724138,0.9,0.6206896551724138,0.3333333333333333,0.38461538461538464,9,0.5263157894736842,0,0.4,0.9473684210526315,0.8,0.5,0.4791666666666667,15,0.6666666666666666,0.5,1,0,S1-634682940,S2-809209547,S2,1
1,1.0,1.0,1.0,1.0,1.0,0,1.0,0,0.5306122448979591,0.8367346938775511,0.8367346938775511,0.4166666666666667,0.5862068965517241,2,0.96,0.5,1,0,S1-41709865,S3-34189887,S3,1
0,0.8235294117647058,0.9655172413793103,0.8235294117647058,0.5,0.7741935483870968,10,0.7435897435897436,0,0.8620689655172413,0.8620689655172414,0.8620689655172413,0.42857142857142855,0.5882352941176471,2,0.9333333333333333,1.0,1,0,S1-29458063,S3-856968042,S3,1
0,0.25806451612903225,0.19354838709677424,0.19354838709677424,0.0,0.0,11,0.47619047619047616,0,0.8518518518518519,0.8888888888888888,0.8518518518518519,0.5,0.5,8,0.7419354838709677,0.0,1,0,S1-217800067,S2-947301140,S2,1
0,0.8695652173913043,0.7391304347826088,0.7391304347826086,0.0,0.5,2,0.9166666666666666,0,0.5306122448979591,0.926829268292683,0.8979591836734694,0.5,0.5,5,0.8148148148148148,0.0,1,0,S1-303136742,S2-776816663,S2,1
0,0.8571428571428572,0.8571428571428571,0.8571428571428572,0.5,0.6923076923076923,8,0.7948717948717948,0,0.48484848484848486,0.6415094339622641,0.6262626262626263,0.2,0.3,27,0.5714285714285714,0.3333333333333333,1,0,S1-137133318,S2-230588541,S2,1
1,1.0,1.0,1.0,1.0,1.0,0,1.0,0,0.839506172839506,0.84375,0.839506172839506,0.4444444444444444,0.6382978723404256,7,0.8409090909090909,0.5,1,0,S1-29180445,S3-555270649,S3,1
0,0.8235294117647058,1.0,1.0,1.0,0.8787878787878788,0,1.0,1,1.0,1.0,1.0,1.0,1.0,0,1.0,1.0,1,0,S1-84752451,S2-34912448,S2,1
1,1.0,1.0,1.0,1.0,1.0,0,1.0,0,0.6666666666666667,0.8181818181818181,0.8181818181818181,0.42857142857142855,0.55,2,0.9411764705882353,1.0,1,0,S1-678154755,S3-215094800,S3,1
1,1.0,1.0,1.0,1.0,1.0,0,1.0,0,0.6950354609929079,0.9661016949152542,0.851063829787234,0.8333333333333334,0.7323943661971831,11,0.8552631578947368,1.0,1,0,S1-821819130,S2-502222299,S2,1
0,0.8292682926829268,1.0,0.8292682926829268,0.6666666666666666,0.7142857142857143,7,0.7083333333333334,0,0.8311688311688311,0.8620689655172414,0.8051948051948052,0.375,0.6590909090909091,11,0.75,0.0,1,0,S1-85147732,S3-317962776,S3,1
0,0.10526315789473684,0.11320754716981128,0.10526315789473684,0.0,0.0,1,0.9655172413793104,0,0.7727272727272727,1.0,0.8939393939393939,0.9166666666666666,0.828125,0,1.0,1.0,1,0,S1-907430467,S2-586594326,S2,1
0,0.11538461538461542,0.13043478260869562,0.11538461538461542,0.0,0.0,2,0.9259259259259259,0,0.8117647058823529,1.0,1.0,1.0,0.9466666666666667,0,1.0,1.0,1,0,S1-508508795,S2-661310517,S2,1
1,1.0,1.0,1.0,1.0,1.0,0,1.0,0,0.7472527472527473,0.8358208955223881,0.7472527472527473,0.5833333333333334,0.5192307692307693,1,0.9782608695652174,0.6666666666666666,1,0,S1-176775084,S2-128214234,S2,1
0,0.6222222222222222,0.6222222222222222,0.6222222222222222,0.0,0.28125,13,0.5517241379310345,1,1.0,1.0,1.0,1.0,1.0,0,1.0,1.0,1,0,S1-39405438,S2-368263833,S2,1
1,1.0,1.0,1.0,1.0,1.0,0,1.0,0,0.5915492957746479,0.676056338028169,0.676056338028169,0.3333333333333333,0.3137254901960784,9,0.775,1.0,1,0,S1-317760314,S3-695861971,S3,1
0,0.9354838709677421,0.9354838709677419,0.9354838709677421,0.6,0.7575757575757576,4,0.8787878787878788,0,0.9772727272727273,0.9772727272727273,0.9772727272727273,0.7142857142857143,0.9069767441860465,0,1.0,0.0,1,0,S1-511804334,S2-792754740,S2,1
0,0.76,0.68,0.68,0.0,0.4375,8,0.7241379310344828,0,0.8974358974358975,0.8974358974358974,0.8974358974358975,0.5555555555555556,0.6818181818181818,2,0.95,1.0,1,0,S1-28195755,S3-450624531,S3,1
0,0.08333333333333337,0.08333333333333329,0.08333333333333337,0.0,0.0,2,0.8461538461538461,0,0.9874476987447699,1.0,0.9874476987447699,0.9090909090909091,0.9620253164556962,3,0.9752066115702479,1.0,1,0,S1-206007534,S2-423971590,S2,1
1,1.0,1.0,1.0,1.0,1.0,0,1.0,0,0.8421052631578947,0.8421052631578948,0.8421052631578947,0.3333333333333333,0.43243243243243246,1,0.9655172413793104,0.0,1,0,S1-107993979,S2-409179940,S2,1
0,0.6842105263157895,1.0,1.0,1.0,0.5454545454545454,0,1.0,0,0.9014084507042255,0.9206349206349206,0.9014084507042255,0.625,0.675,3,0.918918918918919,1.0,1,0,S1-280911401,S2-957425873,S2,1
0,0.8571428571428572,0.5142857142857143,0.5142857142857142,0.0,0.55,3,0.8421052631578947,0,0.78125,0.826086956521739,0.875,0.3333333333333333,0.4666666666666667,4,0.8823529411764706,1.0,1,0,S1-924499508,S3-649583945,S3,1
0,0.826086956521739,1.0,0.826086956521739,0.5,0.68,8,0.7037037037037037,0,0.9111111111111111,1.0,0.9111111111111111,0.875,0.7872340425531915,8,0.8367346938775511,1.0,1,0,S1-95131711,S2-343224369,S2,1
0,0.7333333333333334,1.0,0.7333333333333334,0.6,0.5555555555555556,16,0.5789473684210527,0,0.0,0.0,0.0,0.0,0.0,67,0.0,0.0,1,0,S1-459747995,S2-818376596,S2,1
0,0.9090909090909091,1.0,0.9090909090909091,0.75,0.8181818181818182,4,0.8333333333333334,0,0.6071428571428572,0.6071428571428572,0.6071428571428572,0.0,0.23809523809523808,2,0.9310344827586207,0.5,1,0,S1-423734688,S3-342252723,S3,1
1,1.0,1.0,1.0,1.0,1.0,0,1.0,0,0.9056603773584907,0.9056603773584905,0.9056603773584907,0.42857142857142855,0.6896551724137931,3,0.8928571428571429,1.0,1,0,S1-322055674,S3-689252319,S3,1
0,0.68,1.0,0.68,0.6,0.5,16,0.5151515151515151,0,0.8695652173913043,1.0,0.8695652173913043,0.7142857142857143,0.7105263157894737,9,0.7692307692307693,0.5,1,0,S1-278402374,S2-118456303,S2,1
0,0.9375,0.9375,0.9375,0.5,0.6470588235294118,0,1.0,0,0.8955223880597015,0.9850746268656717,0.9850746268656717,0.6666666666666666,0.7941176470588235,1,0.9705882352941176,0.0,1,0,S1-953669814,S2-778297843,S2,1
0,0.826086956521739,0.826086956521739,0.826086956521739,0.0,0.5555555555555556,8,0.7037037037037037,1,1.0,1.0,1.0,1.0,1.0,0,1.0,1.0,1,0,S1-776922619,S2-907774239,S2,1
1,1.0,1.0,1.0,1.0,1.0,0,1.0,0,0.5806451612903225,0.9705882352941176,0.7311827956989247,0.5,0.43548387096774194,23,0.603448275862069,0.5,1,0,S1-961361110,S3-481889168,S3,1
0,0.7575757575757575,1.0,1.0,1.0,0.8571428571428571,0,1.0,0,0.7909604519774011,0.9937106918238993,0.9943502824858758,0.7777777777777778,0.8888888888888888,1,0.9887640449438202,0.0,1,0,S1-80719270,S3-15163586,S3,1
0,0.6829268292682926,0.6829268292682927,0.6829268292682926,0.0,0.37037037037037035,13,0.5185185185185185,0,0.9428571428571427,0.9523809523809524,0.9428571428571427,0.75,0.8285714285714286,4,0.8918918918918919,1.0,1,0,S1-247055753,S2-5972031,S2,1
0,0.951219512195122,0.951219512195122,0.951219512195122,0.6666666666666666,0.6595744680851063,2,0.9523809523809523,0,0.6611570247933884,0.9380530973451328,0.8760330578512396,0.6923076923076923,0.6724137931034483,1,0.9836065573770492,1.0,1,0,S1-321782680,S3-980134839,S3,1
0,0.7027027027027026,1.0,0.7027027027027026,0.5,0.5,11,0.5416666666666666,0,0.9444444444444444,0.9444444444444444,0.9444444444444444,0.42857142857142855,0.7435897435897436,2,0.9459459459459459,1.0,1,0,S1-29414118,S3-509880896,S3,1
0,0.7659574468085107,0.6382978723404256,0.6382978723404256,0.0,0.4827586206896552,9,0.6785714285714286,0,0.9152542372881356,0.9411764705882354,0.9152542372881356,0.6666666666666666,0.7741935483870968,5,0.84375,1.0,1,0,S1-796519163,S3-37066017,S3,1
0,0.9,0.9642857142857143,0.9,0.6666666666666666,0.7666666666666667,4,0.875,1,1.0,1.0,1.0,1.0,1.0,0,1.0,1.0,1,0,S1-256721351,S2-876719993,S2,1
0,0.9583333333333335,0.9130434782608695,0.9166666666666665,0.5,0.7916666666666666,2,0.92,0,0.48275862068965514,0.7,0.6551724137931035,0.3333333333333333,0.3170731707317073,6,0.8125,0.3333333333333333,1,0,S1-745744072,S2-658483527,S2,1
1,1.0,1.0,1.0,1.0,1.0,0,1.0,0,0.4324324324324324,0.8148148148148148,0.7567567567567568,0.45454545454545453,0.44680851063829785,10,0.7619047619047619,0.3333333333333333,1,0,S1-175467667,S3-469492228,S3,1
0,0.08450704225352113,0.11320754716981128,0.08450704225352113,0.0,0.0,5,0.868421052631579,0,0.5225225225225225,0.9090909090909091,0.4864864864864865,0.45454545454545453,0.28,51,0.37037037037037035,1.0,1,0,S1-108741324,S2-228724548,S2,1
0,0.826086956521739,0.8421052631578948,0.826086956521739,0.5,0.5555555555555556,2,0.9166666666666666,0,0.8471615720524016,1.0,0.9868995633187773,0.9545454545454546,0.9052631578947369,3,0.9741379310344828,1.0,1,0,S1-835982922,S3-859396011,S3,1
0,0.9473684210526316,0.9473684210526315,0.9473684210526316,0.6,0.5454545454545454,2,0.9,0,0.804878048780488,0.8888888888888888,0.804878048780488,0.5833333333333334,0.6595744680851063,2,0.9523809523809523,1.0,1,0,S1-413198791,S2-418169642,S2,1
0,0.4242424242424242,1.0,0.4242424242424242,0.25,0.20833333333333334,19,0.2692307692307692,0,0.9,1.0,1.0,1.0,0.8064516129032258,0,1.0,1.0,1,0,S1-202703179,S3-23762720,S3,1
0,0.6274509803921569,1.0,0.9019607843137255,1.0,0.6538461538461539,5,0.8214285714285714,0,0.0,0.0,0.0,0.0,0.0,61,0.0,0.0,1,0,S1-876327241,S3-449051352,S3,1
0,0.85,1.0,0.85,0.5,0.75,6,0.7391304347826086,0,0.6857142857142857,0.7714285714285714,0.7714285714285716,0.2222222222222222,0.32,10,0.75,1.0,1,0,S1-65702065,S3-776359303,S3,1
1,1.0,1.0,1.0,1.0,1.0,0,1.0,0,0.6829268292682926,0.8865979381443299,0.8292682926829268,0.5714285714285714,0.5735294117647058,1,0.9838709677419355,1.0,1,0,S1-403246856,S3-765271199,S3,1
0,0.6222222222222222,0.35555555555555557,0.3555555555555555,0.0,0.3333333333333333,17,0.45161290322580644,0,0.9,1.0,0.9,0.8333333333333334,0.8292682926829268,8,0.8181818181818182,0.0,1,0,S1-970323940,S2-782424736,S2,1
0,0.8461538461538461,1.0,0.8461538461538461,0.75,0.6923076923076923,4,0.7333333333333333,0,0.8918918918918919,0.9523809523809524,0.8648648648648648,0.5714285714285714,0.75,8,0.8048780487804879,1.0,1,0,S1-53528794,S3-198741171,S3,1
0,0.8484848484848484,0.9375,0.9393939393939393,0.5714285714285714,0.7222222222222222,2,0.9411764705882353,0,0.9090909090909091,0.9473684210526315,0.9090909090909091,0.6666666666666666,0.8484848484848485,6,0.8333333333333334,1.0,1,0,S1-750705664,S3-859263234,S3,1
0,0.8888888888888888,1.0,0.8888888888888888,0.75,0.7692307692307693,3,0.8,0,0.875,0.875,0.875,0.25,0.41935483870967744,4,0.8461538461538461,0.0,1,0,S1-78615518,S2-489702427,S2,1
0,0.9047619047619048,1.0,0.9047619047619048,0.6666666666666666,0.8095238095238095,4,0.8260869565217391,0,0.8,0.84,0.84,0.375,0.36363636363636365,2,0.9230769230769231,1.0,1,0,S1-810755505,S2-979798833,S2,1
0,0.7142857142857143,1.0,0.7142857142857143,0.6,0.5294117647058824,16,0.5555555555555556,0,0.6927374301675977,0.9291338582677166,0.6703910614525139,0.46153846153846156,0.5135135135135135,39,0.6422018348623854,0.5,1,0,S1-594810215,S3-185437584,S3,1
0,0.96,0.9166666666666667,0.92,0.5,0.8,2,0.9230769230769231,1,1.0,1.0,1.0,1.0,1.0,0,1.0,1.0,1,0,S1-748255989,S2-497385693,S2,1
1,1.0,1.0,1.0,1.0,1.0,0,1.0,0,0.6428571428571428,0.9387755102040817,0.9285714285714286,0.7142857142857143,0.6774193548387096,4,0.8666666666666667,1.0,1,0,S1-265568163,S2-548004068,S2,1
1,1.0,1.0,1.0,1.0,1.0,0,1.0,0,0.9508196721311475,0.9508196721311475,0.9508196721311475,0.7142857142857143,0.78125,3,0.90625,1.0,1,0,S1-403666099,S2-107646582,S2,1
0,0.08695652173913049,0.09230769230769226,0.08695652173913049,0.0,0.0,3,0.9166666666666666,0,0.6728971962616823,1.0,0.9719626168224299,0.9090909090909091,0.8367346938775511,3,0.9454545454545454,1.0,1,0,S1-231051286,S3-919408191,S3,1
0,0.9577464788732395,0.9577464788732394,0.9577464788732395,0.6,0.717948717948718,1,0.9722222222222222,0,0.8333333333333335,0.8709677419354839,0.8333333333333335,0.625,0.6585365853658537,2,0.9459459459459459,0.0,1,0,S1-911212874,S3-665815481,S3,1
0,0.814814814814815,0.8148148148148148,0.5925925925925926,0.3333333333333333,0.4375,3,0.8,0,0.9552238805970148,0.955223880597015,0.9552238805970148,0.6666666666666666,0.8529411764705882,3,0.9142857142857143,1.0,1,0,S1-48203229,S3-498143365,S3,1
0,0.826086956521739,1.0,0.826086956521739,0.6666666666666666,0.68,8,0.7037037037037037,0,0.0,0.0,0.0,0.0,0.0,103,0.0,0.0,1,0,S1-497062329,S2-607128764,S2,1
0,0.8888888888888888,0.4074074074074074,0.4074074074074075,0.0,0.5625,2,0.9285714285714286,0,0.9310344827586207,0.9310344827586207,0.8620689655172413,0.5714285714285714,0.6363636363636364,2,0.9333333333333333,1.0,1,0,S1-989914393,S2-793669699,S2,1
0,0.5714285714285714,0.75,0.5714285714285714,0.5,0.3103448275862069,2,0.9090909090909091,0,0.49230769230769234,0.8,0.7076923076923076,0.4444444444444444,0.37209302325581395,5,0.8571428571428571,0.5,1,0,S1-372395022,S2-425117147,S2,1
1,1.0,1.0,1.0,1.0,1.0,0,1.0,0,0.9302325581395349,1.0,0.9302325581395349,0.8,0.8620689655172413,12,0.8695652173913043,0.0,1,0,S1-931382952,S2-148180124,S2,1
0,0.9523809523809522,0.9523809523809524,0.9523809523809522,0.5,0.7272727272727273,0,1.0,0,0.96,0.96,0.96,0.6666666666666666,0.7037037037037037,2,0.9230769230769231,1.0,1,0,S1-926135554,S2-981772708,S2,1
1,1.0,1.0,1.0,1.0,1.0,0,1.0,0,0.59375,0.875,0.875,0.4444444444444444,0.5789473684210527,4,0.8823529411764706,0.6666666666666666,1,0,S1-678919813,S3-772633318,S3,1
0,0.9259259259259259,0.9259259259259259,0.9259259259259259,0.6,0.7241379310344828,4,0.8620689655172413,0,0.9482758620689655,0.9724770642201835,0.9482758620689655,0.8181818181818182,0.896551724137931,4,0.9333333333333333,1.0,1,0,S1-337059920,S3-754370530,S3,1
0,0.08823529411764708,0.09375,0.08823529411764708,0.0,0.0,2,0.9428571428571428,0,0.5274725274725275,0.78125,0.5934065934065934,0.36363636363636365,0.41818181818181815,9,0.82,1.0,1,0,S1-434670037,S3-941569460,S3,1
1,1.0,1.0,1.0,1.0,1.0,0,1.0,0,0.8217054263565892,0.9743589743589743,0.8837209302325582,0.8571428571428571,0.7714285714285715,9,0.8695652173913043,1.0,1,0,S1-884809594,S3-513735972,S3,1
0,0.19354838709677424,0.19354838709677424,0.19354838709677424,0.0,0.0,7,0.631578947368421,0,0.78125,0.8846153846153847,0.78125,0.6666666666666666,0.6388888888888888,12,0.8285714285714286,1.0,1,0,S1-963531308,S3-622165938,S3,1
0,0.8235294117647058,1.0,0.8235294117647058,0.5,0.7058823529411765,6,0.7,0,0.8888888888888888,0.961038961038961,0.8888888888888888,0.7142857142857143,0.7551020408163265,10,0.8,1.0,1,0,S1-696482803,S3-412647181,S3,1
0,0.10526315789473684,0.11320754716981128,0.10526315789473684,0.0,0.0,1,0.9655172413793104,0,0.9411764705882352,0.9411764705882354,0.9176470588235294,0.6923076923076923,0.8356164383561644,8,0.9101123595505618,0.3333333333333333,1,0,S1-683502696,S3-260433395,S3,1
0,0.8372093023255813,0.8387096774193549,0.8372093023255813,0.5,0.6956521739130435,7,0.72,0,0.0,0.0,0.0,0.0,0.0,45,0.0,0.0,1,0,S1-227971109,S3-349732738,S3,1
0,0.9538461538461537,0.9538461538461539,0.9538461538461537,0.6,0.6944444444444444,1,0.9696969696969697,0,0.0,0.0,0.0,0.0,0.0,57,0.0,0.0,1,0,S1-716743711,S3-850591566,S3,1
1,1.0,1.0,1.0,1.0,1.0,0,1.0,1,1.0,1.0,1.0,1.0,1.0,0,1.0,1.0,1,1,S1-10833317,S2-247627162,S2,1
1,1.0,1.0,1.0,1.0,1.0,0,1.0,0,0.8774193548387097,0.9841269841269842,0.8774193548387097,0.7857142857142857,0.7894736842105263,15,0.8235294117647058,0.5,1,0,S1-828266079,S2-464831817,S2,1
1,1.0,1.0,1.0,1.0,1.0,0,1.0,0,0.4242424242424242,0.7083333333333333,0.696969696969697,0.25,0.37777777777777777,4,0.8857142857142857,0.0,1,0,S1-630584951,S3-942852970,S3,1
0,0.2142857142857143,0.2142857142857143,0.2142857142857143,0.0,0.0,14,0.3333333333333333,1,1.0,1.0,1.0,1.0,1.0,0,1.0,1.0,1,0,S1-785841276,S3-307371430,S3,1
0,0.125,0.13333333333333328,0.125,0.0,0.0,2,0.9393939393939394,0,0.9714285714285714,0.970873786407767,0.9714285714285714,0.8181818181818182,0.8947368421052632,4,0.9444444444444444,1.0,1,0,S1-573179121,S3-912442438,S3,1
0,0.923076923076923,0.923076923076923,0.923076923076923,0.5,0.6666666666666666,1,0.95,0,0.8169014084507044,0.8169014084507044,0.8169014084507044,0.4444444444444444,0.5952380952380952,13,0.6904761904761905,0.5,1,0,S1-832442914,S2-271680394,S2,1
0,0.0821917808219178,0.08955223880597017,0.0821917808219178,0.0,0.0,1,0.972972972972973,0,0.49295774647887325,1.0,0.8873239436619719,0.8333333333333334,0.8064516129032258,16,0.7974683544303798,1.0,1,0,S1-98392954,S2-559873713,S2,1
0,0.25,0.3,0.30000000000000004,0.0,0.058823529411764705,22,0.2903225806451613,0,0.6666666666666667,0.7466666666666667,0.7238095238095238,0.3076923076923077,0.4,11,0.8103448275862069,0.3333333333333333,1,0,S1-235453574,S3-238811723,S3,1
0,0.9130434782608696,1.0,0.9130434782608696,0.6666666666666666,0.8260869565217391,4,0.84,1,1.0,1.0,1.0,1.0,1.0,0,1.0,1.0,1,0,S1-571213294,S2-82587588,S2,1
0,0.92,1.0,0.92,0.75,0.84,4,0.8518518518518519,0,0.7733333333333333,0.903225806451613,0.8266666666666667,0.5555555555555556,0.5777777777777777,7,0.8292682926829268,0.6666666666666666,1,0,S1-475863298,S3-962080567,S3,1
1,1.0,1.0,1.0,1.0,1.0,0,1.0,0,0.0,0.0,0.0,0.0,0.0,36,0.0,0.0,1,0,S1-523067125,S2-555498289,S2,1
0,0.972972972972973,0.9729729729729729,0.972972972972973,0.5,0.7368421052631579,1,0.9473684210526315,0,0.9130434782608696,0.923076923076923,0.9130434782608696,0.6666666666666666,0.75,4,0.84,1.0,1,0,S1-769720092,S2-594548395,S2,1
0,0.6470588235294117,1.0,1.0,1.0,0.5789473684210527,0,1.0,0,0.64,1.0,1.0,1.0,0.7037037037037037,0,1.0,1.0,1,0,S1-271276171,S2-723455233,S2,1
0,0.7727272727272727,0.5,0.5,0.0,0.48148148148148145,10,0.6296296296296297,0,0.8,0.8301886792452831,0.8,0.375,0.5,8,0.7948717948717948,0.5,1,0,S1-879204537,S3-624202190,S3,1
0,0.8461538461538461,1.0,0.8461538461538461,0.75,0.7142857142857143,8,0.7333333333333333,0,0.8983050847457628,1.0,0.8983050847457628,0.8888888888888888,0.8571428571428571,12,0.8153846153846154,1.0,1,0,S1-173014114,S2-634147128,S2,1
0,0.5641025641025641,0.7096774193548387,0.5641025641025641,0.25,0.4,13,0.5,0,0.6888888888888889,0.8285714285714286,0.6888888888888889,0.5,0.509090909090909,8,0.8367346938775511,0.8333333333333334,1,0,S1-796223998,S2-624174608,S2,1
0,0.8695652173913043,0.43478260869565216,0.43478260869565216,0.0,0.5,2,0.9166666666666666,0,0.7924528301886792,0.9056603773584905,0.9056603773584907,0.42857142857142855,0.48484848484848486,3,0.8928571428571429,1.0,1,0,S1-583957624,S2-905242161,S2,1
1,1.0,1.0,1.0,1.0,1.0,0,1.0,0,0.923076923076923,0.923076923076923,0.923076923076923,0.42857142857142855,0.7878787878787878,3,0.9117647058823529,0.0,1,0,S1-491893703,S2-639712365,S2,1
0,0.7441860465116279,0.9142857142857143,0.8372093023255813,0.5,0.56,5,0.7916666666666666,0,0.42307692307692313,0.7547169811320755,0.4807692307692307,0.2222222222222222,0.25675675675675674,38,0.4647887323943662,0.5,1,0,S1-87833060,S3-287800593,S3,1
0,0.878048780487805,0.7804878048780488,0.7804878048780488,0.0,0.4230769230769231,1,0.9523809523809523,0,0.9655172413793103,0.9655172413793103,0.9655172413793103,0.7142857142857143,0.7419354838709677,0,1.0,1.0,1,0,S1-663502219,S2-346823435,S2,1
0,0.9090909090909091,0.9090909090909091,0.9090909090909091,0.6,0.6,2,0.9130434782608695,0,0.7741935483870968,0.8181818181818181,0.7741935483870968,0.375,0.48717948717948717,10,0.7222222222222222,1.0,1,0,S1-761985783,S3-53860177,S3,1
0,0.8,0.4888888888888889,0.48888888888888893,0.0,0.4642857142857143,5,0.8,1,1.0,1.0,1.0,1.0,1.0,0,1.0,1.0,1,0,S1-197957551,S2-357224841,S2,1
0,0.13043478260869568,0.1578947368421052,0.13043478260869568,0.0,0.0,2,0.9166666666666666,0,0.7192982456140351,1.0,0.8947368421052632,0.8181818181818182,0.7454545454545455,0,1.0,1.0,1,0,S1-485689307,S2-966813378,S2,1
0,0.08163265306122447,0.08888888888888885,0.08163265306122447,0.0,0.0,3,0.8846153846153846,0,0.6153846153846154,1.0,0.7521367521367521,0.7142857142857143,0.6129032258064516,19,0.7205882352941176,0.0,1,0,S1-381079292,S2-951878608,S2,1
1,1.0,1.0,1.0,1.0,1.0,0,1.0,0,0.8099173553719008,0.8264462809917356,0.8099173553719008,0.42857142857142855,0.5797101449275363,3,0.9516129032258065,0.0,1,0,S1-369521056,S3-292114478,S3,1
0,0.85,0.65,0.65,0.0,0.44,2,0.9047619047619048,1,1.0,1.0,1.0,1.0,1.0,0,1.0,1.0,1,0,S1-748207936,S2-331043927,S2,1
0,0.8181818181818181,1.0,0.8181818181818181,0.6666666666666666,0.6363636363636364,4,0.6923076923076923,0,0.8928571428571429,0.9361702127659575,0.8928571428571429,0.6666666666666666,0.7857142857142857,6,0.8064516129032258,1.0,1,0,S1-996398157,S3-469521001,S3,1
0,0.7222222222222221,0.7222222222222223,0.5,0.5,0.3333333333333333,0,1.0,0,0.962962962962963,0.9629629629629629,0.962962962962963,0.8,0.8333333333333334,3,0.9285714285714286,1.0,1,0,S1-754925019,S2-259698083,S2,1
0,0.7241379310344827,0.8,0.6896551724137931,0.3333333333333333,0.4594594594594595,4,0.8709677419354839,0,0.8101265822784811,0.8571428571428571,0.8101265822784811,0.4,0.5106382978723404,15,0.6808510638297872,1.0,1,0,S1-242175101,S2-775196888,S2,1
0,0.975609756097561,0.975609756097561,0.975609756097561,0.5,0.9473684210526315,1,0.9523809523809523,0,0.9354838709677421,1.0,0.9354838709677421,0.8333333333333334,0.8709677419354839,4,0.8787878787878788,0.5,1,0,S1-700096530,S2-347845201,S2,1
0,0.2162162162162162,0.21621621621621628,0.2162162162162162,0.0,0.03125,25,0.1935483870967742,0,0.8674698795180723,0.8918918918918919,0.8674698795180723,0.625,0.717391304347826,1,0.9761904761904762,0.5,1,0,S1-828088697,S3-128314530,S3,1
0,0.8372093023255813,0.8387096774193549,0.8372093023255813,0.5,0.6956521739130435,7,0.72,0,0.4444444444444444,0.8108108108108109,0.4444444444444444,0.3333333333333333,0.2413793103448276,37,0.3728813559322034,0.3333333333333333,1,0,S1-752442435,S3-341204110,S3,1
0,0.5714285714285714,0.5714285714285715,0.5714285714285714,0.0,0.14285714285714285,0,1.0,0,0.9589041095890412,0.9589041095890412,0.9589041095890412,0.7142857142857143,0.8648648648648649,3,0.9210526315789473,1.0,1,0,S1-492424522,S3-461129080,S3,1
0,0.7777777777777779,1.0,1.0,1.0,0.6842105263157895,0,1.0,0,0.45714285714285713,0.8285714285714286,0.8285714285714285,0.42857142857142855,0.5714285714285714,4,0.8918918918918919,1.0,1,0,S1-117183923,S3-347803454,S3,1
0,0.9615384615384616,0.9615384615384616,0.9615384615384616,0.6,0.7142857142857143,2,0.9259259259259259,0,0.6274509803921569,0.9710982658959537,0.9117647058823529,0.7894736842105263,0.8080808080808081,2,0.9805825242718447,0.6666666666666666,1,0,S1-155505370,S2-628067531,S2,1
0,0.6785714285714286,0.5357142857142857,0.5357142857142857,0.0,0.3076923076923077,14,0.6,0,0.8724832214765101,1.0,0.9664429530201343,0.8333333333333334,0.8955223880597015,1,0.9866666666666667,1.0,1,0,S1-364147773,S3-96658851,S3,1
0,0.6857142857142857,0.7142857142857143,0.6857142857142857,0.375,0.38636363636363635,16,0.627906976744186,0,0.9297297297297298,0.9700598802395209,0.9081081081081082,0.85,0.8369565217391305,7,0.9270833333333334,1.0,1,0,S1-654023743,S2-818500186,S2,1
0,0.7096774193548387,0.8709677419354839,0.7096774193548387,0.6666666666666666,0.5,0,1.0,0,0.7294117647058824,0.6352941176470588,0.6352941176470588,0.2727272727272727,0.3064516129032258,7,0.8478260869565217,1.0,1,0,S1-798878355,S3-574195280,S3,1
0,0.9090909090909091,1.0,0.9090909090909091,0.75,0.8181818181818182,4,0.8333333333333334,0,0.8985507246376812,0.9491525423728814,0.8985507246376812,0.7142857142857143,0.7567567567567568,7,0.8157894736842105,1.0,1,0,S1-349559668,S3-991773386,S3,1
0,0.9090909090909091,0.9090909090909091,0.9090909090909091,0.6,0.5384615384615384,0,1.0,0,0.4285714285714286,0.9285714285714286,0.6904761904761905,0.5,0.4117647058823529,20,0.6153846153846154,0.6666666666666666,1,0,S1-833727762,S3-642612299,S3,1
0,0.09302325581395354,0.10810810810810807,0.09302325581395354,0.0,0.0,3,0.8695652173913043,0,0.873015873015873,1.0,0.8412698412698413,0.9090909090909091,0.9230769230769231,2,0.96875,1.0,1,0,S1-885849843,S3-492670852,S3,1
0,0.9259259259259259,1.0,0.9259259259259259,0.8,0.8518518518518519,4,0.8620689655172413,0,0.9841269841269842,0.9841269841269842,0.9841269841269842,0.7142857142857143,0.84375,1,0.96875,1.0,1,0,S1-116496712,S2-42767813,S2,1
0,0.7671232876712328,1.0,0.7671232876712328,0.75,0.78125,17,0.6222222222222222,0,0.5964912280701755,0.948051948051948,0.9005847953216375,0.7222222222222222,0.711340206185567,9,0.9,1.0,1,0,S1-866081494,S3-204819092,S3,1
0,0.8666666666666667,1.0,0.8666666666666667,0.6666666666666666,0.7333333333333333,4,0.7647058823529411,0,0.7058823529411764,0.9803921568627452,0.9803921568627451,0.6666666666666666,0.6206896551724138,1,0.9615384615384616,1.0,1,0,S1-878006512,S2-787032524,S2,1
1,1.0,1.0,1.0,1.0,1.0,0,1.0,0,0.4615384615384615,0.9433962264150944,0.7692307692307692,0.5,0.525,9,0.7567567567567568,0.5,1,0,S1-493109121,S2-326752654,S2,1
0,0.8888888888888888,0.8888888888888888,0.8888888888888888,0.6,0.5769230769230769,1,0.9565217391304348,0,0.8524590163934427,0.8524590163934427,0.8524590163934427,0.42857142857142855,0.5833333333333334,5,0.8484848484848485,1.0,1,0,S1-518382246,S3-993726026,S3,1
0,0.923076923076923,0.6923076923076923,0.6923076923076923,0.2,0.6,0,1.0,0,0.5194805194805194,1.0,0.9090909090909091,0.7142857142857143,0.6590909090909091,7,0.8333333333333334,1.0,1,0,S1-711134007,S2-552218269,S2,1
0,0.4615384615384615,0.8717948717948718,0.8717948717948718,0.0,0.6666666666666666,3,0.8571428571428571,0,0.7575757575757575,0.76,0.7272727272727273,0.375,0.38636363636363635,4,0.8857142857142857,1.0,1,0,S1-118473493,S2-788682926,S2,1
0,0.6382978723404256,0.8108108108108109,0.6382978723404256,0.6,0.3870967741935484,3,0.88,0,0.9037037037037037,0.9682539682539683,0.9037037037037037,0.8571428571428571,0.8028169014084507,5,0.9285714285714286,0.5,1,0,S1-53226216,S2-54344989,S2,1
0,0.8363636363636364,0.9130434782608695,0.8363636363636364,0.5,0.6451612903225806,5,0.8333333333333334,0,0.7444444444444445,0.910569105691057,0.8222222222222222,0.6428571428571429,0.6351351351351351,12,0.875,0.0,1,0,S1-483519960,S3-736005592,S3,1
0,0.7027027027027026,1.0,0.7027027027027026,0.4444444444444444,0.5217391304347826,22,0.5416666666666666,0,0.6451612903225806,1.0,1.0,1.0,0.8125,0,1.0,1.0,1,0,S1-118852297,S3-910773173,S3,1
0,0.8444444444444444,1.0,0.8444444444444444,0.6666666666666666,0.7083333333333334,7,0.7307692307692307,0,0.5098039215686274,0.926829268292683,0.8627450980392157,0.5,0.5161290322580645,7,0.7586206896551724,0.0,1,0,S1-100890532,S2-571000986,S2,1
0,0.9696969696969697,0.9696969696969697,0.9696969696969697,0.6666666666666666,0.8235294117647058,0,1.0,0,0.7789473684210526,0.8,0.8,0.4166666666666667,0.4444444444444444,1,0.9791666666666666,0.5,1,0,S1-321165711,S3-239632838,S3,1
0,0.9375,0.9375,0.5,0.3333333333333333,0.6470588235294118,0,1.0,0,0.8732394366197183,0.9577464788732394,0.9577464788732395,0.7142857142857143,0.6578947368421053,3,0.918918918918919,1.0,1,0,S1-424780731,S2-771966224,S2,1
0,0.09999999999999998,0.1,0.09999999999999998,0.0,0.0,4,0.8181818181818182,0,0.46601941747572817,0.8,0.46601941747572817,0.2,0.2222222222222222,55,0.3037974683544304,0.3333333333333333,1,0,S1-826416824,S3-150273073,S3,1
1,1.0,1.0,1.0,1.0,1.0,0,1.0,0,0.9538461538461537,0.9538461538461539,0.9538461538461537,0.7142857142857143,0.8484848484848485,3,0.9117647058823529,1.0,1,0,S1-530676646,S2-253265719,S2,1
0,0.7540983606557377,0.4590163934426229,0.4590163934426229,0.0,0.46153846153846156,11,0.6944444444444444,0,0.813953488372093,0.8955223880597015,0.7906976744186046,0.4444444444444444,0.6,12,0.7551020408163265,0.0,1,0,S1-26281045,S3-720098829,S3,1
0,0.9285714285714286,1.0,0.9285714285714286,0.75,0.8518518518518519,4,0.8666666666666667,1,1.0,1.0,1.0,1.0,1.0,0,1.0,1.0,1,0,S1-194681690,S2-770142770,S2,1
0,0.8936170212765957,0.8936170212765957,0.8936170212765957,0.5,0.5384615384615384,1,0.9583333333333334,0,0.0,0.0,0.0,0.0,0.0,26,0.0,0.0,1,0,S1-853735708,S3-454084383,S3,1
0,0.6808510638297872,0.5106382978723404,0.5106382978723405,0.0,0.22857142857142856,9,0.6785714285714286,0,0.8918918918918919,0.9729729729729729,0.972972972972973,0.7142857142857143,0.7894736842105263,2,0.9473684210526315,1.0,1,0,S1-333441579,S3-509720288,S3,1
0,0.8627450980392157,0.8627450980392157,0.8627450980392157,0.5,0.6206896551724138,1,0.9615384615384616,0,0.8253968253968254,0.9841269841269842,0.9841269841269842,0.7142857142857143,0.6857142857142857,1,0.96875,0.0,1,0,S1-687647016,S2-953579753,S2,1
0,0.5909090909090908,0.6857142857142857,0.5909090909090908,0.3333333333333333,0.2692307692307692,8,0.6923076923076923,0,0.9824561403508771,0.9824561403508772,0.9824561403508771,0.6666666666666666,0.8214285714285714,1,0.9655172413793104,1.0,1,0,S1-280408882,S2-881967588,S2,1
0,0.6666666666666667,1.0,1.0,1.0,0.5384615384615384,0,1.0,0,0.7647058823529411,0.8529411764705883,0.8529411764705883,0.375,0.5238095238095238,6,0.8378378378378378,0.0,1,0,S1-475293295,S3-654980361,S3,1
0,0.76,1.0,0.76,0.8,0.5862068965517241,12,0.6129032258064516,0,0.9259259259259259,0.9259259259259259,0.9259259259259259,0.6666666666666666,0.7241379310344828,0,1.0,1.0,1,0,S1-216615080,S2-217407998,S2,1
0,0.875,1.0,0.875,0.75,0.75,4,0.7777777777777778,0,0.9411764705882352,0.976,0.9264705882352942,0.7692307692307693,0.8591549295774648,8,0.8888888888888888,1.0,1,0,S1-486715159,S3-623061771,S3,1
0,0.8461538461538461,1.0,0.8461538461538461,0.6666666666666666,0.6923076923076923,4,0.7333333333333333,1,1.0,1.0,1.0,1.0,1.0,0,1.0,1.0,1,0,S1-632674022,S2-79378669,S2,1
0,0.7777777777777779,1.0,0.7777777777777779,0.75,0.6129032258064516,12,0.6363636363636364,0,0.9306930693069306,1.0,0.9306930693069306,0.9130434782608695,0.9328358208955224,1,0.993421052631579,0.5,1,0,S1-979927512,S2-971154847,S2,1
0,0.8301886792452831,0.8301886792452831,0.8301886792452831,0.5,0.5806451612903226,1,0.9629629629629629,0,0.9242424242424242,1.0,0.9242424242424242,1.0,0.9508196721311475,10,0.8591549295774648,1.0,1,0,S1-603486693,S2-285377809,S2,1
0,0.8823529411764706,1.0,0.8823529411764706,0.6666666666666666,0.7647058823529411,4,0.7894736842105263,0,0.975,0.975,0.975,0.7142857142857143,0.9459459459459459,2,0.9512195121951219,1.0,1,0,S1-712187240,S3-545181614,S3,1
0,0.696969696969697,0.8484848484848484,0.8181818181818181,0.5,0.47619047619047616,2,0.9411764705882353,1,1.0,1.0,1.0,1.0,1.0,0,1.0,1.0,1,0,S1-312000463,S2-184964517,S2,1
0,0.7234042553191489,0.7234042553191489,0.7234042553191489,0.4,0.43333333333333335,11,0.6206896551724138,0,0.8888888888888888,1.0,0.8888888888888888,0.75,0.7380952380952381,9,0.8,0.5,1,0,S1-975805917,S2-669073521,S2,1
1,1.0,1.0,1.0,1.0,1.0,0,1.0,0,0.0,0.0,0.0,0.0,0.0,60,0.0,0.0,1,0,S1-416548125,S2-995488135,S2,1
1,1.0,1.0,1.0,1.0,1.0,0,1.0,0,0.8928571428571429,0.9690721649484536,0.875,0.7272727272727273,0.7666666666666667,12,0.8064516129032258,0.0,1,0,S1-478184014,S3-866599836,S3,1
0,0.7466666666666666,0.7466666666666667,0.7466666666666666,0.14285714285714285,0.42,1,0.9736842105263158,0,0.8396946564885497,1.0,0.9618320610687023,0.8181818181818182,0.8636363636363636,5,0.9264705882352942,1.0,1,0,S1-553860798,S2-300364783,S2,1
0,0.9285714285714286,1.0,0.9285714285714286,0.75,0.8571428571428571,4,0.8666666666666667,0,0.9552238805970148,0.955223880597015,0.9552238805970148,0.6666666666666666,0.8529411764705882,3,0.9142857142857143,1.0,1,0,S1-415296148,S3-285171372,S3,1
0,0.7027027027027026,1.0,0.7027027027027026,0.6666666666666666,0.5,11,0.5416666666666666,0,0.7916666666666665,0.7916666666666667,0.7916666666666665,0.3333333333333333,0.5172413793103449,4,0.8461538461538461,0.3333333333333333,1,0,S1-846810803,S3-48043508,S3,1
1,1.0,1.0,1.0,1.0,1.0,0,1.0,0,0.989010989010989,0.967032967032967,0.967032967032967,0.6666666666666666,0.9090909090909091,1,0.9782608695652174,1.0,1,0,S1-976578492,S2-200316083,S2,1
0,0.84375,0.8518518518518519,0.84375,0.5,0.6111111111111112,2,0.9393939393939394,0,0.7580645161290324,1.0,1.0,1.0,0.8888888888888888,0,1.0,1.0,1,0,S1-947804243,S2-546933179,S2,1
0,0.9666666666666667,0.9666666666666667,0.9666666666666667,0.6,0.75,2,0.9354838709677419,0,0.923076923076923,0.9454545454545454,0.923076923076923,0.7857142857142857,0.782608695652174,8,0.8840579710144928,0.5,1,0,S1-438605515,S3-767675710,S3,1
0,0.8852459016393442,0.9019607843137254,0.8852459016393442,0.6,0.5833333333333334,5,0.8484848484848485,0,0.5714285714285714,0.955223880597015,0.9090909090909091,0.7142857142857143,0.6511627906976745,7,0.8333333333333334,1.0,1,0,S1-807655794,S3-505659251,S3,1
0,0.4814814814814815,0.6111111111111112,0.4814814814814815,0.18181818181818182,0.2564102564102564,0,1.0,0,0.5242718446601942,0.9411764705882354,0.5242718446601942,0.45454545454545453,0.36923076923076925,49,0.35526315789473684,1.0,1,0,S1-391284808,S3-840562545,S3,1
1,1.0,1.0,1.0,1.0,1.0,0,1.0,0,0.7466666666666666,0.8461538461538461,0.6666666666666667,0.375,0.4791666666666667,15,0.6666666666666666,0.5,1,0,S1-788921873,S3-255292642,S3,1
0,0.7857142857142857,0.7857142857142857,0.7857142857142857,0.25,0.4117647058823529,4,0.75,0,0.3564356435643564,0.9066666666666667,0.7524752475247525,0.46153846153846156,0.4264705882352941,19,0.6833333333333333,1.0,1,0,S1-988237179,S3-906542883,S3,1
0,0.6875,0.84375,0.6875,0.6,0.475,2,0.9393939393939394,0,0.6190476190476191,0.9504950495049505,0.873015873015873,0.75,0.6197183098591549,14,0.8,1.0,1,0,S1-695245711,S3-507053999,S3,1
0,0.896551724137931,0.5862068965517241,0.5862068965517242,0.0,0.5294117647058824,2,0.9333333333333333,0,0.8333333333333335,0.9189189189189189,0.8333333333333335,0.5,0.6296296296296297,8,0.7142857142857143,0.0,1,0,S1-668405305,S2-325986857,S2,1
0,0.8837209302325582,1.0,0.8837209302325582,0.6666666666666666,0.7727272727272727,5,0.7916666666666666,0,0.9,0.9,0.9,0.42857142857142855,0.6470588235294118,4,0.875,1.0,1,0,S1-729701683,S2-501730266,S2,1
0,0.5,0.5,0.5,0.0,0.0,4,0.5,0,0.9811320754716981,0.9811320754716981,0.9811320754716981,0.6666666666666666,0.8148148148148148,1,0.9629629629629629,1.0,1,0,S1-996581653,S2-875438928,S2,1
1,1.0,1.0,1.0,1.0,1.0,0,1.0,0,0.5211267605633803,0.8615384615384616,0.5774647887323944,0.3157894736842105,0.3448275862068966,56,0.43434343434343436,0.0,1,0,S1-770017728,S3-219945562,S3,1
1,1.0,1.0,1.0,1.0,1.0,0,1.0,0,0.8493150684931507,0.8493150684931507,0.8493150684931507,0.42857142857142855,0.5681818181818182,1,0.972972972972973,1.0,1,0,S1-525972986,S3-36945331,S3,1
0,0.8205128205128205,1.0,0.8205128205128205,0.6666666666666666,0.7777777777777778,7,0.6956521739130435,0,0.896551724137931,0.896551724137931,0.896551724137931,0.42857142857142855,0.5882352941176471,4,0.8709677419354839,1.0,1,0,S1-106562529,S2-187125808,S2,1
1,1.0,1.0,1.0,1.0,1.0,0,1.0,0,0.48484848484848486,0.8,0.7878787878787878,0.42857142857142855,0.4418604651162791,6,0.8333333333333334,1.0,1,0,S1-783363676,S3-970899217,S3,1
0,0.6666666666666667,0.6666666666666665,0.6666666666666667,0.0,0.16666666666666666,0,1.0,0,0.9850746268656717,0.9850746268656717,0.9850746268656717,0.6666666666666666,0.96875,1,0.9705882352941176,0.0,1,0,S1-426606648,S2-68608323,S2,1
0,0.10169491525423723,0.11320754716981128,0.10169491525423723,0.0,0.0,1,0.9666666666666667,0,0.5098039215686274,0.9565217391304348,0.6666666666666667,0.4,0.4,30,0.5454545454545454,0.3333333333333333,1,0,S1-896372191,S2-631850673,S2,1
0,0.96,0.96,0.96,0.6,0.7692307692307693,0,1.0,0,0.9931972789115646,0.9931972789115646,0.9931972789115646,0.8571428571428571,0.9861111111111112,1,0.9864864864864865,1.0,1,0,S1-910201902,S3-764522925,S3,1
0,0.7419354838709676,1.0,0.7419354838709676,0.6666666666666666,0.5675675675675675,16,0.5897435897435898,1,1.0,1.0,1.0,1.0,1.0,0,1.0,1.0,1,0,S1-270912657,S2-437779227,S2,1
0,0.6818181818181819,0.8666666666666667,0.6818181818181819,0.5,0.6,10,0.6296296296296297,0,0.4,0.903225806451613,0.3764705882352941,0.3076923076923077,0.20634920634920634,51,0.25,1.0,1,0,S1-903867532,S3-410632706,S3,1
0,0.7777777777777779,0.9130434782608695,0.8518518518518519,0.5,0.6129032258064516,4,0.8620689655172413,1,1.0,1.0,1.0,1.0,1.0,0,1.0,1.0,1,0,S1-22783151,S2-201199806,S2,1
0,0.10126582278481011,0.12307692307692307,0.10126582278481011,0.0,0.0,5,0.8809523809523809,0,0.8913043478260869,1.0,0.8695652173913043,0.75,0.85,0,1.0,1.0,1,0,S1-507328511,S2-804915994,S2,1
0,0.9714285714285714,0.9714285714285714,0.9142857142857143,0.6666666666666666,0.8333333333333334,0,1.0,0,0.5344827586206897,1.0,0.8448275862068965,0.75,0.6231884057971014,18,0.7313432835820896,0.5,1,0,S1-329109588,S2-263544248,S2,1
0,0.88,1.0,0.88,0.8,0.8857142857142857,9,0.7857142857142857,0,0.8857142857142857,0.9384615384615383,0.8714285714285714,0.6666666666666666,0.8,2,0.971830985915493,0.0,1,0,S1-48428044,S3-524435670,S3,1
0,0.875,1.0,0.875,0.6666666666666666,0.75,4,0.7777777777777778,0,0.9565217391304348,0.9565217391304348,0.9565217391304348,0.7142857142857143,0.8571428571428571,3,0.9166666666666666,1.0,1,0,S1-685179083,S3-703715783,S3,1
1,1.0,1.0,1.0,1.0,1.0,0,1.0,0,0.6451612903225806,0.7804878048780488,0.7096774193548387,0.3,0.36585365853658536,12,0.6756756756756757,0.5,1,0,S1-11153402,S3-172262670,S3,1
0,0.625,0.7916666666666667,0.7083333333333333,0.6,0.375,0,1.0,0,0.802547770700637,1.0,0.9554140127388535,0.9285714285714286,0.8289473684210527,7,0.9146341463414634,1.0,1,0,S1-221492186,S2-564930678,S2,1
0,0.8,0.8421052631578948,0.8,0.5,0.5769230769230769,1,0.9565217391304348,0,0.8421052631578947,0.8421052631578948,0.8421052631578947,0.5,0.6060606060606061,3,0.9,1.0,1,0,S1-630777418,S3-899406644,S3,1
0,0.9090909090909091,1.0,0.9090909090909091,0.75,0.8125,3,0.8333333333333334,0,0.6428571428571428,0.9642857142857143,0.9642857142857143,0.6666666666666666,0.7333333333333333,2,0.9310344827586207,0.0,1,0,S1-701619917,S2-935921030,S2,1
0,0.7027027027027026,1.0,0.7027027027027026,0.5,0.5,11,0.5416666666666666,0,0.7027027027027026,0.7547169811320755,0.7027027027027026,0.3,0.4,8,0.8048780487804879,0.0,1,0,S1-343859060,S2-265356166,S2,1
0,0.7636363636363638,0.4727272727272727,0.47272727272727283,0.0,0.4166666666666667,7,0.7741935483870968,0,0.7936507936507937,0.9433962264150944,0.8888888888888888,0.6666666666666666,0.6388888888888888,7,0.8,1.0,1,0,S1-399461325,S3-839249262,S3,1
0,0.7804878048780488,0.8888888888888888,0.7804878048780488,0.5,0.4782608695652174,5,0.782608695652174,0,0.8467153284671532,0.9747899159663865,0.8905109489051095,0.8,0.8484848484848485,15,0.8026315789473685,1.0,1,0,S1-537905171,S3-764351470,S3,1
0,0.826086956521739,1.0,0.826086956521739,0.8333333333333334,0.7608695652173914,2,0.9574468085106383,0,0.9350649350649349,0.9350649350649352,0.9350649350649349,0.5555555555555556,0.7317073170731707,3,0.925,0.0,1,0,S1-97201921,S2-412337479,S2,1
0,0.962962962962963,0.9629629629629629,0.962962962962963,0.3333333333333333,0.6428571428571429,1,0.9285714285714286,0,0.0,0.0,0.0,0.0,0.0,29,0.0,0.0,1,0,S1-471594651,S3-699825510,S3,1
0,0.7755102040816326,0.7346938775510204,0.7346938775510203,0.0,0.5,5,0.8148148148148148,0,0.8923076923076922,0.9795918367346939,0.8923076923076922,0.8333333333333334,0.8166666666666667,10,0.8571428571428571,0.5,1,0,S1-659560700,S2-725622665,S2,1
0,0.9375,0.9375,0.9375,0.3333333333333333,0.6470588235294118,0,1.0,0,0.9090909090909091,0.9152542372881356,0.9090909090909091,0.5,0.6756756756756757,2,0.9411764705882353,0.3333333333333333,1,0,S1-544447816,S2-322070317,S2,1
0,0.8333333333333335,1.0,0.8333333333333335,0.75,0.6923076923076923,8,0.7142857142857143,0,0.9942196531791907,0.9942196531791907,0.9942196531791907,0.8571428571428571,1.0,1,0.9885057471264368,1.0,1,0,S1-982786730,S2-503686945,S2,1
0,0.9583333333333335,0.9583333333333333,0.9583333333333335,0.6,0.76,0,1.0,0,0.6896551724137931,0.9189189189189189,0.6896551724137931,0.375,0.43243243243243246,18,0.5263157894736842,0.3333333333333333,1,0,S1-339547981,S2-702184470,S2,1
0,0.9411764705882352,1.0,0.9411764705882352,0.6666666666666666,0.9130434782608695,3,0.8888888888888888,0,0.7079646017699115,0.9772727272727273,0.8849557522123894,0.7777777777777778,0.6610169491525424,9,0.8524590163934426,0.5,1,0,S1-401488603,S2-345520504,S2,1
0,0.5925925925925926,1.0,1.0,1.0,0.7857142857142857,0,1.0,0,0.4375,0.9473684210526315,0.9375,0.7142857142857143,0.6666666666666666,4,0.8823529411764706,1.0,1,0,S1-362549254,S2-388515447,S2,1
1,1.0,1.0,1.0,1.0,1.0,0,1.0,0,0.5135135135135135,0.8648648648648648,0.8648648648648648,0.5555555555555556,0.5909090909090909,4,0.8974358974358975,1.0,1,0,S1-124142623,S3-208811613,S3,1
0,0.9666666666666667,0.9666666666666667,0.8333333333333335,0.6,0.9310344827586207,0,1.0,0,0.641025641025641,0.7346938775510204,0.641025641025641,0.5,0.34615384615384615,16,0.6595744680851063,1.0,1,0,S1-731725129,S3-855990456,S3,1
0,0.6829268292682926,0.878048780487805,0.878048780487805,0.6,0.27586206896551724,1,0.9523809523809523,0,0.4390243902439024,0.8076923076923077,0.6341463414634146,0.4,0.3333333333333333,20,0.6078431372549019,0.3333333333333333,1,0,S1-285479056,S3-243353514,S3,1
0,0.8,1.0,0.8,0.6,0.6470588235294118,12,0.6666666666666666,1,1.0,1.0,1.0,1.0,1.0,0,1.0,1.0,1,0,S1-294479805,S3-49716225,S3,1
0,0.8571428571428572,1.0,0.8571428571428572,0.8,0.7586206896551724,8,0.75,1,1.0,1.0,1.0,1.0,1.0,0,1.0,1.0,1,0,S1-550789921,S2-806547709,S2,1
0,0.875,1.0,0.875,0.6666666666666666,0.75,4,0.7777777777777778,0,0.8831168831168832,0.8831168831168832,0.8831168831168832,0.375,0.5869565217391305,9,0.7906976744186046,1.0,1,0,S1-489457680,S2-834990408,S2,1
0,0.7407407407407408,1.0,0.7407407407407408,0.75,0.5333333333333333,7,0.5882352941176471,0,0.5691056910569106,0.8823529411764706,0.6016260162601625,0.35714285714285715,0.32954545454545453,43,0.4819277108433735,1.0,1,0,S1-61845430,S3-620504429,S3,1
0,0.9818181818181819,0.9787234042553191,0.9818181818181819,0.7142857142857143,0.8,1,0.9642857142857143,0,0.7333333333333334,0.8,0.7333333333333334,0.3333333333333333,0.4,12,0.6666666666666666,0.6666666666666666,1,0,S1-211644433,S2-341213443,S2,1
0,0.7647058823529411,1.0,0.7647058823529411,0.5,0.5789473684210527,8,0.6190476190476191,0,0.0,0.0,0.0,0.0,0.0,50,0.0,0.0,1,0,S1-612784757,S3-139376241,S3,1
0,0.8461538461538461,1.0,0.8461538461538461,0.6666666666666666,0.6923076923076923,4,0.7333333333333333,0,0.8615384615384616,0.9090909090909091,0.8615384615384616,0.5,0.7352941176470589,5,0.8571428571428571,0.0,1,0,S1-743377616,S2-937686905,S2,1
1,1.0,1.0,1.0,1.0,1.0,0,1.0,0,0.7272727272727273,0.826086956521739,0.8181818181818181,0.3333333333333333,0.4090909090909091,12,0.6923076923076923,0.0,1,0,S1-31544792,S2-747386079,S2,1
1,1.0,1.0,1.0,1.0,1.0,0,1.0,0,0.9438202247191011,0.96,0.9325842696629213,0.7142857142857143,0.8904109589041096,0,1.0,0.0,1,0,S1-135671339,S2-860817543,S2,1
0,0.8837209302325582,1.0,0.8837209302325582,0.75,0.7727272727272727,5,0.7916666666666666,0,0.8727272727272728,0.6909090909090909,0.6909090909090909,0.25,0.59375,3,0.896551724137931,0.3333333333333333,1,0,S1-522919525,S2-471805503,S2,1
0,0.15000000000000002,0.1666666666666667,0.15000000000000002,0.0,0.0,2,0.9047619047619048,0,0.9299363057324841,1.0,0.9299363057324841,0.8125,0.8658536585365854,11,0.8690476190476191,0.3333333333333333,1,0,S1-832766797,S2-876524952,S2,1
0,0.926829268292683,0.878048780487805,0.878048780487805,0.4,0.5416666666666666,1,0.9523809523809523,0,0.851063829787234,0.9189189189189189,0.851063829787234,0.5,0.5357142857142857,7,0.7407407407407407,0.0,1,0,S1-768327749,S2-351834387,S2,1
0,0.926829268292683,0.926829268292683,0.926829268292683,0.5,0.6086956521739131,1,0.9523809523809523,0,0.8615384615384616,1.0,0.8615384615384616,0.7142857142857143,0.6857142857142857,9,0.7567567567567568,0.5,1,0,S1-559956621,S2-560347737,S2,1
0,0.923076923076923,0.923076923076923,0.923076923076923,0.5,0.5714285714285714,0,1.0,0,0.5185185185185186,0.6296296296296297,0.4444444444444444,0.1111111111111111,0.25,0,1.0,0.3333333333333333,1,0,S1-67209496,S3-997881346,S3,1
1,1.0,1.0,1.0,1.0,1.0,0,1.0,0,0.4181818181818182,0.847457627118644,0.7454545454545455,0.45454545454545453,0.359375,22,0.6666666666666666,1.0,1,0,S1-78639383,S3-42744356,S3,1
0,0.7647058823529411,1.0,1.0,1.0,0.8285714285714286,0,1.0,0,0.9264705882352942,1.0,0.9264705882352942,0.9,0.8309859154929577,10,0.863013698630137,1.0,1,0,S1-583916056,S2-638948445,S2,1
0,0.8,0.96,0.96,0.6,0.5862068965517241,0,1.0,0,0.7719298245614035,0.9361702127659575,0.8771929824561404,0.5,0.5142857142857142,7,0.78125,0.0,1,0,S1-757567696,S2-968416263,S2,1
0,0.875,1.0,0.875,0.75,0.75,4,0.7777777777777778,0,0.8843537414965986,0.921875,0.8027210884353742,0.7333333333333333,0.6829268292682927,5,0.9342105263157895,0.6666666666666666,1,0,S1-750444585,S3-271798301,S3,1
0,0.7619047619047619,0.9375,0.7619047619047619,0.3333333333333333,0.5789473684210527,10,0.6153846153846154,0,0.835820895522388,0.9433962264150944,0.835820895522388,0.5,0.6578947368421053,11,0.717948717948718,0.5,1,0,S1-152688622,S3-467660877,S3,1
1,1.0,1.0,1.0,1.0,1.0,0,1.0,0,0.7692307692307692,0.8767123287671232,0.7692307692307692,0.4166666666666667,0.4827586206896552,22,0.6507936507936508,0.6666666666666666,1,0,S1-879779897,S3-64897875,S3,1
1,1.0,1.0,1.0,1.0,1.0,0,1.0,0,0.7906976744186046,0.901098901098901,0.7596899224806202,0.6153846153846154,0.6451612903225806,9,0.8695652173913043,0.0,1,0,S1-148683953,S2-66709237,S2,1
0,0.4242424242424242,1.0,0.4242424242424242,0.3333333333333333,0.21739130434782608,19,0.2692307692307692,0,0.923076923076923,1.0,1.0,1.0,0.85,0,1.0,1.0,1,0,S1-822991144,S3-503146597,S3,1
0,0.9,0.9,0.9,0.3333333333333333,0.45454545454545453,2,0.8181818181818182,0,0.84,0.84,0.84,0.42857142857142855,0.5862068965517241,4,0.8518518518518519,1.0,1,0,S1-832536127,S2-113910267,S2,1
0,0.64,1.0,0.64,0.4,0.4375,18,0.47058823529411764,1,1.0,1.0,1.0,1.0,1.0,0,1.0,1.0,1,0,S1-217267860,S3-496567883,S3,1
0,0.9310344827586207,1.0,0.9310344827586207,0.8,0.8620689655172413,4,0.8709677419354839,0,0.782608695652174,0.8695652173913043,0.8695652173913043,0.5,0.5116279069767442,5,0.8648648648648649,1.0,1,0,S1-13350107,S3-246702017,S3,1
1,1.0,1.0,1.0,1.0,1.0,0,1.0,0,0.8421052631578947,0.8421052631578948,0.8421052631578947,0.42857142857142855,0.5588235294117647,5,0.8387096774193549,1.0,1,0,S1-879160566,S3-692793359,S3,1
0,0.8936170212765957,0.8085106382978724,0.8085106382978724,0.0,0.6153846153846154,1,0.9583333333333334,0,0.475,0.9577464788732394,0.925,0.7142857142857143,0.6888888888888889,6,0.8604651162790697,1.0,1,0,S1-93913382,S3-897230371,S3,1
0,0.75,1.0,0.8928571428571429,0.75,0.6666666666666666,2,0.9310344827586207,0,0.5470085470085471,0.896551724137931,0.5470085470085471,0.29411764705882354,0.34210526315789475,53,0.3764705882352941,0.0,1,0,S1-329557533,S3-909668041,S3,1
0,0.9090909090909091,1.0,0.9090909090909091,0.8,0.8125,3,0.8333333333333334,0,0.0,0.0,0.0,0.0,0.0,33,0.0,0.0,1,0,S1-132427656,S2-360703820,S2,1
0,0.6666666666666667,1.0,0.6666666666666667,0.5,0.4666666666666667,16,0.5,0,0.782608695652174,0.8679245283018868,0.7391304347826086,0.5,0.6075949367088608,14,0.8157894736842105,1.0,1,0,S1-776522734,S2-120665827,S2,1
0,0.8648648648648648,0.8648648648648648,0.8648648648648648,0.3333333333333333,0.43478260869565216,1,0.9473684210526315,1,1.0,1.0,1.0,1.0,1.0,0,1.0,0.0,1,0,S1-171892000,S2-368713958,S2,1
0,0.878048780487805,1.0,0.878048780487805,0.75,0.7619047619047619,5,0.782608695652174,0,0.8918918918918919,0.8918918918918919,0.8918918918918919,0.5,0.6428571428571429,4,0.8974358974358975,1.0,1,0,S1-847140353,S3-674959572,S3,1
0,0.8181818181818181,1.0,0.8181818181818181,0.75,0.8064516129032258,4,0.8857142857142857,0,0.8387096774193549,0.8387096774193549,0.8064516129032258,0.375,0.5675675675675675,6,0.8235294117647058,0.0,1,0,S1-235780276,S3-87145303,S3,1
0,0.7777777777777779,0.7777777777777777,0.7777777777777779,0.0,0.45454545454545453,2,0.8947368421052632,0,0.6595744680851063,0.6595744680851063,0.6595744680851063,0.16666666666666666,0.36923076923076925,20,0.6491228070175439,0.5,1,0,S1-435722910,S3-995931847,S3,1
0,0.9375,1.0,0.9375,0.8,0.9032258064516129,4,0.8823529411764706,0,0.8285714285714285,0.9454545454545454,0.8285714285714285,0.5,0.65,12,0.7073170731707317,0.3333333333333333,1,0,S1-239555529,S3-357650060,S3,1
0,0.9375,1.0,0.9375,0.8,0.875,4,0.8823529411764706,0,0.819672131147541,1.0,0.9180327868852458,0.8333333333333334,0.6666666666666666,5,0.8484848484848485,0.5,1,0,S1-591806185,S2-126345030,S2,1
0,0.8888888888888888,0.8888888888888888,0.8888888888888888,0.5,0.6,4,0.8,0,0.0,0.0,0.0,0.0,0.0,72,0.0,0.0,1,0,S1-240189271,S3-616025226,S3,1
0,0.6341463414634146,0.7804878048780488,0.5853658536585367,0.5,0.32142857142857145,1,0.9523809523809523,1,1.0,1.0,1.0,1.0,1.0,0,1.0,1.0,1,0,S1-60644160,S2-997565729,S2,1
1,1.0,1.0,1.0,1.0,1.0,0,1.0,0,0.9142857142857143,0.9846153846153847,0.9285714285714286,0.8333333333333334,0.7837837837837838,8,0.8918918918918919,1.0,1,0,S1-693230359,S2-18453613,S2,1
0,0.7777777777777779,1.0,1.0,1.0,0.6842105263157895,0,1.0,0,0.75,0.8571428571428571,0.75,0.4444444444444444,0.5,8,0.7777777777777778,0.5,1,0,S1-731036033,S2-546680264,S2,1
0,0.12698412698412698,0.14035087719298248,0.12698412698412698,0.0,0.0,1,0.96875,0,0.7850467289719626,1.0,0.7850467289719626,0.6666666666666666,0.609375,23,0.6461538461538462,0.0,1,0,S1-150983467,S2-553136803,S2,1
0,0.09230769230769231,0.10909090909090907,0.09230769230769231,0.0,0.0,1,0.9696969696969697,0,0.5671641791044777,0.9433962264150944,0.8059701492537313,0.6,0.5,11,0.717948717948718,1.0,1,0,S1-42585903,S3-555553553,S3,1
0,0.6451612903225806,1.0,1.0,1.0,0.8064516129032258,0,1.0,0,0.775,0.8266666666666667,0.775,0.4,0.6136363636363636,16,0.6666666666666666,0.0,1,0,S1-73734411,S2-294090955,S2,1
0,0.9387755102040817,0.9387755102040817,0.9387755102040817,0.5,0.5925925925925926,1,0.96,0,0.7619047619047619,0.9411764705882354,0.8571428571428572,0.6666666666666666,0.5945945945945946,9,0.75,1.0,1,0,S1-869041326,S3-528435131,S3,1
0,0.6666666666666667,1.0,0.6666666666666667,0.5,0.5,20,0.5,1,1.0,1.0,1.0,1.0,1.0,0,1.0,1.0,1,0,S1-478627967,S3-375329302,S3,1
0,0.9090909090909091,1.0,0.9090909090909091,0.8,0.8181818181818182,4,0.8333333333333334,0,0.8684210526315791,0.8684210526315789,0.8684210526315791,0.42857142857142855,0.6363636363636364,4,0.9,1.0,1,0,S1-740741147,S3-688464044,S3,1
0,0.923076923076923,0.923076923076923,0.923076923076923,0.3333333333333333,0.5714285714285714,0,1.0,0,0.5070422535211268,0.8732394366197183,0.8732394366197183,0.5,0.6341463414634146,3,0.918918918918919,1.0,1,0,S1-122425927,S3-948793505,S3,1
0,0.8421052631578947,0.5263157894736842,0.5263157894736843,0.0,0.4166666666666667,2,0.9,0,0.24489795918367352,0.689655172413793,0.2857142857142857,0.11764705882352941,0.09411764705882353,56,0.2727272727272727,1.0,1,0,S1-677936688,S3-84104052,S3,1
0,0.9523809523809522,0.9523809523809524,0.9523809523809522,0.6666666666666666,0.7272727272727273,2,0.9090909090909091,0,0.8666666666666667,0.8666666666666667,0.8666666666666667,0.42857142857142855,0.6470588235294118,2,0.9354838709677419,1.0,1,0,S1-154775183,S3-190453677,S3,1
0,0.5,0.6,0.6,0.0,0.14285714285714285,2,0.8181818181818182,0,0.7692307692307692,0.8461538461538461,0.7384615384615385,0.5714285714285714,0.4523809523809524,5,0.8571428571428571,1.0,1,0,S1-623623486,S2-886548576,S2,1
0,0.8181818181818181,1.0,0.8181818181818181,0.75,0.6666666666666666,8,0.6923076923076923,0,0.47706422018348627,0.9387755102040817,0.47706422018348627,0.29411764705882354,0.27848101265822783,57,0.3132530120481928,0.4,1,0,S1-112181300,S3-417624475,S3,1
1,1.0,1.0,1.0,1.0,1.0,0,1.0,0,0.8712871287128714,0.8656716417910448,0.8514851485148515,0.5,0.6274509803921569,11,0.8035714285714286,1.0,1,0,S1-512010958,S3-645235013,S3,1
0,0.6268656716417911,0.7924528301886792,0.6865671641791045,0.4,0.4634146341463415,3,0.9142857142857143,0,0.900398406374502,0.9491525423728814,0.892430278884462,0.7692307692307693,0.813953488372093,3,0.9763779527559056,0.6666666666666666,1,0,S1-731512715,S3-504477806,S3,1
1,1.0,1.0,1.0,1.0,1.0,0,1.0,0,0.9206349206349206,1.0,0.9365079365079364,0.8333333333333334,0.8421052631578947,2,0.96875,1.0,1,0,S1-721582921,S3-236290916,S3,1
0,0.7027027027027026,0.4324324324324324,0.4324324324324324,0.0,0.375,1,0.9473684210526315,0,0.3877551020408163,0.9142857142857143,0.3877551020408163,0.3125,0.2054794520547945,60,0.24050632911392406,0.3333333333333333,1,0,S1-426461431,S3-676210137,S3,1
1,1.0,1.0,1.0,1.0,1.0,0,1.0,0,0.8135593220338984,0.8135593220338982,0.8135593220338984,0.25,0.5277777777777778,3,0.9032258064516129,1.0,1,0,S1-797898715,S3-889465745,S3,1
0,0.6829268292682926,1.0,0.6829268292682926,0.5,0.48,13,0.5185185185185185,0,0.9272727272727272,1.0,0.9272727272727272,0.9090909090909091,0.9056603773584906,8,0.864406779661017,1.0,1,0,S1-238398656,S2-825529120,S2,1
0,0.2857142857142857,1.0,0.2857142857142857,0.5,0.0625,15,0.16666666666666666,0,0.7619047619047619,0.782608695652174,0.7619047619047619,0.42857142857142855,0.5526315789473685,7,0.8,1.0,1,0,S1-727903490,S3-104959557,S3,1
1,1.0,1.0,1.0,1.0,1.0,0,1.0,0,0.0,0.0,0.0,0.0,0.0,30,0.0,0.0,1,0,S1-584802426,S2-591431911,S2,1
1,1.0,1.0,1.0,1.0,1.0,0,1.0,0,0.8776978417266187,1.0,0.8776978417266187,0.8333333333333334,0.8333333333333334,17,0.782051282051282,1.0,1,0,S1-679192221,S2-398139513,S2,1
0,0.9545454545454546,0.9545454545454546,0.7272727272727273,0.5,0.7391304347826086,0,1.0,0,0.8535564853556485,0.927710843373494,0.8535564853556485,0.6363636363636364,0.6545454545454545,9,0.9274193548387096,0.3333333333333333,1,0,S1-788008814,S2-883250903,S2,1
1,1.0,1.0,1.0,1.0,1.0,0,1.0,0,0.7228915662650602,0.8852459016393442,0.7710843373493976,0.36363636363636365,0.43636363636363634,15,0.6938775510204082,0.5,1,0,S1-801129242,S2-658946955,S2,1
0,0.75,1.0,0.75,0.42857142857142855,0.5714285714285714,18,0.6,1,1.0,1.0,1.0,1.0,1.0,0,1.0,1.0,1,0,S1-870263099,S3-97984716,S3,1
1,1.0,1.0,1.0,1.0,1.0,0,1.0,0,0.8679245283018868,0.8679245283018868,0.8679245283018868,0.42857142857142855,0.6551724137931034,1,0.9629629629629629,1.0,1,0,S1-898587412,S3-746628894,S3,1
0,0.5333333333333333,0.625,0.5333333333333333,0.2857142857142857,0.3225806451612903,1,0.9565217391304348,0,0.3559322033898306,1.0,0.3559322033898306,0.1875,0.20930232558139536,76,0.21649484536082475,0.25,1,0,S1-627428976,S2-239129993,S2,1
0,0.9285714285714286,0.9285714285714286,0.8214285714285714,0.6666666666666666,0.6774193548387096,2,0.9310344827586207,0,0.6984126984126984,0.9729729729729729,0.8571428571428572,0.7272727272727273,0.7258064516129032,12,0.8260869565217391,0.6666666666666666,1,0,S1-444866997,S2-112526743,S2,1
0,0.9642857142857143,0.9642857142857143,0.9642857142857143,0.6,0.6774193548387096,0,1.0,0,0.8307692307692307,0.8307692307692308,0.8307692307692307,0.25,0.6666666666666666,3,0.9117647058823529,0.0,1,0,S1-176255951,S3-23603828,S3,1
0,0.7017543859649122,0.631578947368421,0.631578947368421,0.0,0.39473684210526316,13,0.6285714285714286,0,0.9291338582677166,0.9655172413793103,0.9133858267716536,0.6153846153846154,0.8412698412698413,7,0.8955223880597015,0.3333333333333333,1,0,S1-3334888,S3-112050058,S3,1
0,0.9130434782608696,1.0,0.9130434782608696,0.75,0.8260869565217391,4,0.84,0,0.5333333333333333,0.5333333333333333,0.5,0.2,0.19148936170212766,6,0.8181818181818182,1.0,1,0,S1-893165209,S3-994522448,S3,1
0,0.96,0.9166666666666667,0.92,0.5,0.8333333333333334,2,0.9230769230769231,0,0.9032258064516128,0.9433962264150944,0.9032258064516128,0.6666666666666666,0.8387096774193549,6,0.8235294117647058,1.0,1,0,S1-872162245,S3-899085031,S3,1
0,0.11111111111111116,0.13333333333333328,0.11111111111111116,0.0,0.0,2,0.9459459459459459,0,0.8627450980392157,1.0,1.0,1.0,0.9090909090909091,0,1.0,1.0,1,0,S1-636802354,S2-511539509,S2,1
0,0.9473684210526316,0.9473684210526315,0.9473684210526316,0.5,0.6190476190476191,0,1.0,0,0.8848484848484849,0.9784172661870504,0.9454545454545454,0.8461538461538461,0.8734177215189873,9,0.896551724137931,1.0,1,0,S1-400569958,S3-599239132,S3,1
0,0.11111111111111116,0.12,0.11111111111111116,0.0,0.0,2,0.9285714285714286,0,0.8391608391608392,0.8992248062015504,0.8251748251748252,0.5333333333333333,0.6842105263157895,1,0.9861111111111112,0.0,1,0,S1-832415141,S2-727118763,S2,1
0,0.08108108108108103,0.08333333333333329,0.08108108108108103,0.0,0.0,2,0.9473684210526315,0,0.5981308411214954,0.6461538461538461,0.5981308411214954,0.25,0.2625,19,0.6984126984126984,0.5,1,0,S1-985769556,S3-496161087,S3,1
0,0.6938775510204082,0.8666666666666667,0.6122448979591837,0.2857142857142857,0.42857142857142855,11,0.6333333333333333,0,0.9375,0.9375,0.9375,0.42857142857142855,0.7647058823529411,0,1.0,1.0,1,0,S1-650895164,S3-197425433,S3,1
0,0.851063829787234,0.851063829787234,0.851063829787234,0.5,0.3870967741935484,1,0.9583333333333334,0,0.904109589041096,0.9523809523809524,0.904109589041096,0.6666666666666666,0.7692307692307693,7,0.825,1.0,1,0,S1-76926226,S3-742384441,S3,1
0,0.6363636363636364,1.0,1.0,1.0,0.6666666666666666,0,1.0,0,0.71875,0.75,0.75,0.3333333333333333,0.4634146341463415,4,0.8823529411764706,1.0,1,0,S1-979933656,S3-20547561,S3,1
1,1.0,1.0,1.0,1.0,1.0,0,1.0,0,0.88,0.9440993788819876,0.8685714285714287,0.7368421052631579,0.782608695652174,1,0.9886363636363636,1.0,1,0,S1-327463834,S2-491549538,S2,1
0,0.7647058823529411,1.0,1.0,1.0,0.8285714285714286,0,1.0,0,0.8627450980392157,0.926829268292683,0.8627450980392157,0.7142857142857143,0.6785714285714286,7,0.7586206896551724,1.0,1,0,S1-545565647,S3-629672575,S3,1
1,1.0,1.0,1.0,1.0,1.0,0,1.0,0,0.8656716417910448,0.8656716417910448,0.8656716417910448,0.4444444444444444,0.5641025641025641,5,0.8611111111111112,1.0,1,0,S1-358897202,S3-739778667,S3,1
1,1.0,1.0,1.0,1.0,1.0,0,1.0,0,0.6265060240963856,0.6265060240963856,0.6265060240963856,0.3333333333333333,0.26229508196721313,3,0.9302325581395349,1.0,1,0,S1-323828462,S3-254858077,S3,1
0,0.8235294117647058,0.8461538461538461,0.8235294117647058,0.4,0.5,4,0.7894736842105263,0,0.5,0.8181818181818181,0.75,0.5,0.5,2,0.9512195121951219,0.5,1,0,S1-93309381,S3-631303947,S3,1
1,1.0,1.0,1.0,1.0,1.0,0,1.0,0,0.8732394366197183,0.8732394366197183,0.8732394366197183,0.42857142857142855,0.5952380952380952,3,0.918918918918919,1.0,1,0,S1-206046372,S3-782910856,S3,1
1,1.0,1.0,1.0,1.0,1.0,0,1.0,0,0.8852459016393442,0.9056603773584905,0.8852459016393442,0.5,0.78125,3,0.90625,0.0,1,0,S1-753451952,S3-579222215,S3,1
0,0.9285714285714286,1.0,0.9285714285714286,0.75,0.8571428571428571,4,0.8666666666666667,0,0.9354838709677421,0.9354838709677419,0.9354838709677421,0.6666666666666666,0.7575757575757576,0,1.0,0.0,1,0,S1-584253051,S2-665514259,S2,1
0,0.8888888888888888,1.0,0.8888888888888888,0.5,0.7777777777777778,4,0.8,0,0.8521739130434782,1.0,0.9739130434782609,0.9,0.9,3,0.9491525423728814,1.0,1,0,S1-768406394,S3-349069052,S3,1
1,1.0,1.0,1.0,1.0,1.0,0,1.0,0,0.47422680412371127,0.8,0.4948453608247423,0.2,0.29411764705882354,31,0.515625,0.0,1,0,S1-995166316,S3-784615748,S3,1
0,0.6666666666666667,0.5098039215686274,0.5098039215686274,0.0,0.34285714285714286,13,0.59375,0,0.9312977099236641,0.9696969696969697,0.916030534351145,0.7,0.8035714285714286,9,0.8714285714285714,0.0,1,0,S1-734269787,S3-87937642,S3,1
0,0.64,0.75,0.64,0.25,0.3125,5,0.6666666666666666,0,0.9285714285714286,0.9285714285714286,0.9285714285714286,0.6666666666666666,0.7333333333333333,4,0.8666666666666667,1.0,1,0,S1-449903775,S2-573051800,S2,1
0,0.8275862068965517,0.5517241379310345,0.5517241379310345,0.0,0.3888888888888889,1,0.9333333333333333,1,1.0,1.0,1.0,1.0,1.0,0,1.0,1.0,1,0,S1-234262787,S2-399248097,S2,1
1,1.0,1.0,1.0,1.0,1.0,0,1.0,0,0.75,0.9722222222222223,0.9722222222222221,0.7142857142857143,0.8611111111111112,2,0.9459459459459459,0.0,1,0,S1-749334985,S2-198937586,S2,1
1,1.0,1.0,1.0,1.0,1.0,0,1.0,0,0.7857142857142857,0.8928571428571429,0.8928571428571429,0.25,0.5294117647058824,2,0.9310344827586207,0.3333333333333333,1,0,S1-524814827,S3-492385769,S3,1
0,0.3529411764705882,0.35294117647058826,0.3529411764705882,0.0,0.23684210526315788,7,0.7586206896551724,0,0.7160493827160495,0.8620689655172414,0.691358024691358,0.45454545454545453,0.5555555555555556,1,0.975609756097561,0.5,1,0,S1-371315275,S3-620328194,S3,1
0,0.9166666666666665,0.9166666666666667,0.9166666666666665,0.5,0.5925925925925926,0,1.0,0,0.9147286821705426,0.9350649350649352,0.9147286821705426,0.7,0.7254901960784313,7,0.8970588235294118,1.0,1,0,S1-695415337,S3-732948784,S3,1
0,0.8732394366197183,0.8852459016393442,0.8732394366197183,0.5714285714285714,0.5952380952380952,3,0.918918918918919,0,0.5,0.8,0.6470588235294117,0.5555555555555556,0.30612244897959184,8,0.7894736842105263,1.0,1,0,S1-280464518,S2-269863510,S2,1
0,0.8095238095238095,0.8947368421052632,0.8571428571428572,0.5,0.6521739130434783,0,1.0,0,0.9271523178807947,0.9752066115702479,0.9271523178807947,0.6875,0.8472222222222222,3,0.961038961038961,0.5,1,0,S1-930766375,S3-449125874,S3,1
0,0.821917808219178,1.0,0.821917808219178,0.6666666666666666,0.6829268292682927,13,0.6976744186046512,1,1.0,1.0,1.0,1.0,1.0,0,1.0,1.0,1,0,S1-600876573,S3-361516137,S3,1
0,0.8666666666666667,1.0,1.0,1.0,0.8064516129032258,0,1.0,0,0.4074074074074075,0.8148148148148148,0.814814814814815,0.25,0.5151515151515151,4,0.8620689655172413,0.0,1,0,S1-366572974,S3-608115896,S3,1
0,0.84,1.0,0.84,0.75,0.7037037037037037,8,0.7241379310344828,0,0.9863013698630136,0.9863013698630136,0.9863013698630136,0.8333333333333334,0.9714285714285714,2,0.972972972972973,0.0,1,0,S1-917549477,S2-825621250,S2,1
0,0.95,0.95,0.5,0.3333333333333333,0.7,0,1.0,0,0.8484848484848484,0.8214285714285714,0.7878787878787878,0.375,0.5428571428571428,4,0.8857142857142857,0.0,1,0,S1-918740546,S2-480667549,S2,1
1,1.0,1.0,1.0,1.0,1.0,0,1.0,0,0.5735294117647058,0.9655172413793103,0.6617647058823529,0.4,0.5211267605633803,46,0.4945054945054945,0.0,1,0,S1-305071372,S3-667951653,S3,1
0,0.717948717948718,0.875,0.7692307692307692,0.5,0.4583333333333333,3,0.8571428571428571,0,0.3294117647058824,0.7804878048780488,0.44705882352941173,0.25,0.1791044776119403,31,0.46551724137931033,1.0,1,0,S1-23361463,S3-755957995,S3,1
0,0.8314606741573034,0.9135802469135803,0.8314606741573034,0.6666666666666666,0.6666666666666666,1,0.9777777777777777,0,0.9448818897637795,0.9278350515463917,0.9448818897637795,0.6,0.8813559322033898,5,0.9242424242424242,0.6666666666666666,1,0,S1-372107745,S3-343265174,S3,1
0,0.8666666666666667,1.0,0.8666666666666667,0.75,0.75,8,0.7647058823529411,0,0.7833333333333333,1.0,0.9166666666666665,1.0,0.8888888888888888,10,0.8461538461538461,1.0,1,0,S1-817883923,S2-556143898,S2,1
1,1.0,1.0,1.0,1.0,1.0,0,1.0,0,0.9435897435897435,0.9621621621621621,0.9435897435897435,0.8333333333333334,0.8529411764705882,3,0.9696969696969697,1.0,1,0,S1-951704294,S3-571864046,S3,1
0,0.08823529411764708,0.11538461538461534,0.08823529411764708,0.0,0.0,2,0.9428571428571428,0,0.5190839694656488,0.8787878787878788,0.5343511450381679,0.25,0.3023255813953488,57,0.39361702127659576,0.3333333333333333,1,0,S1-487202021,S2-78018171,S2,1
0,0.9259259259259259,0.9259259259259259,0.9259259259259259,0.6,0.5625,2,0.9285714285714286,0,0.8163265306122449,0.9090909090909091,0.8367346938775511,0.5454545454545454,0.6346153846153846,2,0.96,1.0,1,0,S1-156655388,S3-593557045,S3,1
0,0.5641025641025641,0.358974358974359,0.3589743589743589,0.0,0.25,17,0.39285714285714285,0,0.4915254237288136,0.9387755102040817,0.5423728813559322,0.3333333333333333,0.2987012987012987,54,0.37209302325581395,0.5,1,0,S1-466145466,S3-873558707,S3,1
0,0.16666666666666663,0.1666666666666667,0.16666666666666663,0.0,0.0,10,0.4117647058823529,1,1.0,1.0,1.0,1.0,1.0,0,1.0,1.0,1,0,S1-976074528,S3-372395036,S3,1
1,1.0,1.0,1.0,1.0,1.0,0,1.0,1,1.0,1.0,1.0,1.0,1.0,0,1.0,1.0,1,1,S1-605905957,S2-825262237,S2,1
0,0.8823529411764706,1.0,0.8823529411764706,0.75,0.7647058823529411,4,0.7894736842105263,0,0.9333333333333332,1.0,0.9333333333333332,0.9333333333333333,0.9166666666666666,10,0.875,1.0,1,0,S1-51029699,S2-185457473,S2,1
0,0.95,0.95,0.65,0.6,0.7142857142857143,0,1.0,0,0.8709677419354839,0.8709677419354839,0.8709677419354839,0.42857142857142855,0.7058823529411765,2,0.9375,1.0,1,0,S1-117333268,S3-623220666,S3,1
1,1.0,1.0,1.0,1.0,1.0,0,1.0,0,0.6845637583892618,0.9774436090225563,0.9530201342281879,0.8571428571428571,0.7564102564102564,7,0.9102564102564102,1.0,1,0,S1-856504450,S3-291682608,S3,1
0,0.6666666666666667,0.9803921568627452,0.9803921568627451,0.6,0.7407407407407407,1,0.9615384615384616,0,0.8533333333333333,0.8615384615384616,0.84,0.6,0.6551724137931034,2,0.9736842105263158,1.0,1,0,S1-933725172,S3-172640639,S3,1
1,1.0,1.0,1.0,1.0,1.0,0,1.0,0,0.7666666666666666,1.0,1.0,1.0,0.8064516129032258,0,1.0,1.0,1,0,S1-990138892,S2-733586899,S2,1
1,1.0,1.0,1.0,1.0,1.0,0,1.0,0,0.6666666666666667,0.9523809523809524,0.9523809523809522,0.6666666666666666,0.6857142857142857,3,0.9090909090909091,1.0,1,0,S1-785738112,S3-96221271,S3,1
1,1.0,1.0,1.0,1.0,1.0,0,1.0,0,0.8767123287671232,0.8767123287671232,0.8767123287671232,0.3333333333333333,0.5581395348837209,3,0.9210526315789473,1.0,1,0,S1-311840971,S3-348640724,S3,1
1,1.0,1.0,1.0,1.0,1.0,0,1.0,0,0.9487179487179486,1.0,0.9487179487179486,0.8888888888888888,0.8461538461538461,4,0.9024390243902439,0.5,1,0,S1-637306240,S2-265507444,S2,1
0,0.6808510638297872,1.0,0.6808510638297872,0.42857142857142855,0.4827586206896552,15,0.5161290322580645,1,1.0,1.0,1.0,1.0,1.0,0,1.0,1.0,1,0,S1-552323139,S3-371894585,S3,1
0,0.8,1.0,1.0,1.0,0.7142857142857143,0,1.0,0,0.9705882352941176,0.9705882352941176,0.9705882352941176,0.6666666666666666,0.8285714285714286,2,0.9428571428571428,1.0,1,0,S1-721491050,S2-314413056,S2,1
0,0.92,0.92,0.92,0.5,0.7037037037037037,4,0.8518518518518519,0,0.6607142857142857,0.9577464788732394,0.6607142857142857,0.5833333333333334,0.45,38,0.49333333333333335,1.0,1,0,S1-70679675,S3-957607978,S3,1
0,0.23076923076923073,0.3076923076923077,0.3076923076923077,0.0,0.0,10,0.4444444444444444,0,0.7761194029850746,0.7761194029850746,0.7761194029850746,0.4444444444444444,0.5897435897435898,3,0.9142857142857143,1.0,1,0,S1-727060432,S3-502369934,S3,1
0,0.9090909090909091,1.0,0.9090909090909091,0.6666666666666666,0.8125,3,0.8333333333333334,0,0.696969696969697,0.9047619047619048,0.696969696969697,0.4444444444444444,0.4418604651162791,20,0.5348837209302325,0.5,1,0,S1-159388011,S2-110035057,S2,1
1,1.0,1.0,1.0,1.0,1.0,0,1.0,0,0.7323943661971832,0.704225352112676,0.704225352112676,0.2857142857142857,0.45652173913043476,1,0.9722222222222222,0.0,1,0,S1-796873365,S3-960252193,S3,1
1,1.0,1.0,1.0,1.0,1.0,0,1.0,0,0.5882352941176471,0.9117647058823529,0.9117647058823529,0.5,0.5897435897435898,0,1.0,1.0,1,0,S1-564272020,S3-187604653,S3,1
0,0.967741935483871,0.967741935483871,0.967741935483871,0.6,0.8125,0,1.0,0,0.9370629370629371,1.0,0.9790209790209791,0.9333333333333333,0.984375,3,0.958904109589041,1.0,1,0,S1-963210565,S3-295296427,S3,1
1,1.0,1.0,1.0,1.0,1.0,0,1.0,0,0.7027027027027026,0.7837837837837839,0.7837837837837838,0.2,0.3829787234042553,2,0.9473684210526315,0.0,1,0,S1-833247178,S2-277683956,S2,1
1,1.0,1.0,1.0,1.0,1.0,0,1.0,0,0.6796116504854368,0.7894736842105263,0.6601941747572815,0.35714285714285715,0.4444444444444444,5,0.9074074074074074,0.5,1,0,S1-953729893,S2-879203303,S2,1
0,0.9811320754716981,0.9433962264150944,0.9433962264150944,0.5714285714285714,0.8148148148148148,1,0.9629629629629629,0,0.8467153284671532,0.926829268292683,0.8321167883211679,0.7058823529411765,0.7236842105263158,1,0.9855072463768116,1.0,1,0,S1-502380462,S3-736530638,S3,1
0,0.8095238095238095,1.0,0.8095238095238095,0.6666666666666666,0.6521739130434783,8,0.68,0,0.9411764705882352,0.9508196721311475,0.9411764705882352,0.6666666666666666,0.8823529411764706,4,0.8888888888888888,1.0,1,0,S1-553654612,S3-862102518,S3,1
0,0.962962962962963,0.9629629629629629,0.5555555555555556,0.5,0.7857142857142857,0,1.0,0,0.631578947368421,0.7111111111111111,0.6578947368421053,0.18181818181818182,0.3584905660377358,18,0.6170212765957447,0.0,1,0,S1-753951212,S3-160099361,S3,1
0,0.4489795918367348,1.0,0.4489795918367348,0.42857142857142855,0.25,27,0.2894736842105263,1,1.0,1.0,1.0,1.0,1.0,0,1.0,1.0,1,0,S1-888197364,S3-350285914,S3,1
0,0.7692307692307692,0.8461538461538461,0.7692307692307692,0.4,0.6,2,0.9259259259259259,0,0.6041666666666667,0.9629629629629629,0.8541666666666665,0.7,0.6428571428571429,12,0.7777777777777778,1.0,1,0,S1-580917696,S3-580845326,S3,1
0,0.8717948717948718,0.5128205128205129,0.5128205128205128,0.0,0.5217391304347826,1,0.95,0,0.8333333333333335,0.85,0.8333333333333335,0.5,0.6296296296296297,2,0.92,0.0,1,0,S1-587061462,S3-431635006,S3,1
0,0.36065573770491793,0.45714285714285713,0.3278688524590164,0.07692307692307693,0.1702127659574468,1,0.967741935483871,0,0.8333333333333335,0.9837837837837837,0.9259259259259259,0.8947368421052632,0.8349514563106796,16,0.8620689655172413,1.0,1,0,S1-699093709,S3-786793824,S3,1
0,0.6666666666666667,1.0,0.6666666666666667,0.5,0.3333333333333333,4,0.5,0,0.8918918918918919,0.8387096774193549,0.8378378378378379,0.5,0.7073170731707317,2,0.9473684210526315,1.0,1,0,S1-27889551,S3-709265907,S3,1
0,0.9459459459459459,0.9459459459459459,0.9459459459459459,0.42857142857142855,0.725,2,0.9473684210526315,0,0.6136363636363636,0.5909090909090909,0.5454545454545454,0.21428571428571427,0.18309859154929578,4,0.9130434782608695,0.3333333333333333,1,0,S1-479911163,S2-581673334,S2,1
0,0.8333333333333335,1.0,0.8333333333333335,0.6666666666666666,0.6666666666666666,4,0.7142857142857143,0,0.7777777777777779,0.923076923076923,0.7777777777777779,0.5,0.5151515151515151,12,0.6363636363636364,0.5,1,0,S1-202852083,S2-19886162,S2,1
1,1.0,1.0,1.0,1.0,1.0,0,1.0,0,0.825,0.825,0.825,0.25,0.49019607843137253,2,0.9512195121951219,0.5,1,0,S1-450355844,S2-595265455,S2,1
0,0.6666666666666667,1.0,0.6666666666666667,0.5,0.25,3,0.5,0,0.4358974358974359,0.8275862068965517,0.5128205128205128,0.2727272727272727,0.19298245614035087,30,0.4444444444444444,1.0,1,0,S1-651622762,S3-31254771,S3,1
0,0.1875,0.1875,0.1875,0.0,0.0,0,1.0,0,0.9365079365079364,1.0,0.9365079365079364,0.9166666666666666,0.8484848484848485,8,0.8805970149253731,1.0,1,0,S1-324212366,S2-688319194,S2,1
0,0.8085106382978724,0.46808510638297873,0.46808510638297873,0.0,0.4827586206896552,5,0.8076923076923077,0,0.8321167883211679,0.894308943089431,0.8175182481751826,0.5882352941176471,0.6621621621621622,1,0.9855072463768116,1.0,1,0,S1-734241046,S2-989523500,S2,1
1,1.0,1.0,1.0,1.0,1.0,0,1.0,0,0.9323308270676691,1.0,0.9774436090225564,0.9285714285714286,0.9322033898305084,3,0.9558823529411765,1.0,1,0,S1-99133656,S3-746184063,S3,1
0,0.5161290322580645,0.7741935483870968,0.5161290322580645,0.5,0.22727272727272727,1,0.9375,0,0.9364161849710981,1.0,0.9364161849710981,1.0,0.9615384615384616,11,0.8804347826086957,1.0,1,0,S1-824401433,S2-185882650,S2,1
0,0.6923076923076923,1.0,0.6923076923076923,0.5,0.5161290322580645,16,0.5294117647058824,0,0.9385474860335195,0.9655172413793103,0.9385474860335195,0.8421052631578947,0.8192771084337349,7,0.9247311827956989,0.75,1,0,S1-803947582,S3-804241125,S3,1
1,1.0,1.0,1.0,1.0,1.0,0,1.0,0,0.8863636363636364,0.96,0.8863636363636364,0.6,0.7291666666666666,10,0.7959183673469388,0.3333333333333333,1,0,S1-229210114,S3-914388961,S3,1
0,0.6666666666666667,0.8163265306122449,0.6666666666666667,0.6,0.4358974358974359,2,0.9354838709677419,0,0.9818181818181819,1.0,0.9818181818181819,0.9,0.9629629629629629,2,0.9642857142857143,1.0,1,0,S1-141074947,S2-386684636,S2,1
0,0.8157894736842105,1.0,0.8157894736842105,0.5,0.7073170731707317,14,0.6888888888888889,1,1.0,1.0,1.0,1.0,1.0,0,1.0,1.0,1,0,S1-775302221,S3-544171579,S3,1
0,0.9333333333333332,1.0,0.9333333333333332,0.8,0.868421052631579,5,0.875,0,0.9354838709677421,0.9354838709677419,0.9354838709677421,0.7142857142857143,0.7575757575757576,0,1.0,1.0,1,0,S1-31830143,S2-780466331,S2,1
1,1.0,1.0,1.0,1.0,1.0,0,1.0,0,0.0,0.0,0.0,0.0,0.0,29,0.0,0.0,1,0,S1-196014228,S3-81372045,S3,1
1,1.0,1.0,1.0,1.0,1.0,0,1.0,0,0.8684210526315791,0.8823529411764706,0.8684210526315791,0.6666666666666666,0.7073170731707317,0,1.0,1.0,1,0,S1-794828108,S3-175436006,S3,1
0,0.9090909090909091,0.9090909090909091,0.9090909090909091,0.6,0.6666666666666666,4,0.8333333333333334,0,0.9367088607594937,1.0,0.9367088607594937,0.9230769230769231,0.9577464788732394,10,0.8809523809523809,1.0,1,0,S1-318863954,S2-368366003,S2,1
0,0.9777777777777777,0.9777777777777777,0.9777777777777777,0.5,0.782608695652174,1,0.9565217391304348,0,0.42105263157894735,0.6842105263157895,0.4631578947368421,0.2,0.13924050632911392,45,0.35714285714285715,0.5,1,0,S1-671233527,S3-223523183,S3,1
0,0.75,1.0,1.0,1.0,0.6470588235294118,0,1.0,0,0.8205128205128205,0.8709677419354839,0.7948717948717949,0.4,0.574468085106383,8,0.813953488372093,0.3333333333333333,1,0,S1-446581549,S3-657492062,S3,1
0,0.962962962962963,0.9629629629629629,0.962962962962963,0.0,0.6428571428571429,1,0.9285714285714286,0,0.4722222222222222,0.9508196721311475,0.8611111111111112,0.75,0.7297297297297297,4,0.8947368421052632,1.0,1,0,S1-688155733,S2-901467759,S2,1
1,1.0,1.0,1.0,1.0,1.0,0,1.0,0,0.8282828282828283,0.9341317365269461,0.8585858585858586,0.7142857142857143,0.77,4,0.9603960396039604,1.0,1,0,S1-5373328,S3-684275953,S3,1
1,1.0,1.0,1.0,1.0,1.0,0,1.0,0,0.8823529411764706,0.8823529411764706,0.8823529411764706,0.45454545454545453,0.6410256410256411,4,0.8888888888888888,0.3333333333333333,1,0,S1-361603268,S3-985626491,S3,1
0,0.2142857142857143,1.0,0.2142857142857143,0.25,0.043478260869565216,22,0.12,0,0.8923076923076922,1.0,1.0,1.0,0.9090909090909091,0,1.0,1.0,1,0,S1-508629313,S3-45578096,S3,1
0,0.6666666666666667,1.0,0.6666666666666667,0.6,0.4883720930232558,23,0.5,0,0.5060240963855422,0.955223880597015,0.8433734939759038,0.5555555555555556,0.6122448979591837,13,0.7291666666666666,0.5,1,0,S1-39538450,S2-805205973,S2,1
0,0.9259259259259259,0.9259259259259259,0.9259259259259259,0.6,0.7241379310344828,4,0.8620689655172413,0,0.7076923076923076,0.9137931034482759,0.8615384615384616,0.6153846153846154,0.6986301369863014,4,0.9402985074626866,0.3333333333333333,1,0,S1-142858922,S3-844238024,S3,1
0,0.9565217391304348,0.9565217391304348,0.9565217391304348,0.5,0.75,0,1.0,0,0.9487179487179486,0.9487179487179488,0.9487179487179486,0.75,0.7619047619047619,0,1.0,0.0,1,0,S1-273347021,S2-214610368,S2,1
0,0.8518518518518519,1.0,1.0,1.0,0.7857142857142857,0,1.0,0,0.7384615384615385,0.9828571428571429,0.9641025641025641,0.8461538461538461,0.7916666666666666,7,0.9306930693069307,1.0,1,0,S1-49472994,S3-9563399,S3,1
0,0.6923076923076923,0.6923076923076923,0.6923076923076923,0.3333333333333333,0.29411764705882354,0,1.0,0,0.6206896551724138,0.5517241379310345,0.5517241379310345,0.1,0.2926829268292683,12,0.6571428571428571,0.5,1,0,S1-920247320,S3-367330586,S3,1
0,0.5974025974025974,0.8571428571428571,0.8571428571428572,0.42857142857142855,0.40384615384615385,5,0.8780487804878049,0,0.9369369369369369,0.9655172413793103,0.9369369369369369,0.7777777777777778,0.8269230769230769,7,0.8813559322033898,0.0,1,0,S1-49093888,S3-692657221,S3,1
0,0.09230769230769231,0.10169491525423723,0.09230769230769231,0.0,0.0,3,0.9117647058823529,0,0.5673758865248226,1.0,0.950354609929078,0.8333333333333334,0.7941176470588235,7,0.9054054054054054,0.5,1,0,S1-486245576,S2-202554186,S2,1
0,0.7916666666666665,0.5833333333333334,0.5833333333333333,0.0,0.375,6,0.7777777777777778,0,0.8717948717948718,0.9538461538461539,0.8717948717948718,0.5555555555555556,0.6818181818181818,10,0.7727272727272727,1.0,1,0,S1-89561198,S2-606873798,S2,1
0,0.7532467532467533,0.90625,0.7532467532467533,0.5714285714285714,0.5531914893617021,7,0.8333333333333334,0,0.9481481481481482,0.9752066115702479,0.9481481481481482,0.8333333333333334,0.9047619047619048,7,0.9014084507042254,1.0,1,0,S1-154188815,S3-116102767,S3,1
0,0.9523809523809522,0.9523809523809524,0.9523809523809522,0.5,0.6521739130434783,0,1.0,0,0.7941176470588236,0.8076923076923077,0.7941176470588236,0.3333333333333333,0.5238095238095238,6,0.8378378378378378,0.3333333333333333,1,0,S1-496685149,S3-916185593,S3,1
0,0.9508196721311475,1.0,0.9508196721311475,0.75,0.9310344827586207,3,0.90625,0,0.9523809523809522,0.9523809523809524,0.9523809523809522,0.75,0.7878787878787878,3,0.9090909090909091,1.0,1,0,S1-377044610,S2-83798249,S2,1
1,1.0,1.0,1.0,1.0,1.0,0,1.0,0,0.0,0.0,0.0,0.0,0.0,36,0.0,0.0,1,0,S1-905373394,S2-383127276,S2,1
0,0.8301886792452831,0.9,0.8301886792452831,0.6,0.6896551724137931,9,0.7096774193548387,0,0.8679245283018868,0.9302325581395349,0.8679245283018868,0.5,0.6333333333333333,7,0.7666666666666667,0.0,1,0,S1-838299012,S2-541379991,S2,1
0,0.2465753424657534,0.32432432432432434,0.2191780821917808,0.06666666666666667,0.08771929824561403,1,0.972972972972973,0,0.8947368421052632,0.9714285714285714,0.8947368421052632,0.7,0.9298245614035088,16,0.8095238095238095,1.0,1,0,S1-984376515,S2-153978707,S2,1
0,0.7317073170731707,0.6829268292682927,0.6829268292682926,0.0,0.4230769230769231,5,0.782608695652174,0,0.7972027972027972,0.9743589743589743,0.923076923076923,0.8125,0.8115942028985508,1,0.9861111111111112,0.6,1,0,S1-45251177,S3-656009536,S3,1
0,0.7142857142857143,1.0,0.7142857142857143,0.6666666666666666,0.52,12,0.5555555555555556,0,0.0,0.0,0.0,0.0,0.0,30,0.0,0.0,1,0,S1-486531131,S2-237596353,S2,1
0,0.7169811320754718,0.45283018867924524,0.45283018867924535,0.0,0.32432432432432434,7,0.7666666666666667,0,0.9090909090909091,0.9473684210526315,0.9090909090909091,0.6666666666666666,0.8235294117647058,6,0.8333333333333334,1.0,1,0,S1-856035231,S3-715810618,S3,1
1,1.0,1.0,1.0,1.0,1.0,0,1.0,0,0.7848101265822784,0.8620689655172414,0.7848101265822784,0.36363636363636365,0.5306122448979592,13,0.717391304347826,0.5,1,0,S1-218338249,S3-256268292,S3,1
0,0.7647058823529411,1.0,1.0,1.0,0.8285714285714286,0,1.0,0,0.7579908675799087,0.9753694581280788,0.91324200913242,0.8,0.8198198198198198,3,0.972972972972973,0.75,1,0,S1-483600127,S2-835288927,S2,1
0,0.814814814814815,0.5925925925925926,0.5925925925925926,0.0,0.35294117647058826,1,0.9285714285714286,0,0.845360824742268,0.8571428571428571,0.8247422680412371,0.6,0.64,7,0.8653846153846154,1.0,1,0,S1-108863766,S3-740270679,S3,1
0,0.5306122448979591,1.0,0.5306122448979591,0.5,0.3235294117647059,23,0.3611111111111111,0,0.4776119402985075,0.7755102040816326,0.5970149253731343,0.4444444444444444,0.2857142857142857,7,0.8108108108108109,0.5,1,0,S1-840992645,S2-882371795,S2,1
0,0.9473684210526316,0.9473684210526315,0.9473684210526316,0.5,0.7,0,1.0,1,1.0,1.0,1.0,1.0,1.0,0,1.0,1.0,1,0,S1-276017081,S2-957259416,S2,1
0,0.992,0.992,0.992,0.7777777777777778,0.9180327868852459,1,0.9841269841269841,0,0.9308176100628931,0.943089430894309,0.9308176100628931,0.7142857142857143,0.8428571428571429,3,0.9629629629629629,1.0,1,0,S1-79523328,S3-642474327,S3,1
1,1.0,1.0,1.0,1.0,1.0,0,1.0,0,0.9620253164556962,0.9620253164556962,0.8860759493670887,0.7142857142857143,0.875,3,0.926829268292683,1.0,1,0,S1-174574791,S3-382541297,S3,1
0,0.1132075471698113,0.12244897959183675,0.1132075471698113,0.0,0.0,1,0.9629629629629629,0,0.5252525252525253,0.736842105263158,0.5252525252525253,0.25,0.25,27,0.5714285714285714,0.0,1,0,S1-938300211,S2-938415509,S2,1
0,0.4666666666666666,1.0,0.4666666666666666,0.25,0.23809523809523808,16,0.30434782608695654,0,0.90625,1.0,1.0,1.0,0.8181818181818182,0,1.0,1.0,1,0,S1-822767049,S3-527693360,S3,1
0,0.9130434782608696,1.0,0.9130434782608696,0.6666666666666666,0.8260869565217391,4,0.84,0,0.5483870967741935,0.903225806451613,0.9032258064516128,0.5714285714285714,0.5263157894736842,4,0.8787878787878788,1.0,1,0,S1-726768831,S2-340520467,S2,1
1,1.0,1.0,1.0,1.0,1.0,0,1.0,0,0.7586206896551724,0.7586206896551724,0.7586206896551724,0.2857142857142857,0.42105263157894735,0,1.0,0.0,1,0,S1-171563893,S3-325278618,S3,1
0,0.9166666666666665,1.0,0.9166666666666665,0.75,0.8333333333333334,4,0.8461538461538461,0,0.5,0.7666666666666667,0.7666666666666666,0.25,0.5277777777777778,4,0.875,0.3333333333333333,1,0,S1-311126790,S2-130956423,S2,1
0,0.9285714285714286,1.0,0.9285714285714286,0.75,0.8571428571428571,4,0.8666666666666667,0,0.845360824742268,0.9620253164556962,0.845360824742268,0.6,0.6607142857142857,15,0.7321428571428571,0.5,1,0,S1-744023986,S3-199820002,S3,1
0,0.9152542372881356,0.9454545454545454,0.9152542372881356,0.6,0.8333333333333334,1,0.9666666666666667,0,0.7924528301886792,0.8095238095238095,0.7924528301886792,0.42857142857142855,0.53125,3,0.8928571428571429,0.0,1,0,S1-892652458,S2-672839686,S2,1
0,0.9523809523809522,0.9523809523809524,0.9523809523809522,0.6666666666666666,0.8048780487804879,4,0.9090909090909091,0,0.8333333333333335,0.8888888888888888,0.8095238095238095,0.5,0.6595744680851063,4,0.9090909090909091,1.0,1,0,S1-619200453,S3-209240992,S3,1
1,1.0,1.0,1.0,1.0,1.0,0,1.0,0,0.9491525423728814,0.9491525423728814,0.9491525423728814,0.6666666666666666,0.7666666666666667,3,0.9032258064516129,1.0,1,0,S1-227210028,S2-894781810,S2,1
1,1.0,1.0,1.0,1.0,1.0,0,1.0,0,0.0,0.0,0.0,0.0,0.0,110,0.0,0.0,1,0,S1-990228082,S3-49166380,S3,1
0,0.8333333333333335,0.9583333333333333,0.8333333333333335,0.6,0.6923076923076923,0,1.0,0,0.7887323943661972,0.8888888888888888,0.8732394366197183,0.6666666666666666,0.6341463414634146,1,0.9722222222222222,0.5,1,0,S1-70062505,S3-162721702,S3,1
0,0.8484848484848484,0.8484848484848484,0.8484848484848484,0.5,0.45,1,0.9411764705882353,0,0.7207207207207208,0.8648648648648648,0.8108108108108109,0.5384615384615384,0.4927536231884058,7,0.8813559322033898,0.3333333333333333,1,0,S1-949563529,S3-932787679,S3,1
0,0.09090909090909094,0.09523809523809518,0.09090909090909094,0.0,0.0,4,0.8333333333333334,0,0.4552845528455285,0.8,0.4390243902439024,0.3,0.2608695652173913,45,0.4642857142857143,0.5,1,0,S1-907599884,S2-486649886,S2,1
0,0.5,0.45833333333333337,0.45833333333333337,0.0,0.15789473684210525,16,0.5,0,0.9615384615384616,0.984771573604061,0.9326923076923077,0.8421052631578947,0.9587628865979382,8,0.9259259259259259,1.0,1,0,S1-636383434,S3-637653811,S3,1
1,1.0,1.0,1.0,1.0,1.0,0,1.0,0,0.6578947368421053,1.0,0.9210526315789473,0.875,0.6744186046511628,6,0.8536585365853658,0.0,1,0,S1-189234184,S2-677148139,S2,1
0,0.2222222222222222,0.2222222222222223,0.2222222222222222,0.0,0.0,13,0.35,0,0.8857142857142857,0.8857142857142857,0.8857142857142857,0.4444444444444444,0.65,6,0.8421052631578947,0.0,1,0,S1-970407388,S2-516453492,S2,1
0,0.9189189189189189,0.9189189189189189,0.9189189189189189,0.5,0.5714285714285714,1,0.9473684210526315,0,0.8181818181818181,0.9090909090909091,0.8181818181818181,0.5,0.6,8,0.6923076923076923,0.0,1,0,S1-798201018,S2-185352716,S2,1
0,0.10169491525423723,0.10909090909090907,0.10169491525423723,0.0,0.0,3,0.9032258064516129,0,0.5252525252525253,0.98989898989899,0.98989898989899,0.75,0.8571428571428571,1,0.98,1.0,1,0,S1-610434893,S2-439611761,S2,1
0,0.8070175438596492,0.8979591836734694,0.8070175438596492,0.5,0.5862068965517241,7,0.78125,0,0.927536231884058,0.9714285714285714,0.927536231884058,0.8333333333333334,0.8620689655172413,10,0.8648648648648649,1.0,1,0,S1-575809395,S3-810437122,S3,1
1,1.0,1.0,1.0,1.0,1.0,0,1.0,0,0.96,0.96,0.96,0.75,0.8205128205128205,3,0.9230769230769231,1.0,1,0,S1-868915376,S2-896083448,S2,1
0,0.8666666666666667,1.0,0.8666666666666667,0.75,0.75,8,0.7647058823529411,0,0.7956989247311828,0.9759036144578314,0.8709677419354839,0.8421052631578947,0.8191489361702128,12,0.8787878787878788,1.0,1,0,S1-353166884,S2-852673809,S2,1
0,0.96,0.96,0.96,0.6,0.7692307692307693,0,1.0,0,0.8322147651006712,0.8888888888888888,0.8322147651006712,0.5,0.6323529411764706,1,0.9866666666666667,0.6666666666666666,1,0,S1-742455260,S2-950733397,S2,1
0,0.9354838709677421,1.0,0.9354838709677421,0.75,0.8709677419354839,4,0.8787878787878788,0,0.8955223880597015,0.9090909090909091,0.8955223880597015,0.5714285714285714,0.75,7,0.8108108108108109,0.3333333333333333,1,0,S1-229399016,S2-533237554,S2,1
1,1.0,1.0,1.0,1.0,1.0,0,1.0,0,0.6,0.8684210526315789,0.74,0.5,0.5166666666666667,14,0.7543859649122807,0.5,1,0,S1-308533378,S3-34588615,S3,1
1,1.0,1.0,1.0,1.0,1.0,0,1.0,0,0.7619047619047619,0.8666666666666667,0.7619047619047619,0.36363636363636365,0.49056603773584906,16,0.68,0.5,1,0,S1-134196210,S3-231401047,S3,1
0,0.814814814814815,1.0,0.814814814814815,0.6666666666666666,0.6428571428571429,5,0.6875,0,0.475,0.8923076923076922,0.775,0.5555555555555556,0.5306122448979592,8,0.8181818181818182,0.0,1,0,S1-87472563,S3-11620485,S3,1
0,0.8888888888888888,1.0,0.8888888888888888,0.6666666666666666,0.7777777777777778,4,0.8,0,0.923076923076923,0.9333333333333332,0.923076923076923,0.7142857142857143,0.7941176470588235,1,0.9696969696969697,0.0,1,0,S1-588371812,S2-178273085,S2,1
1,1.0,1.0,1.0,1.0,1.0,0,1.0,0,0.8615384615384616,1.0,0.8615384615384616,0.7142857142857143,0.6944444444444444,9,0.7567567567567568,0.6666666666666666,1,0,S1-331917946,S2-262652360,S2,1
0,0.8787878787878788,0.8787878787878788,0.8787878787878788,0.5,0.55,4,0.8857142857142857,0,0.6526315789473685,0.8,0.631578947368421,0.4666666666666667,0.42105263157894735,11,0.7924528301886793,0.0,1,0,S1-748550002,S3-253056824,S3,1
1,1.0,1.0,1.0,1.0,1.0,0,1.0,1,1.0,1.0,1.0,1.0,1.0,0,1.0,1.0,1,1,S1-312952256,S2-671977732,S2,1
0,0.923076923076923,0.9523809523809524,0.8461538461538461,0.7142857142857143,0.76,0,1.0,0,0.0,0.0,0.0,0.0,0.0,28,0.0,0.0,1,0,S1-265610145,S3-172497749,S3,1
0,0.6984126984126984,1.0,0.9523809523809522,0.8,0.9032258064516129,3,0.9090909090909091,0,0.5108225108225108,0.9948186528497409,0.9956709956709957,0.8823529411764706,0.9166666666666666,1,0.9913793103448276,1.0,1,0,S1-59318825,S3-410298473,S3,1
0,0.819672131147541,0.9508196721311475,0.9508196721311475,0.6,0.6285714285714286,1,0.967741935483871,0,0.8,0.7142857142857143,0.7142857142857143,0.2,0.4444444444444444,8,0.7948717948717948,1.0,1,0,S1-879661549,S3-14354533,S3,1
0,0.9705882352941176,0.9705882352941176,0.9705882352941176,0.6,0.8285714285714286,0,1.0,0,0.8760330578512396,0.9090909090909091,0.859504132231405,0.6666666666666666,0.7205882352941176,1,0.9836065573770492,1.0,1,0,S1-229725479,S3-717653941,S3,1
0,0.9056603773584907,0.9056603773584905,0.9056603773584907,0.6666666666666666,0.6333333333333333,1,0.9629629629629629,0,0.804878048780488,0.8048780487804877,0.804878048780488,0.3333333333333333,0.46153846153846156,10,0.782608695652174,0.5,1,0,S1-819632307,S3-156183322,S3,1
0,0.8888888888888888,1.0,0.8888888888888888,0.6666666666666666,0.7777777777777778,4,0.8,0,0.6419753086419753,0.6521739130434783,0.617283950617284,0.16666666666666666,0.3508771929824561,19,0.62,0.5,1,0,S1-606531749,S3-557777834,S3,1
0,0.59375,1.0,1.0,1.0,0.7575757575757576,0,1.0,0,0.9577464788732395,1.0,0.9577464788732395,0.875,0.96875,3,0.918918918918919,1.0,1,0,S1-157700191,S3-823051565,S3,1
0,0.8125,0.8125,0.5625,0.3333333333333333,0.47368421052631576,4,0.7777777777777778,0,0.9565217391304348,0.9801324503311258,0.9565217391304348,0.8571428571428571,0.9135802469135802,7,0.9166666666666666,1.0,1,0,S1-818123478,S3-334097758,S3,1
1,1.0,1.0,1.0,1.0,1.0,0,1.0,0,0.9019607843137255,0.9650349650349651,0.9281045751633986,0.8,0.84,7,0.9125,0.75,1,0,S1-398261952,S2-509291280,S2,1
0,0.814814814814815,0.5185185185185186,0.5185185185185186,0.0,0.35294117647058826,1,0.9285714285714286,1,1.0,1.0,1.0,1.0,1.0,0,1.0,1.0,1,0,S1-62803688,S2-945802683,S2,1
1,1.0,1.0,1.0,1.0,1.0,0,1.0,0,0.875,0.9473684210526315,0.8125,0.6153846153846154,0.8297872340425532,4,0.92,1.0,1,0,S1-46259973,S3-17047591,S3,1
0,0.6,1.0,0.6,0.5,0.38461538461538464,16,0.42857142857142855,0,0.8496732026143791,0.9763779527559054,0.8496732026143791,0.7,0.7402597402597403,23,0.7386363636363636,1.0,1,0,S1-371087000,S3-98181656,S3,1
1,1.0,1.0,1.0,1.0,1.0,0,1.0,0,0.9361702127659575,0.9361702127659575,0.9361702127659575,0.6666666666666666,0.72,3,0.88,1.0,1,0,S1-572881405,S2-212341353,S2,1
0,0.8235294117647058,0.8235294117647058,0.8235294117647058,0.4,0.5789473684210527,4,0.7894736842105263,0,0.8771929824561404,0.8771929824561403,0.8771929824561404,0.42857142857142855,0.5588235294117647,3,0.9,1.0,1,0,S1-155671958,S2-508371670,S2,1
0,0.2068965517241379,0.2758620689655173,0.27586206896551724,0.0,0.0,7,0.6111111111111112,0,0.8955223880597015,0.8955223880597015,0.8955223880597015,0.5555555555555556,0.7027027027027027,1,0.9705882352941176,1.0,1,0,S1-988661069,S3-504510178,S3,1
1,1.0,1.0,1.0,1.0,1.0,0,1.0,0,0.43333333333333335,0.5,0.5,0.0,0.09803921568627451,4,0.875,0.3333333333333333,1,0,S1-871157130,S3-19410006,S3,1
0,0.8125,1.0,1.0,1.0,0.6470588235294118,0,1.0,0,0.9142857142857143,0.9142857142857143,0.9142857142857143,0.3333333333333333,0.8235294117647058,1,0.9444444444444444,0.3333333333333333,1,0,S1-290808374,S3-361488099,S3,1
0,0.9444444444444444,0.9444444444444444,0.9444444444444444,0.5,0.6842105263157895,0,1.0,0,0.631578947368421,0.912280701754386,0.9122807017543859,0.5714285714285714,0.5142857142857142,3,0.9,1.0,1,0,S1-21374515,S2-137073008,S2,1
1,1.0,1.0,1.0,1.0,1.0,0,1.0,1,1.0,1.0,1.0,1.0,1.0,0,1.0,1.0,1,1,S1-197618249,S2-157407900,S2,1
1,1.0,1.0,1.0,1.0,1.0,0,1.0,0,0.9696969696969697,0.9696969696969697,0.9696969696969697,0.7142857142857143,0.9375,2,0.9411764705882353,1.0,1,0,S1-497570847,S3-405459887,S3,1
0,0.923076923076923,1.0,0.923076923076923,0.8,0.8421052631578947,3,0.8571428571428571,0,0.88,0.88,0.88,0.42857142857142855,0.5862068965517241,2,0.9230769230769231,1.0,1,0,S1-640580980,S3-433742121,S3,1
0,0.8095238095238095,1.0,1.0,1.0,0.7272727272727273,0,1.0,0,0.8224299065420559,0.8842105263157894,0.8037383177570093,0.5,0.6181818181818182,1,0.9814814814814815,1.0,1,0,S1-909148691,S3-727603112,S3,1
0,0.8333333333333335,1.0,0.8333333333333335,1.0,0.8666666666666667,6,0.7142857142857143,0,0.9354838709677421,0.9354838709677419,0.9354838709677421,0.5,0.6571428571428571,4,0.8787878787878788,0.0,1,0,S1-205000838,S2-394172161,S2,1
0,0.5769230769230769,0.34615384615384615,0.34615384615384615,0.0,0.2631578947368421,18,0.4857142857142857,0,0.9438202247191011,1.0,0.9438202247191011,0.75,0.8478260869565217,5,0.8936170212765957,0.5,1,0,S1-411744587,S2-190897989,S2,1
0,0.8,1.0,0.8,0.6,0.6486486486486487,13,0.6666666666666666,1,1.0,1.0,1.0,1.0,1.0,0,1.0,1.0,1,0,S1-488406533,S3-296410786,S3,1
0,0.7272727272727273,1.0,0.7272727272727273,0.75,0.6086956521739131,12,0.5714285714285714,0,0.6444444444444444,0.96,0.8666666666666667,0.7,0.6470588235294118,12,0.7647058823529411,0.5,1,0,S1-468065365,S3-471977550,S3,1
0,0.9130434782608696,1.0,0.9130434782608696,0.75,0.8260869565217391,4,0.84,0,0.9206349206349206,0.9827586206896552,0.9047619047619048,0.8,0.7681159420289855,8,0.8805970149253731,0.7142857142857143,1,0,S1-836296518,S2-739654970,S2,1
0,0.9642857142857143,0.9642857142857143,0.9642857142857143,0.5,0.7931034482758621,0,1.0,0,0.5,0.6111111111111112,0.5555555555555556,0.18181818181818182,0.11864406779661017,0,1.0,1.0,1,0,S1-794276071,S3-786126577,S3,1
0,0.9130434782608696,1.0,0.9130434782608696,0.75,0.8260869565217391,4,0.84,0,0.9019607843137255,1.0,0.9019607843137255,0.8,0.8076923076923077,5,0.8214285714285714,0.0,1,0,S1-43245988,S2-14399875,S2,1
1,1.0,1.0,1.0,1.0,1.0,0,1.0,0,0.2247191011235955,0.8695652173913043,0.2921348314606742,0.14285714285714285,0.09722222222222222,63,0.17105263157894737,0.5,1,0,S1-378831741,S3-269255186,S3,1
0,0.8571428571428572,0.92,0.8571428571428572,0.6,0.7272727272727273,9,0.75,1,1.0,1.0,1.0,1.0,1.0,0,1.0,1.0,1,0,S1-481966004,S2-160760421,S2,1
0,0.9714285714285714,0.9714285714285714,0.9714285714285714,0.6,0.8571428571428571,0,1.0,0,0.8611111111111112,0.8611111111111112,0.75,0.4,0.6585365853658537,2,0.9459459459459459,0.3333333333333333,1,0,S1-112753766,S3-510330257,S3,1
0,0.878048780487805,0.4878048780487805,0.4878048780487805,0.0,0.5416666666666666,1,0.9523809523809523,0,0.8771929824561404,0.8979591836734694,0.8771929824561404,0.5,0.7586206896551724,3,0.9,0.0,1,0,S1-109811993,S3-8344058,S3,1
1,1.0,1.0,1.0,1.0,1.0,0,1.0,0,0.8456375838926175,0.9781021897810218,0.9395973154362416,0.8571428571428571,0.8589743589743589,9,0.8860759493670886,1.0,1,0,S1-6789120,S3-111121652,S3,1
1,1.0,1.0,1.0,1.0,1.0,0,1.0,0,0.6065573770491803,0.8484848484848484,0.7868852459016393,0.5833333333333334,0.5066666666666667,8,0.8769230769230769,1.0,1,0,S1-951451939,S3-452373688,S3,1
0,0.9142857142857143,0.8,0.8,0.0,0.47619047619047616,1,0.9444444444444444,0,0.8603351955307262,1.0,0.9720670391061452,0.9090909090909091,0.8625,5,0.9456521739130435,1.0,1,0,S1-719778408,S2-235409416,S2,1
0,0.8205128205128205,1.0,0.8205128205128205,0.5,0.6744186046511628,14,0.6956521739130435,1,1.0,1.0,1.0,1.0,1.0,0,1.0,1.0,1,0,S1-790014070,S3-694549376,S3,1
0,0.8947368421052632,1.0,0.8947368421052632,0.8,0.8421052631578947,8,0.8095238095238095,0,0.9248554913294798,0.9650349650349651,0.9248554913294798,0.8125,0.8674698795180723,13,0.8602150537634409,0.0,1,0,S1-924201369,S2-76433356,S2,1
0,0.878048780487805,1.0,0.878048780487805,0.6666666666666666,0.7619047619047619,5,0.782608695652174,0,0.8470588235294118,0.9090909090909091,0.8235294117647058,0.6666666666666666,0.717391304347826,1,0.9767441860465116,1.0,1,0,S1-63259412,S3-249299823,S3,1
0,0.09230769230769231,0.10526315789473685,0.09230769230769231,0.0,0.0,1,0.9696969696969697,0,0.9612403100775194,1.0,0.9612403100775194,0.8461538461538461,0.9122807017543859,1,0.9846153846153847,0.5,1,0,S1-98063957,S3-313597839,S3,1
1,1.0,1.0,1.0,1.0,1.0,0,1.0,0,0.8928571428571429,0.9397590361445783,0.8928571428571429,0.7272727272727273,0.7924528301886793,12,0.8064516129032258,1.0,1,0,S1-386578003,S2-699087927,S2,1
0,0.9824561403508771,0.9824561403508772,0.9824561403508771,0.6666666666666666,0.8928571428571429,1,0.9655172413793104,0,0.5045045045045045,0.8421052631578948,0.5765765765765766,0.375,0.3142857142857143,39,0.48,0.3333333333333333,1,0,S1-175938986,S3-934397987,S3,1
0,0.8648648648648648,0.8648648648648648,0.8648648648648648,0.0,0.5714285714285714,3,0.85,0,0.9841269841269842,1.0,0.9841269841269842,0.9090909090909091,0.9672131147540983,2,0.96875,1.0,1,0,S1-845421368,S2-69680910,S2,1
0,0.9210526315789473,1.0,0.9210526315789473,0.8333333333333334,0.8461538461538461,6,0.8536585365853658,0,0.0,0.0,0.0,0.0,0.0,23,0.0,0.0,1,0,S1-925961664,S2-607226733,S2,1
0,0.9090909090909091,1.0,0.9090909090909091,0.8,0.8214285714285714,5,0.8333333333333334,0,0.8695652173913043,0.9473684210526315,0.8695652173913043,0.5714285714285714,0.625,9,0.7692307692307693,1.0,1,0,S1-485002426,S2-885273961,S2,1
0,0.9166666666666665,1.0,0.9166666666666665,0.75,0.8695652173913043,4,0.8461538461538461,0,0.39534883720930236,0.84375,0.7674418604651163,0.36363636363636365,0.4642857142857143,12,0.7551020408163265,0.0,1,0,S1-982351520,S2-942799801,S2,1
1,1.0,1.0,1.0,1.0,1.0,0,1.0,0,0.9251700680272108,1.0,0.9795918367346939,0.9230769230769231,0.9104477611940298,3,0.96,1.0,1,0,S1-906357157,S3-422881402,S3,1
0,0.71875,0.4375,0.4375,0.0,0.36363636363636365,14,0.6410256410256411,0,0.625,0.955223880597015,0.6071428571428572,0.35714285714285715,0.40540540540540543,42,0.45454545454545453,0.5,1,0,S1-778950463,S3-120056638,S3,1
1,1.0,1.0,1.0,1.0,1.0,0,1.0,0,0.8852459016393442,0.8852459016393442,0.8852459016393442,0.42857142857142855,0.6764705882352942,1,0.967741935483871,1.0,1,0,S1-902990138,S3-348666127,S3,1
0,0.8051948051948052,1.0,0.8051948051948052,0.5,0.6590909090909091,15,0.6739130434782609,1,1.0,1.0,1.0,1.0,1.0,0,1.0,1.0,1,0,S1-959899110,S3-486384831,S3,1
0,0.8301886792452831,0.9,0.8301886792452831,0.6,0.6896551724137931,9,0.7096774193548387,0,0.8823529411764706,0.9473684210526315,0.8823529411764706,0.5555555555555556,0.6410256410256411,8,0.7894736842105263,0.5,1,0,S1-675705419,S2-423624110,S2,1
0,0.7777777777777779,1.0,0.7777777777777779,0.6666666666666666,0.6,8,0.6363636363636364,0,0.6373626373626373,0.9820359281437127,0.923076923076923,0.7857142857142857,0.7448979591836735,12,0.8762886597938144,1.0,1,0,S1-318934073,S3-999408280,S3,1
1,1.0,1.0,1.0,1.0,1.0,0,1.0,0,0.8767123287671232,0.9648241206030151,0.8858447488584476,0.782608695652174,0.7627118644067796,13,0.8879310344827587,0.8,1,0,S1-832045774,S2-559477709,S2,1
0,0.8518518518518519,1.0,0.8518518518518519,0.75,0.7241379310344828,8,0.7419354838709677,0,0.9257142857142857,0.9580838323353293,0.9142857142857143,0.7777777777777778,0.8571428571428571,1,0.9886363636363636,1.0,1,0,S1-691719855,S3-254096030,S3,1
0,0.10169491525423723,0.12765957446808515,0.10169491525423723,0.0,0.0,1,0.9666666666666667,0,0.4385964912280702,0.7555555555555555,0.38596491228070173,0.3125,0.16853932584269662,54,0.35714285714285715,0.6666666666666666,1,0,S1-149495118,S2-801953778,S2,1
0,0.8620689655172413,1.0,1.0,1.0,0.7931034482758621,0,1.0,0,0.4473684210526315,0.9411764705882354,0.7105263157894737,0.4,0.4489795918367347,22,0.5510204081632653,0.3333333333333333,1,0,S1-656347251,S3-480899690,S3,1
0,0.4666666666666666,0.6666666666666665,0.6,0.5,0.18181818181818182,2,0.875,0,0.6451612903225806,1.0,0.8870967741935484,0.8333333333333334,0.7352941176470589,14,0.7971014492753623,1.0,1,0,S1-638175011,S2-155289861,S2,1
0,0.92,0.72,0.52,0.3333333333333333,0.5862068965517241,0,1.0,0,0.9240506329113924,0.9790209790209791,0.9113924050632911,0.8125,0.8313253012048193,12,0.8588235294117647,1.0,1,0,S1-439718705,S3-899534402,S3,1
0,0.7532467532467533,0.961038961038961,0.961038961038961,0.6666666666666666,0.6976744186046512,1,0.9743589743589743,0,0.513157894736842,1.0,0.9473684210526316,0.9090909090909091,0.8441558441558441,8,0.9,1.0,1,0,S1-59750830,S2-78041196,S2,1
0,0.9714285714285714,0.9714285714285714,0.9714285714285714,0.6,0.8333333333333334,0,1.0,0,0.7543859649122807,0.8735632183908046,0.736842105263158,0.5333333333333333,0.5692307692307692,0,1.0,1.0,1,0,S1-419392905,S2-83501488,S2,1
0,0.9117647058823529,1.0,0.9117647058823529,0.8,0.8235294117647058,6,0.8378378378378378,0,0.6415094339622642,0.7945205479452055,0.7547169811320755,0.3333333333333333,0.5087719298245614,0,1.0,0.0,1,0,S1-513691093,S3-10511229,S3,1
0,0.923076923076923,1.0,0.923076923076923,0.75,0.8461538461538461,4,0.8571428571428571,0,0.7209302325581395,0.8611111111111112,0.7906976744186046,0.5833333333333334,0.5185185185185185,4,0.9111111111111111,0.5,1,0,S1-820936677,S3-761623119,S3,1
0,0.9130434782608696,1.0,0.9130434782608696,0.75,0.8260869565217391,4,0.84,0,0.8135593220338984,0.84,0.8135593220338984,0.5,0.6666666666666666,1,0.9666666666666667,0.0,1,0,S1-17916287,S3-434501881,S3,1
0,0.8857142857142857,1.0,1.0,1.0,0.8285714285714286,0,1.0,0,0.8,0.8,0.8,0.2222222222222222,0.5116279069767442,10,0.75,1.0,1,0,S1-133030771,S3-404336289,S3,1
0,0.07843137254901966,0.08888888888888885,0.07843137254901966,0.0,0.0,1,0.9615384615384616,0,0.78,0.8247422680412371,0.78,0.4166666666666667,0.55,2,0.9607843137254902,0.5,1,0,S1-570886569,S3-752881151,S3,1
0,0.8666666666666667,1.0,0.8666666666666667,0.75,0.75,8,0.7647058823529411,0,0.6277372262773723,1.0,0.948905109489051,0.9375,0.8405797101449275,3,0.9571428571428572,1.0,1,0,S1-870270788,S2-107344370,S2,1
0,0.8888888888888888,1.0,0.8888888888888888,0.75,0.7777777777777778,4,0.8,0,0.0,0.0,0.0,0.0,0.0,71,0.0,0.0,1,0,S1-788365416,S3-292881614,S3,1
1,1.0,1.0,1.0,1.0,1.0,0,1.0,1,1.0,1.0,1.0,1.0,1.0,0,1.0,1.0,1,1,S1-677688924,S2-473238965,S2,1
0,0.9090909090909091,0.9090909090909091,0.9090909090909091,0.5,0.5897435897435898,4,0.8857142857142857,0,0.34090909090909094,0.8888888888888888,0.31818181818181823,0.3076923076923077,0.15942028985507245,58,0.2054794520547945,0.5,1,0,S1-340649218,S3-51002055,S3,1
1,1.0,1.0,1.0,1.0,1.0,0,1.0,1,1.0,1.0,1.0,1.0,1.0,0,1.0,1.0,1,1,S1-155115328,S2-496670482,S2,1
0,0.8620689655172413,0.8620689655172414,0.8620689655172413,0.5,0.6363636363636364,0,1.0,0,0.9242424242424242,0.9401709401709403,0.9090909090909091,0.7,0.7397260273972602,8,0.8857142857142857,1.0,1,0,S1-61566466,S2-781977818,S2,1
0,0.9583333333333335,0.9583333333333333,0.75,0.6666666666666666,0.76,0,1.0,0,0.6101694915254237,0.6101694915254238,0.44067796610169496,0.2222222222222222,0.1702127659574468,5,0.84375,1.0,1,0,S1-411488478,S3-336678919,S3,1
0,0.8,1.0,0.8,0.6666666666666666,0.6363636363636364,8,0.6666666666666666,0,0.7857142857142857,0.8333333333333333,0.8095238095238095,0.2727272727272727,0.45454545454545453,0,1.0,0.25,1,0,S1-785569814,S3-997304278,S3,1
0,0.6666666666666667,1.0,0.6666666666666667,0.5,0.3333333333333333,4,0.5,0,0.6545454545454545,0.6545454545454545,0.5818181818181818,0.2857142857142857,0.42857142857142855,3,0.896551724137931,0.0,1,0,S1-457377300,S3-86125304,S3,1
0,0.6538461538461539,0.7407407407407408,0.6923076923076923,0.5,0.3103448275862069,4,0.8571428571428571,0,0.7105263157894737,0.8301886792452831,0.736842105263158,0.3333333333333333,0.4117647058823529,14,0.6888888888888889,1.0,1,0,S1-944897975,S3-502481669,S3,1
0,0.5714285714285714,0.736842105263158,0.5,0.5,0.3333333333333333,4,0.75,0,0.576271186440678,0.9491525423728814,0.9491525423728814,0.42857142857142855,0.5714285714285714,1,0.9666666666666667,1.0,1,0,S1-679312331,S3-744611597,S3,1
0,0.8571428571428572,1.0,0.8571428571428572,0.6666666666666666,0.7142857142857143,4,0.75,0,0.0,0.0,0.0,0.0,0.0,28,0.0,0.0,1,0,S1-606145594,S2-895857313,S2,1
0,0.7272727272727273,1.0,0.7272727272727273,0.6666666666666666,0.5384615384615384,12,0.5714285714285714,0,0.0,0.0,0.0,0.0,0.0,40,0.0,0.0,1,0,S1-598622756,S2-341015571,S2,1
0,0.7843137254901962,1.0,0.6274509803921569,0.75,0.5769230769230769,5,0.8214285714285714,0,0.7586206896551724,0.9565217391304348,0.7586206896551724,0.7,0.7818181818181819,4,0.9333333333333333,1.0,1,0,S1-938227133,S2-389636059,S2,1
0,0.9444444444444444,0.9444444444444444,0.9444444444444444,0.5,0.6842105263157895,0,1.0,0,0.8378378378378379,0.8918918918918919,0.8918918918918919,0.2222222222222222,0.6585365853658537,6,0.85,0.0,1,0,S1-101920663,S3-257957769,S3,1
0,0.41379310344827597,1.0,0.41379310344827597,0.25,0.19047619047619047,17,0.2608695652173913,1,1.0,1.0,1.0,1.0,1.0,0,1.0,1.0,1,0,S1-51036417,S3-649053350,S3,1
1,1.0,1.0,1.0,1.0,1.0,0,1.0,0,0.673913043478261,1.0,0.8913043478260869,0.8888888888888888,0.7291666666666666,10,0.803921568627451,1.0,1,0,S1-68111984,S2-688394162,S2,1
0,0.8484848484848484,0.8484848484848484,0.8484848484848484,0.0,0.5,3,0.8333333333333334,0,0.7884615384615384,0.9213483146067416,0.7884615384615384,0.6153846153846154,0.6440677966101694,8,0.8571428571428571,1.0,1,0,S1-555186478,S2-849431474,S2,1
0,0.09999999999999998,0.10714285714285708,0.09999999999999998,0.0,0.0,0,1.0,1,1.0,1.0,1.0,1.0,1.0,0,1.0,1.0,1,0,S1-285184696,S2-480996319,S2,1
0,0.8571428571428572,0.92,0.8571428571428572,0.6,0.7352941176470589,9,0.75,0,0.8857142857142857,0.9714285714285714,0.9714285714285714,0.7142857142857143,0.65,2,0.9444444444444444,1.0,1,0,S1-85030427,S2-359844978,S2,1
0,0.8955223880597015,0.8955223880597015,0.8955223880597015,0.5,0.6052631578947368,3,0.9142857142857143,0,0.5970149253731343,0.8656716417910448,0.8656716417910448,0.375,0.575,5,0.8611111111111112,1.0,1,0,S1-861605952,S3-700440198,S3,1
0,0.9473684210526316,1.0,0.9473684210526316,0.75,0.8928571428571429,3,0.9,0,0.9491525423728814,1.0,0.9491525423728814,0.9444444444444444,0.9553571428571429,12,0.9032258064516129,1.0,1,0,S1-232697923,S2-884787781,S2,1
0,0.9444444444444444,0.9444444444444444,0.9444444444444444,0.5,0.6842105263157895,0,1.0,0,0.7741935483870968,0.8064516129032258,0.7741935483870968,0.3333333333333333,0.5,8,0.7714285714285715,0.5,1,0,S1-498774216,S3-232690237,S3,1
0,0.9122807017543859,1.0,0.9122807017543859,0.8,0.8275862068965517,5,0.8387096774193549,0,0.56,0.7123287671232876,0.5800000000000001,0.3333333333333333,0.34285714285714286,6,0.8867924528301887,1.0,1,0,S1-577014631,S3-41180085,S3,1
0,0.875,1.0,0.875,0.6666666666666666,0.75,4,0.7777777777777778,0,0.9428571428571427,0.942857142857143,0.9428571428571427,0.75,0.7837837837837838,0,1.0,1.0,1,0,S1-838264577,S2-392848958,S2,1
0,0.9166666666666665,0.9166666666666667,0.9166666666666665,0.3333333333333333,0.5384615384615384,0,1.0,0,0.4631578947368421,0.8444444444444444,0.5052631578947369,0.16666666666666666,0.25,43,0.37681159420289856,0.0,1,0,S1-614844595,S3-22527831,S3,1
0,0.6046511627906976,0.6046511627906976,0.6046511627906976,0.2,0.3,15,0.4827586206896552,0,0.847457627118644,0.847457627118644,0.847457627118644,0.42857142857142855,0.6176470588235294,3,0.9032258064516129,1.0,1,0,S1-472779513,S3-449917796,S3,1
0,0.8571428571428572,0.942857142857143,0.8571428571428572,0.6666666666666666,0.7435897435897436,3,0.925,0,0.4719101123595506,0.9508196721311475,0.4719101123595506,0.3,0.2564102564102564,94,0.3088235294117647,1.0,1,0,S1-172792882,S3-777320207,S3,1
0,0.9090909090909091,1.0,0.9090909090909091,0.75,0.8181818181818182,4,0.8333333333333334,0,0.8521739130434782,0.8521739130434782,0.8521739130434782,0.5454545454545454,0.6323529411764706,15,0.7692307692307693,1.0,1,0,S1-442389054,S2-739778368,S2,1
0,0.875,1.0,0.875,0.6666666666666666,0.75,4,0.7777777777777778,0,0.9767441860465115,0.9767441860465117,0.8372093023255813,0.6666666666666666,0.95,1,0.9545454545454546,0.3333333333333333,1,0,S1-510175177,S2-713476688,S2,1
0,0.8421052631578947,0.8421052631578948,0.8421052631578947,0.0,0.5142857142857142,1,0.9655172413793104,0,0.6206896551724138,1.0,1.0,1.0,0.8275862068965517,0,1.0,1.0,1,0,S1-147829922,S2-960689868,S2,1
0,0.7241379310344827,1.0,1.0,1.0,0.7931034482758621,0,1.0,0,0.9528795811518325,0.9808917197452228,0.9528795811518325,0.8823529411764706,0.8850574712643678,9,0.91,1.0,1,0,S1-382496713,S3-180601134,S3,1
0,0.7333333333333334,1.0,0.7333333333333334,0.6666666666666666,0.5294117647058824,8,0.5789473684210527,0,0.8481012658227847,1.0,1.0,1.0,0.9315068493150684,0,1.0,1.0,1,0,S1-436026711,S2-634614959,S2,1
1,1.0,1.0,1.0,1.0,1.0,0,1.0,0,0.7910447761194032,0.9484536082474228,0.7910447761194032,0.6153846153846154,0.6197183098591549,20,0.7402597402597403,1.0,1,0,S1-68225226,S2-808539386,S2,1
0,0.8936170212765957,0.8936170212765957,0.8936170212765957,0.5,0.5357142857142857,1,0.9583333333333334,0,0.8421052631578947,0.8837209302325582,0.8421052631578947,0.5714285714285714,0.5142857142857142,9,0.7272727272727273,0.0,1,0,S1-507987143,S2-255806044,S2,1
0,0.7169811320754718,0.8444444444444444,0.8301886792452831,0.6,0.48484848484848486,1,0.9629629629629629,0,0.7777777777777779,0.8222222222222223,0.7777777777777779,0.5,0.6037735849056604,2,0.9565217391304348,1.0,1,0,S1-354543675,S3-217652023,S3,1
0,0.9152542372881356,0.7457627118644068,0.7457627118644068,0.0,0.6176470588235294,3,0.9032258064516129,0,0.9436619718309859,1.0,0.9436619718309859,0.9230769230769231,0.8611111111111112,8,0.8933333333333333,1.0,1,0,S1-963532550,S2-458396762,S2,1
0,0.08695652173913049,0.08695652173913046,0.08695652173913049,0.0,0.0,1,0.9166666666666666,0,0.6666666666666667,0.8602150537634408,0.7747747747747747,0.35714285714285715,0.5285714285714286,5,0.9137931034482759,0.0,1,0,S1-326254395,S3-160213235,S3,1
1,1.0,1.0,1.0,1.0,1.0,0,1.0,0,0.8859060402684564,0.9384615384615383,0.8590604026845639,0.75,0.8169014084507042,11,0.8625,1.0,1,0,S1-616390519,S3-671176822,S3,1
0,0.8571428571428572,1.0,0.8571428571428572,0.8,0.7333333333333333,8,0.75,0,0.0,0.0,0.0,0.0,0.0,83,0.0,0.0,1,0,S1-918068535,S3-542214464,S3,1
0,0.1333333333333333,0.1463414634146342,0.1333333333333333,0.0,0.0,11,0.6071428571428571,1,1.0,1.0,1.0,1.0,1.0,0,1.0,1.0,1,0,S1-324885039,S2-372790963,S2,1
1,1.0,1.0,1.0,1.0,1.0,0,1.0,0,0.4545454545454546,0.7916666666666667,0.7575757575757575,0.375,0.4634146341463415,8,0.7837837837837838,0.6666666666666666,1,0,S1-337657887,S3-604790378,S3,1
0,0.7843137254901962,1.0,0.8235294117647058,0.6666666666666666,0.7727272727272727,3,0.8888888888888888,0,0.8985507246376812,0.8985507246376812,0.8985507246376812,0.3333333333333333,0.6666666666666666,1,0.9714285714285714,0.0,1,0,S1-379389407,S3-414148531,S3,1
0,0.09999999999999998,0.11111111111111115,0.09999999999999998,0.0,0.0,2,0.9354838709677419,0,0.4878048780487805,0.8813559322033899,0.4878048780487805,0.3333333333333333,0.2823529411764706,57,0.36666666666666664,1.0,1,0,S1-994674960,S2-531958215,S2,1
0,0.8095238095238095,1.0,0.8095238095238095,0.6666666666666666,0.6521739130434783,8,0.68,0,0.5294117647058824,0.9333333333333332,0.8627450980392157,0.6666666666666666,0.6724137931034483,6,0.8888888888888888,1.0,1,0,S1-401976638,S3-533898113,S3,1
0,0.9090909090909091,0.9090909090909091,0.5454545454545454,0.3333333333333333,0.5,0,1.0,0,0.9117647058823529,1.0,0.8676470588235294,0.7857142857142857,0.8461538461538461,2,0.9710144927536232,0.3333333333333333,1,0,S1-124648354,S2-327565395,S2,1
1,1.0,1.0,1.0,1.0,1.0,0,1.0,0,0.0,0.0,0.0,0.0,0.0,36,0.0,0.0,1,0,S1-140644421,S3-980554991,S3,1
0,0.6842105263157895,1.0,1.0,1.0,0.7,0,1.0,0,0.8266666666666667,0.9066666666666667,0.9066666666666666,0.4,0.6136363636363636,1,0.9736842105263158,0.0,1,0,S1-835163559,S3-50947269,S3,1
1,1.0,1.0,1.0,1.0,1.0,0,1.0,0,0.962962962962963,0.9629629629629629,0.962962962962963,0.6666666666666666,0.7241379310344828,0,1.0,1.0,1,0,S1-639660037,S2-781129380,S2,1
0,0.08571428571428574,0.0882352941176471,0.08571428571428574,0.0,0.0,2,0.9444444444444444,0,0.6736842105263158,0.8674698795180723,0.8210526315789474,0.5454545454545454,0.5454545454545454,1,0.9791666666666666,1.0,1,0,S1-14344511,S3-959308868,S3,1
1,1.0,1.0,1.0,1.0,1.0,0,1.0,0,0.847457627118644,0.847457627118644,0.847457627118644,0.42857142857142855,0.6666666666666666,1,0.9666666666666667,1.0,1,0,S1-489356187,S3-512135514,S3,1
0,0.9545454545454546,0.9545454545454546,0.9545454545454546,0.5,0.7142857142857143,0,1.0,0,0.851063829787234,0.9787234042553191,0.9787234042553191,0.6666666666666666,0.6538461538461539,1,0.9583333333333334,1.0,1,0,S1-495619783,S2-312209290,S2,1
1,1.0,1.0,1.0,1.0,1.0,0,1.0,0,0.8947368421052632,0.8947368421052632,0.8947368421052632,0.5,0.7073170731707317,4,0.9,1.0,1,0,S1-886230416,S3-823461968,S3,1
1,1.0,1.0,1.0,1.0,1.0,0,1.0,0,0.5352112676056338,0.9577464788732394,0.9577464788732395,0.6666666666666666,0.7105263157894737,3,0.918918918918919,1.0,1,0,S1-225460433,S3-571389616,S3,1
0,0.8421052631578947,0.8421052631578948,0.8421052631578947,0.4,0.6060606060606061,7,0.78125,0,0.6,1.0,0.9666666666666667,0.8333333333333334,0.696969696969697,2,0.9354838709677419,1.0,1,0,S1-255178568,S2-631377539,S2,1
0,0.8666666666666667,1.0,0.8666666666666667,0.6666666666666666,0.7333333333333333,4,0.7647058823529411,0,0.9295774647887324,0.9523809523809524,0.8450704225352113,0.75,0.8055555555555556,5,0.868421052631579,1.0,1,0,S1-765946435,S3-959455918,S3,1
0,0.76,0.8372093023255814,0.72,0.5,0.5862068965517241,0,1.0,0,0.696969696969697,0.7272727272727272,0.6666666666666667,0.3,0.34782608695652173,10,0.7368421052631579,0.3333333333333333,1,0,S1-234637871,S2-296090369,S2,1
1,1.0,1.0,1.0,1.0,1.0,0,1.0,1,1.0,1.0,1.0,1.0,1.0,0,1.0,1.0,1,1,S1-485896713,S2-102659865,S2,1
0,0.8888888888888888,1.0,1.0,1.0,0.8666666666666667,0,1.0,1,1.0,1.0,1.0,1.0,1.0,0,1.0,1.0,1,0,S1-16191661,S2-282193454,S2,1
0,0.9473684210526316,0.9473684210526315,0.9473684210526316,0.6,0.7,0,1.0,0,0.9170731707317075,0.9832402234636872,0.9365853658536585,0.875,0.8556701030927835,9,0.9158878504672897,1.0,1,0,S1-150025334,S3-739651258,S3,1
0,0.7692307692307692,1.0,0.7692307692307692,0.5,0.5909090909090909,9,0.625,0,0.926829268292683,0.926829268292683,0.926829268292683,0.6,0.7619047619047619,3,0.8636363636363636,1.0,1,0,S1-65032599,S3-566840099,S3,1
1,1.0,1.0,1.0,1.0,1.0,0,1.0,1,1.0,1.0,1.0,1.0,1.0,0,1.0,1.0,1,1,S1-249211289,S2-983408769,S2,1
0,0.631578947368421,0.8372093023255814,0.631578947368421,0.6,0.4722222222222222,7,0.78125,0,0.9438202247191011,1.0,0.9438202247191011,0.7777777777777778,0.8888888888888888,5,0.8936170212765957,1.0,1,0,S1-171991486,S2-618382046,S2,1
0,0.9666666666666667,0.9666666666666667,0.9666666666666667,0.6,0.8,0,1.0,0,0.5321100917431192,0.9803921568627452,0.9174311926605505,0.8,0.6885245901639344,5,0.9122807017543859,1.0,1,0,S1-238706745,S2-912834007,S2,1
0,0.923076923076923,0.923076923076923,0.923076923076923,0.5,0.6666666666666666,1,0.95,0,0.47272727272727283,0.7272727272727272,0.7272727272727273,0.25,0.3783783783783784,1,0.9642857142857143,0.5,1,0,S1-284125107,S3-676163957,S3,1
0,0.7719298245614035,0.912280701754386,0.9122807017543859,0.6,0.4722222222222222,1,0.9655172413793104,0,0.9589041095890412,0.9589041095890412,0.9589041095890412,0.75,0.8378378378378378,3,0.9210526315789473,1.0,1,0,S1-653562425,S2-520893323,S2,1
1,1.0,1.0,1.0,1.0,1.0,0,1.0,0,0.926829268292683,0.9729729729729729,0.926829268292683,0.8333333333333334,0.828125,9,0.8636363636363636,1.0,1,0,S1-839799672,S3-23199040,S3,1
0,0.8,1.0,0.8,0.75,0.6363636363636364,8,0.6666666666666666,0,0.8827586206896553,1.0,0.8827586206896553,0.75,0.759493670886076,17,0.7901234567901234,0.5,1,0,S1-401421812,S2-161478936,S2,1
1,1.0,1.0,1.0,1.0,1.0,0,1.0,0,0.33644859813084116,0.75,0.33644859813084116,0.13333333333333333,0.15294117647058825,67,0.22988505747126436,0.0,1,0,S1-299995665,S3-789775372,S3,1
0,0.875,1.0,0.875,0.5,0.75,4,0.7777777777777778,0,0.923076923076923,0.9333333333333332,0.923076923076923,0.6666666666666666,0.7777777777777778,4,0.8571428571428571,1.0,1,0,S1-778114161,S2-385314635,S2,1
1,1.0,1.0,1.0,1.0,1.0,0,1.0,0,0.8787878787878788,0.9696969696969697,0.9696969696969697,0.7142857142857143,0.6666666666666666,0,1.0,1.0,1,0,S1-327086461,S2-285025955,S2,1
0,0.7058823529411764,0.8070175438596491,0.7058823529411764,0.3333333333333333,0.46511627906976744,0,1.0,0,0.3366336633663366,0.9411764705882354,0.5148514851485149,0.21428571428571427,0.24675324675324675,47,0.36486486486486486,0.25,1,0,S1-455389196,S3-207240108,S3,1
0,0.9166666666666665,0.9166666666666667,0.9166666666666665,0.6,0.72,4,0.8461538461538461,0,0.5757575757575757,0.6857142857142857,0.5757575757575757,0.25,0.24444444444444444,20,0.5348837209302325,1.0,1,0,S1-140048910,S3-947781677,S3,1
0,0.09677419354838712,0.10714285714285708,0.09677419354838712,0.0,0.0,0,1.0,0,0.4285714285714286,0.923076923076923,0.4285714285714286,0.23076923076923078,0.22666666666666666,56,0.2727272727272727,0.2,1,0,S1-491616853,S3-158119920,S3,1
0,0.875,1.0,0.875,0.5,0.75,4,0.7777777777777778,0,0.7142857142857143,0.9555555555555556,0.7678571428571428,0.7857142857142857,0.7068965517241379,14,0.7777777777777778,1.0,1,0,S1-340427300,S2-424806036,S2,1
0,0.56,0.5882352941176471,0.56,0.3333333333333333,0.23529411764705882,1,0.9230769230769231,0,0.9206349206349206,0.9206349206349206,0.9206349206349206,0.5,0.6388888888888888,3,0.9090909090909091,1.0,1,0,S1-736418160,S3-539679918,S3,1
0,0.8125,1.0,0.8125,0.8,0.7058823529411765,12,0.6842105263157895,0,0.8831168831168832,0.8985507246376812,0.8831168831168832,0.625,0.6590909090909091,1,0.9743589743589743,1.0,1,0,S1-371198298,S2-56969164,S2,1
0,0.7346938775510203,0.5306122448979592,0.5306122448979591,0.0,0.40625,1,0.96,0,0.9152542372881356,1.0,0.9152542372881356,0.8571428571428571,0.8505747126436781,15,0.84375,1.0,1,0,S1-107914038,S2-5546249,S2,1
1,1.0,1.0,1.0,1.0,1.0,0,1.0,0,0.78125,0.8627450980392157,0.75,0.4444444444444444,0.5384615384615384,6,0.8285714285714286,0.0,1,0,S1-140962810,S3-78626899,S3,1
0,0.8666666666666667,1.0,0.8666666666666667,0.6666666666666666,0.7333333333333333,4,0.7647058823529411,0,0.8571428571428572,0.9090909090909091,0.8571428571428572,0.5,0.5416666666666666,6,0.75,0.0,1,0,S1-30547988,S2-897140229,S2,1
1,1.0,1.0,1.0,1.0,1.0,0,1.0,0,0.6451612903225806,0.8607594936708861,0.8602150537634408,0.5454545454545454,0.5535714285714286,3,0.9375,1.0,1,0,S1-951438980,S3-801702160,S3,1
0,0.7272727272727273,1.0,0.7272727272727273,0.6666666666666666,0.5263157894736842,9,0.5714285714285714,0,0.9705882352941176,0.9705882352941176,0.9705882352941176,0.6666666666666666,0.8285714285714286,0,1.0,1.0,1,0,S1-786901582,S2-341564100,S2,1
0,0.96,0.96,0.96,0.6,0.7692307692307693,0,1.0,0,0.90625,0.926829268292683,0.875,0.5714285714285714,0.7142857142857143,6,0.8285714285714286,1.0,1,0,S1-194766298,S3-912398845,S3,1
0,0.8727272727272728,0.96,0.8727272727272728,0.6,0.6,5,0.8333333333333334,0,0.972972972972973,0.9729729729729729,0.972972972972973,0.75,0.8157894736842105,2,0.9473684210526315,1.0,1,0,S1-311229273,S2-518831862,S2,1
0,0.8695652173913043,1.0,0.8695652173913043,0.6666666666666666,0.7272727272727273,3,0.7692307692307693,0,0.85,0.9333333333333332,0.9333333333333332,0.7,0.7777777777777778,4,0.9354838709677419,1.0,1,0,S1-559409068,S3-6620814,S3,1
0,0.8387096774193549,0.5806451612903225,0.5806451612903225,0.0,0.42105263157894735,1,0.9375,0,0.8571428571428572,0.8571428571428571,0.8571428571428572,0.5,0.6363636363636364,5,0.8780487804878049,1.0,1,0,S1-104416852,S3-908455141,S3,1
0,0.5901639344262295,0.8852459016393442,0.8852459016393442,0.5,0.425,1,0.967741935483871,0,0.7722772277227723,0.9069767441860465,0.8316831683168318,0.5555555555555556,0.6166666666666667,7,0.8703703703703703,0.0,1,0,S1-786140325,S3-595004993,S3,1
1,1.0,1.0,1.0,1.0,1.0,0,1.0,0,0.7419354838709676,0.7419354838709676,0.7419354838709676,0.3,0.38095238095238093,4,0.8787878787878788,1.0,1,0,S1-713148110,S3-508540109,S3,1
0,0.6849315068493153,0.8679245283018868,0.6849315068493153,0.4,0.6176470588235294,13,0.6976744186046512,0,0.8761904761904762,0.9156626506024097,0.8571428571428572,0.6923076923076923,0.74,1,0.9811320754716981,1.0,1,0,S1-917113909,S3-490171385,S3,1
0,0.923076923076923,1.0,0.923076923076923,0.75,0.8461538461538461,4,0.8571428571428571,0,0.6027397260273972,0.9589041095890412,0.9589041095890412,0.7142857142857143,0.725,3,0.9210526315789473,1.0,1,0,S1-660829455,S3-843601276,S3,1
1,1.0,1.0,1.0,1.0,1.0,0,1.0,0,0.7792207792207794,0.9152542372881356,0.8051948051948052,0.45454545454545453,0.45652173913043476,13,0.7111111111111111,0.5,1,0,S1-632326975,S2-640991183,S2,1
1,1.0,1.0,1.0,1.0,1.0,0,1.0,0,0.7272727272727273,0.7272727272727272,0.7272727272727273,0.2857142857142857,0.45714285714285713,1,0.9642857142857143,0.5,1,0,S1-90825315,S3-713098538,S3,1
1,1.0,1.0,1.0,1.0,1.0,0,1.0,0,0.9152542372881356,0.9411764705882354,0.9152542372881356,0.6666666666666666,0.8333333333333334,5,0.84375,1.0,1,0,S1-782331763,S3-963425362,S3,1
0,0.8444444444444444,0.8292682926829268,0.8444444444444444,0.6666666666666666,0.5,1,0.9565217391304348,0,0.9655172413793103,0.9655172413793103,0.9655172413793103,0.6666666666666666,0.8,2,0.9333333333333333,1.0,1,0,S1-666256681,S2-360012450,S2,1
0,0.7058823529411764,0.7058823529411765,0.7058823529411764,0.3333333333333333,0.3,1,0.8888888888888888,0,0.5625,0.875,0.875,0.42857142857142855,0.5526315789473685,4,0.8823529411764706,1.0,1,0,S1-504729197,S3-546712274,S3,1
0,0.9666666666666667,0.9666666666666667,0.9666666666666667,0.6,0.696969696969697,2,0.9354838709677419,0,0.9210526315789473,0.9781021897810218,0.8815789473684209,0.7692307692307693,0.8421052631578947,12,0.8536585365853658,1.0,1,0,S1-568519897,S3-457617726,S3,1
0,0.8181818181818181,1.0,0.8181818181818181,0.8,0.6666666666666666,8,0.6923076923076923,0,0.6956521739130435,0.8888888888888888,0.6956521739130435,0.4444444444444444,0.3829787234042553,19,0.5681818181818182,0.6666666666666666,1,0,S1-729030143,S2-961240941,S2,1
0,0.9180327868852458,0.9180327868852458,0.9180327868852458,0.0,0.6285714285714286,3,0.90625,0,0.8529411764705883,0.8529411764705883,0.8529411764705883,0.3333333333333333,0.5609756097560976,4,0.8888888888888888,0.3333333333333333,1,0,S1-929802976,S3-776788340,S3,1
0,0.7058823529411764,0.8571428571428571,0.7058823529411764,0.6,0.5517241379310345,3,0.8888888888888888,0,0.7068965517241379,1.0,0.9310344827586207,0.9090909090909091,0.8032786885245902,8,0.8709677419354839,1.0,1,0,S1-883133227,S2-667518345,S2,1
0,0.7027027027027026,0.4324324324324324,0.4324324324324324,0.0,0.375,5,0.7619047619047619,0,0.9793103448275862,0.9793103448275862,0.9793103448275862,0.8571428571428571,0.9428571428571428,3,0.9594594594594594,1.0,1,0,S1-180447386,S3-337873130,S3,1
1,1.0,1.0,1.0,1.0,1.0,0,1.0,0,0.8,0.9387755102040817,0.8,0.5,0.5641025641025641,13,0.6666666666666666,0.6666666666666666,1,0,S1-887127435,S2-850220244,S2,1
0,0.10909090909090914,0.12244897959183675,0.10909090909090914,0.0,0.0,1,0.9642857142857143,0,0.49504950495049505,0.9,0.49504950495049505,0.3333333333333333,0.25757575757575757,41,0.4225352112676056,1.0,1,0,S1-850339416,S3-318215141,S3,1
0,0.65,0.5,0.5,0.0,0.2857142857142857,10,0.6,0,0.875,0.875,0.875,0.4,0.6444444444444445,4,0.9047619047619048,0.0,1,0,S1-395275013,S3-96055730,S3,1
1,1.0,1.0,1.0,1.0,1.0,0,1.0,0,0.8633093525179857,0.9928057553956835,0.9928057553956835,0.8,0.9365079365079365,1,0.9857142857142858,0.0,1,0,S1-45091061,S3-655739030,S3,1
1,1.0,1.0,1.0,1.0,1.0,0,1.0,0,0.7462686567164178,0.8358208955223881,0.835820895522388,0.375,0.5121951219512195,5,0.8611111111111112,0.5,1,0,S1-655016503,S3-683603090,S3,1
1,1.0,1.0,1.0,1.0,1.0,0,1.0,0,0.7272727272727273,0.6969696969696969,0.6363636363636364,0.3,0.4186046511627907,8,0.7837837837837838,0.5,1,0,S1-807798134,S3-584685362,S3,1
1,1.0,1.0,1.0,1.0,1.0,0,1.0,0,0.8363636363636364,0.8363636363636364,0.8363636363636364,0.42857142857142855,0.5454545454545454,5,0.8333333333333334,1.0,1,0,S1-86076443,S3-874250123,S3,1
0,0.8387096774193549,1.0,0.8387096774193549,0.6666666666666666,0.6875,5,0.7222222222222222,0,0.7466666666666666,0.9491525423728814,0.8266666666666667,0.5,0.5555555555555556,13,0.7045454545454546,0.5,1,0,S1-866235841,S2-663883476,S2,1
0,0.95,0.8947368421052632,0.9,0.4,0.75,2,0.9047619047619048,0,0.8333333333333335,0.8571428571428571,0.8333333333333335,0.4,0.5454545454545454,8,0.8,0.3333333333333333,1,0,S1-215808760,S3-351483741,S3,1
0,0.6296296296296297,0.9259259259259259,0.9259259259259259,0.6,0.5625,4,0.8620689655172413,0,0.4642857142857143,0.9534883720930233,0.75,0.6,0.546875,22,0.6716417910447762,0.0,1,0,S1-39709795,S2-17656900,S2,1
0,0.9565217391304348,0.9545454545454546,0.9565217391304348,0.4,0.782608695652174,2,0.9166666666666666,0,0.7857142857142857,1.0,0.8571428571428572,0.8333333333333334,0.7419354838709677,12,0.75,1.0,1,0,S1-142291609,S2-28444378,S2,1
1,1.0,1.0,1.0,1.0,1.0,0,1.0,0,0.8979591836734694,0.926829268292683,0.8979591836734694,0.6,0.8,5,0.8148148148148148,1.0,1,0,S1-688762205,S3-570271431,S3,1
1,1.0,1.0,1.0,1.0,1.0,0,1.0,0,0.9056603773584907,0.9333333333333332,0.9056603773584907,0.6666666666666666,0.75,5,0.8275862068965517,1.0,1,0,S1-251530664,S3-599812729,S3,1
0,0.7142857142857143,1.0,0.9428571428571427,0.8,0.7297297297297297,4,0.8918918918918919,1,1.0,1.0,1.0,1.0,1.0,0,1.0,1.0,1,0,S1-774235945,S2-129293371,S2,1
0,0.7450980392156863,0.8205128205128205,0.7450980392156863,0.5,0.46875,5,0.8214285714285714,0,0.963855421686747,0.963855421686747,0.963855421686747,0.5,0.926829268292683,1,0.9761904761904762,0.0,1,0,S1-429099398,S3-360460685,S3,1
1,1.0,1.0,1.0,1.0,1.0,0,1.0,0,0.7612903225806451,0.9781021897810218,0.9419354838709677,0.875,0.8552631578947368,3,0.9620253164556962,1.0,1,0,S1-773411653,S3-481447062,S3,1
0,0.9166666666666665,1.0,0.9166666666666665,0.6666666666666666,0.8333333333333334,4,0.8461538461538461,0,0.8732394366197183,0.8732394366197183,0.8732394366197183,0.4,0.5952380952380952,5,0.868421052631579,1.0,1,0,S1-24896456,S3-807308756,S3,1
1,1.0,1.0,1.0,1.0,1.0,0,1.0,0,0.8852459016393442,0.9411764705882354,0.8852459016393442,0.6666666666666666,0.7272727272727273,7,0.7941176470588235,1.0,1,0,S1-622396142,S3-678048849,S3,1
1,1.0,1.0,1.0,1.0,1.0,0,1.0,0,0.8571428571428572,0.9156626506024097,0.8351648351648352,0.6,0.7346938775510204,1,0.9782608695652174,1.0,1,0,S1-14565144,S3-802789108,S3,1
0,0.9285714285714286,0.9285714285714286,0.8928571428571429,0.5,0.7931034482758621,0,1.0,0,0.814814814814815,0.8571428571428571,0.7901234567901234,0.4444444444444444,0.5714285714285714,9,0.8,1.0,1,0,S1-221126177,S3-81043972,S3,1
0,0.4444444444444444,1.0,0.4444444444444444,0.3333333333333333,0.21052631578947367,15,0.2857142857142857,1,1.0,1.0,1.0,1.0,1.0,0,1.0,1.0,1,0,S1-745656359,S3-542297766,S3,1
0,0.9714285714285714,0.9714285714285714,0.9714285714285714,0.6666666666666666,0.8333333333333334,0,1.0,0,0.875,0.875,0.875,0.5,0.6216216216216216,2,0.9393939393939394,1.0,1,0,S1-895271752,S3-657458191,S3,1
0,0.8214285714285714,0.6071428571428572,0.6071428571428572,0.0,0.40540540540540543,8,0.75,0,0.48571428571428577,0.9491525423728814,0.8857142857142857,0.7142857142857143,0.65,8,0.7948717948717948,1.0,1,0,S1-791670705,S3-60110118,S3,1
0,0.9565217391304348,0.9565217391304348,0.9565217391304348,0.5,0.75,0,1.0,0,0.9032258064516128,0.9433962264150944,0.9032258064516128,0.7142857142857143,0.7575757575757576,6,0.8235294117647058,1.0,1,0,S1-398002655,S3-199712072,S3,1
1,1.0,1.0,1.0,1.0,1.0,0,1.0,0,0.5555555555555556,0.5555555555555556,0.5555555555555556,0.2,0.15789473684210525,8,0.8,1.0,1,0,S1-54389832,S3-402446162,S3,1
0,0.7719298245614035,0.88,0.8421052631578947,0.6666666666666666,0.6060606060606061,1,0.9655172413793104,1,1.0,1.0,1.0,1.0,1.0,0,1.0,1.0,1,0,S1-311360500,S2-554539735,S2,1
1,1.0,1.0,1.0,1.0,1.0,0,1.0,0,0.8620689655172413,0.8620689655172414,0.7586206896551724,0.42857142857142855,0.59375,4,0.8709677419354839,1.0,1,0,S1-329973494,S3-332184532,S3,1
0,0.5,1.0,1.0,1.0,0.3333333333333333,0,1.0,0,0.8846153846153846,0.8846153846153847,0.8846153846153846,0.25,0.6,0,1.0,1.0,1,0,S1-918423534,S3-565488259,S3,1
1,1.0,1.0,1.0,1.0,1.0,0,1.0,0,0.8070175438596492,1.0,0.9122807017543859,0.8333333333333334,0.6774193548387096,5,0.8387096774193549,0.6666666666666666,1,0,S1-581261214,S2-457350212,S2,1
0,0.6666666666666667,1.0,0.6666666666666667,0.6666666666666666,0.45454545454545453,12,0.5,0,0.9838709677419355,1.0,0.9838709677419355,0.8888888888888888,0.9344262295081968,2,0.9682539682539683,0.5,1,0,S1-918647743,S2-319013837,S2,1
0,0.8571428571428572,1.0,0.8571428571428572,0.75,0.7333333333333333,8,0.75,0,0.8421052631578947,0.880952380952381,0.8421052631578947,0.6,0.6862745098039216,1,0.9791666666666666,0.5,1,0,S1-10388153,S3-494077902,S3,1
0,0.9696969696969697,0.9696969696969697,0.6666666666666667,0.6666666666666666,0.8235294117647058,0,1.0,0,0.8433734939759038,0.8192771084337349,0.8192771084337349,0.4444444444444444,0.6222222222222222,13,0.7291666666666666,1.0,1,0,S1-801610448,S3-34997078,S3,1
0,0.8484848484848484,1.0,0.8484848484848484,0.6666666666666666,0.7058823529411765,5,0.7368421052631579,0,0.90625,0.9454545454545454,0.875,0.625,0.7878787878787878,6,0.8285714285714286,1.0,1,0,S1-376285045,S3-615195063,S3,1
1,1.0,1.0,1.0,1.0,1.0,0,1.0,0,0.8289473684210527,0.948905109489051,0.9342105263157895,0.7222222222222222,0.7294117647058823,8,0.9,0.4,1,0,S1-912152831,S3-729592353,S3,1
0,0.8253968253968254,0.4761904761904762,0.4761904761904761,0.0,0.475,7,0.8,0,0.855072463768116,0.9770992366412214,0.9565217391304348,0.8571428571428571,0.8356164383561644,4,0.9436619718309859,1.0,1,0,S1-98832763,S3-322000692,S3,1
0,0.814814814814815,1.0,0.814814814814815,0.6666666666666666,0.6428571428571429,5,0.6875,0,0.912621359223301,0.912621359223301,0.912621359223301,0.6,0.7592592592592593,3,0.9433962264150944,1.0,1,0,S1-567031484,S3-66120392,S3,1
0,0.9259259259259259,1.0,0.9259259259259259,0.8,0.8518518518518519,4,0.8620689655172413,0,0.0,0.0,0.0,0.0,0.0,32,0.0,0.0,1,0,S1-7324939,S3-910909229,S3,1
0,0.9722222222222221,0.9722222222222223,0.9166666666666665,0.6666666666666666,0.8378378378378378,0,1.0,0,0.8082191780821918,0.910569105691057,0.7808219178082192,0.5714285714285714,0.6891891891891891,12,0.8481012658227848,0.0,1,0,S1-697743047,S2-411023254,S2,1
0,0.9454545454545454,0.9454545454545454,0.9454545454545454,0.75,0.7,1,0.9642857142857143,0,0.6764705882352942,1.0,1.0,1.0,0.8285714285714286,0,1.0,1.0,1,0,S1-494198880,S2-911327590,S2,1
0,0.09523809523809523,0.09523809523809518,0.09523809523809523,0.0,0.0,4,0.8260869565217391,0,0.29885057471264365,0.6857142857142857,0.4367816091954023,0.2,0.16176470588235295,41,0.359375,1.0,1,0,S1-681699392,S3-139019168,S3,1
0,0.9285714285714286,0.9285714285714286,0.9285714285714286,0.6666666666666666,0.7333333333333333,4,0.8666666666666667,0,0.9281767955801105,1.0,0.9834254143646409,0.9375,0.9382716049382716,3,0.967391304347826,1.0,1,0,S1-173617483,S3-189603136,S3,1
1,1.0,1.0,1.0,1.0,1.0,0,1.0,0,0.4657534246575342,0.6575342465753425,0.6027397260273972,0.375,0.2777777777777778,3,0.9210526315789473,1.0,1,0,S1-672740883,S3-809158735,S3,1
0,0.7333333333333334,1.0,1.0,1.0,0.8064516129032258,0,1.0,0,0.7027027027027026,1.0,0.8648648648648648,0.7777777777777778,0.7066666666666667,12,0.85,0.6666666666666666,1,0,S1-116242123,S2-336891411,S2,1
0,0.8620689655172413,1.0,0.8620689655172413,0.75,0.7586206896551724,8,0.7575757575757576,0,0.0,0.0,0.0,0.0,0.0,107,0.0,0.0,1,0,S1-912763281,S2-697113089,S2,1
0,0.9545454545454546,0.9545454545454546,0.6363636363636364,0.5,0.7391304347826086,0,1.0,0,0.9285714285714286,0.9387755102040817,0.9285714285714286,0.6666666666666666,0.7931034482758621,4,0.8666666666666667,1.0,1,0,S1-102754367,S2-228746359,S2,1
1,1.0,1.0,1.0,1.0,1.0,0,1.0,0,0.9259259259259259,0.9259259259259259,0.9259259259259259,0.42857142857142855,0.6666666666666666,4,0.8620689655172413,1.0,1,0,S1-800323915,S2-540053538,S2,1
1,1.0,1.0,1.0,1.0,1.0,0,1.0,0,0.8396946564885497,0.9072164948453608,0.8244274809160305,0.6153846153846154,0.6818181818181818,1,0.9848484848484849,1.0,1,0,S1-79971411,S2-97456366,S2,1
0,0.9375,0.9375,0.9375,0.5,0.7575757575757576,0,1.0,0,0.9393939393939393,0.9752066115702479,0.9242424242424242,0.7692307692307693,0.8529411764705882,8,0.8857142857142857,1.0,1,0,S1-124864005,S3-919853207,S3,1
1,1.0,1.0,1.0,1.0,1.0,0,1.0,0,0.8615384615384616,0.9433962264150944,0.8615384615384616,0.6666666666666666,0.6944444444444444,9,0.7567567567567568,1.0,1,0,S1-930759394,S3-396666640,S3,1
1,1.0,1.0,1.0,1.0,1.0,0,1.0,1,1.0,1.0,1.0,1.0,1.0,0,1.0,1.0,1,1,S1-313563924,S2-935762354,S2,1
0,0.92,1.0,0.92,0.75,0.84,4,0.8518518518518519,0,0.6086956521739131,0.9508196721311475,0.927536231884058,0.7142857142857143,0.7105263157894737,5,0.8648648648648649,1.0,1,0,S1-288000069,S3-212975470,S3,1
1,1.0,1.0,1.0,1.0,1.0,0,1.0,0,0.8732394366197183,1.0,0.9295774647887324,0.8571428571428571,0.7631578947368421,5,0.868421052631579,0.0,1,0,S1-970132699,S2-153895287,S2,1
0,0.21052631578947367,0.2105263157894737,0.21052631578947367,0.0,0.0,1,0.9,0,0.9290322580645162,0.9496402877697843,0.9290322580645162,0.7142857142857143,0.8148148148148148,9,0.8902439024390244,0.0,1,0,S1-367175139,S2-478386267,S2,1
0,0.8918918918918919,1.0,0.8918918918918919,0.75,0.7948717948717948,8,0.8048780487804879,0,0.0,0.0,0.0,0.0,0.0,80,0.0,0.0,1,0,S1-32444611,S3-519803077,S3,1
0,0.9387755102040817,1.0,0.9387755102040817,0.75,0.8571428571428571,3,0.8846153846153846,0,0.8363636363636364,0.9454545454545454,0.9454545454545454,0.6666666666666666,0.7586206896551724,3,0.896551724137931,1.0,1,0,S1-169415528,S2-229901611,S2,1
0,0.09756097560975607,0.10256410256410263,0.09756097560975607,0.0,0.0,3,0.8636363636363636,0,0.896969696969697,0.9210526315789473,0.8848484848484849,0.5625,0.7804878048780488,1,0.9879518072289156,0.25,1,0,S1-928524473,S3-404501185,S3,1
0,0.8955223880597015,0.8955223880597015,0.8955223880597015,0.6,0.631578947368421,1,0.9705882352941176,0,0.9308176100628931,0.9395973154362416,0.8805031446540881,0.8333333333333334,0.7976190476190477,1,0.9875,1.0,1,0,S1-485021101,S3-942876859,S3,1
0,0.7777777777777779,1.0,0.7777777777777779,0.75,0.5555555555555556,4,0.6363636363636364,0,0.8253968253968254,0.8253968253968255,0.8253968253968254,0.25,0.5128205128205128,5,0.8529411764705882,1.0,1,0,S1-331639981,S3-799967750,S3,1
1,1.0,1.0,1.0,1.0,1.0,0,1.0,0,0.897196261682243,0.9538461538461539,0.897196261682243,0.625,0.6888888888888889,11,0.8135593220338984,0.5,1,0,S1-903530714,S3-884759644,S3,1
1,1.0,1.0,1.0,1.0,1.0,0,1.0,0,0.8888888888888888,0.9841269841269842,0.9841269841269842,0.6666666666666666,0.6857142857142857,1,0.96875,0.0,1,0,S1-163098951,S2-273348226,S2,1
0,0.9491525423728814,1.0,0.9491525423728814,0.8,0.896551724137931,3,0.9032258064516129,0,0.5555555555555556,0.9333333333333332,0.8888888888888888,0.6666666666666666,0.6129032258064516,6,0.8,1.0,1,0,S1-173931635,S3-425873200,S3,1
1,1.0,1.0,1.0,1.0,1.0,0,1.0,0,0.64,0.9473684210526315,0.8,0.5,0.5106382978723404,15,0.6666666666666666,0.5,1,0,S1-929948694,S2-770171053,S2,1
0,0.9565217391304348,0.9565217391304348,0.9565217391304348,0.6,0.75,0,1.0,0,0.7472527472527473,0.8656716417910448,0.7032967032967032,0.5833333333333334,0.6041666666666666,11,0.7843137254901961,1.0,1,0,S1-952672951,S2-532486708,S2,1
0,0.8115942028985508,1.0,0.8115942028985508,0.5714285714285714,0.6842105263157895,13,0.6829268292682927,1,1.0,1.0,1.0,1.0,1.0,0,1.0,1.0,1,0,S1-713345059,S3-938408493,S3,1
0,0.9090909090909091,0.9090909090909091,0.9090909090909091,0.5,0.6666666666666666,4,0.8333333333333334,0,0.9841269841269842,0.9841269841269842,0.9206349206349206,0.6666666666666666,0.9666666666666667,1,0.96875,0.3333333333333333,1,0,S1-959007474,S2-332835570,S2,1
0,0.814814814814815,0.4444444444444444,0.4444444444444444,0.0,0.35294117647058826,1,0.9285714285714286,0,0.9473684210526316,0.9473684210526315,0.9473684210526316,0.6666666666666666,0.7666666666666667,3,0.9,1.0,1,0,S1-171589794,S2-897562796,S2,1
0,0.5263157894736843,1.0,1.0,1.0,0.6190476190476191,0,1.0,0,0.9846153846153847,0.967741935483871,0.9692307692307692,0.7857142857142857,0.9016393442622951,2,0.9696969696969697,1.0,1,0,S1-922300512,S2-509332622,S2,1
0,0.8333333333333335,1.0,0.8333333333333335,0.6666666666666666,0.6666666666666666,4,0.7142857142857143,0,0.0,0.0,0.0,0.0,0.0,37,0.0,0.0,1,0,S1-304237712,S2-114078488,S2,1
0,0.08571428571428574,0.09677419354838705,0.08571428571428574,0.0,0.0,0,1.0,0,0.9365853658536585,0.9595375722543352,0.926829268292683,0.7777777777777778,0.8554216867469879,1,0.9902912621359223,1.0,1,0,S1-670534516,S2-227782499,S2,1
0,0.7636363636363638,1.0,0.7636363636363638,0.6,0.59375,13,0.6176470588235294,0,0.9367088607594937,0.9367088607594937,0.8860759493670887,0.4444444444444444,0.7045454545454546,1,0.975,0.0,1,0,S1-671644755,S2-249559228,S2,1
0,0.8648648648648648,0.8648648648648648,0.8648648648648648,0.0,0.5714285714285714,3,0.85,0,0.8709677419354839,0.84,0.8387096774193549,0.4444444444444444,0.6111111111111112,4,0.8787878787878788,1.0,1,0,S1-974635450,S3-247316264,S3,1
0,0.42105263157894735,1.0,0.42105263157894735,0.25,0.15384615384615385,11,0.26666666666666666,1,1.0,1.0,1.0,1.0,1.0,0,1.0,1.0,1,0,S1-750425701,S3-568379053,S3,1
0,0.8333333333333335,0.8333333333333333,0.8333333333333335,0.3333333333333333,0.3333333333333333,2,0.7142857142857143,0,0.4285714285714286,0.7894736842105263,0.45238095238095233,0.3333333333333333,0.21875,38,0.3770491803278688,1.0,1,0,S1-378933539,S3-526459565,S3,1
0,0.7317073170731707,0.9090909090909091,0.8292682926829268,0.5,0.5416666666666666,5,0.782608695652174,0,0.8062015503875969,0.9702970297029703,0.7906976744186046,0.6666666666666666,0.6266666666666667,25,0.6753246753246753,1.0,1,0,S1-466456850,S3-170131858,S3,1
0,0.923076923076923,1.0,0.923076923076923,0.75,0.84,4,0.8571428571428571,0,0.8421052631578947,0.8842105263157894,0.8842105263157894,0.5,0.6181818181818182,1,0.9791666666666666,1.0,1,0,S1-150487200,S3-668706903,S3,1
0,0.7058823529411764,0.7058823529411765,0.7058823529411764,0.25,0.3,1,0.8888888888888888,0,0.8524590163934427,0.8846153846153847,0.819672131147541,0.42857142857142855,0.6666666666666666,3,0.90625,0.0,1,0,S1-241944782,S3-555676630,S3,1
0,0.9577464788732395,1.0,0.9577464788732395,0.8,0.9142857142857143,3,0.918918918918919,0,0.7379679144385026,0.9832402234636872,0.9732620320855615,0.9,0.8333333333333334,5,0.9479166666666666,1.0,1,0,S1-872492069,S3-883741170,S3,1
0,0.8333333333333335,1.0,1.0,1.0,0.8333333333333334,0,1.0,0,0.9523809523809522,0.9523809523809524,0.9523809523809522,0.7142857142857143,0.7878787878787878,3,0.9090909090909091,1.0,1,0,S1-394188828,S2-322004751,S2,1
0,0.6382978723404256,0.5531914893617021,0.5531914893617021,0.0,0.30303030303030304,13,0.5666666666666667,0,0.921875,0.9508196721311475,0.90625,0.6923076923076923,0.8484848484848485,0,1.0,1.0,1,0,S1-803399534,S2-926695856,S2,1
0,0.8695652173913043,1.0,0.8695652173913043,0.6666666666666666,0.7272727272727273,3,0.7692307692307693,0,0.0,0.0,0.0,0.0,0.0,33,0.0,0.0,1,0,S1-299622719,S2-27825770,S2,1
0,0.8928571428571429,0.8928571428571429,0.8928571428571429,0.6,0.5757575757575758,2,0.9310344827586207,0,0.8846153846153846,1.0,1.0,1.0,0.7777777777777778,0,1.0,1.0,1,0,S1-41361248,S2-222780081,S2,1
0,0.7058823529411764,0.9705882352941176,0.9705882352941176,0.6,0.75,0,1.0,0,0.8235294117647058,0.9019607843137254,0.7352941176470589,0.42857142857142855,0.6944444444444444,12,0.7,0.0,1,0,S1-936353365,S3-964001933,S3,1
0,0.8620689655172413,1.0,0.8620689655172413,0.75,0.7333333333333333,8,0.7575757575757576,0,0.6929133858267718,0.9739130434782609,0.9291338582677166,0.75,0.7246376811594203,9,0.8676470588235294,0.0,1,0,S1-272914751,S2-65350833,S2,1
0,0.1132075471698113,0.12244897959183675,0.1132075471698113,0.0,0.0,1,0.9629629629629629,0,0.3007518796992481,0.7567567567567568,0.3308270676691729,0.16666666666666666,0.12745098039215685,83,0.23148148148148148,0.25,1,0,S1-644919366,S2-45686614,S2,1
0,0.84,0.9090909090909091,0.84,0.7142857142857143,0.7037037037037037,2,0.9230769230769231,0,0.96,0.96,0.96,0.6666666666666666,0.7692307692307693,2,0.9230769230769231,1.0,1,0,S1-793732661,S2-527562592,S2,1
1,1.0,1.0,1.0,1.0,1.0,0,1.0,0,0.8333333333333335,0.8709677419354839,0.8333333333333335,0.4444444444444444,0.6666666666666666,14,0.7142857142857143,0.0,1,0,S1-753261522,S3-175264768,S3,1
0,0.9047619047619048,1.0,0.9047619047619048,0.75,0.8095238095238095,4,0.8260869565217391,0,0.8872180451127821,1.0,0.8872180451127821,0.8888888888888888,0.9344262295081968,15,0.7972972972972973,1.0,1,0,S1-174638992,S2-156165273,S2,1
0,0.5945945945945945,0.7586206896551724,0.5945945945945945,0.5,0.32,1,0.9473684210526315,0,0.0,0.0,0.0,0.0,0.0,28,0.0,0.0,1,0,S1-523091030,S2-116742124,S2,1
0,0.9615384615384616,0.92,0.923076923076923,0.5,0.8076923076923077,2,0.9259259259259259,0,0.8571428571428572,0.9523809523809524,0.9523809523809522,0.6666666666666666,0.7352941176470589,3,0.9090909090909091,1.0,1,0,S1-109749191,S2-995549072,S2,1
0,0.8571428571428572,0.8095238095238095,0.8095238095238095,0.0,0.52,2,0.9090909090909091,0,0.813953488372093,0.8787878787878788,0.813953488372093,0.45454545454545453,0.5471698113207547,12,0.7551020408163265,0.0,1,0,S1-491605842,S2-121218414,S2,1
0,0.8947368421052632,1.0,0.8947368421052632,0.75,0.7894736842105263,4,0.8095238095238095,0,0.6097560975609756,0.9589041095890412,0.926829268292683,0.7142857142857143,0.6956521739130435,6,0.8636363636363636,1.0,1,0,S1-596645286,S3-663394036,S3,1
0,0.7272727272727273,1.0,0.7272727272727273,0.5714285714285714,0.5625,15,0.5714285714285714,1,1.0,1.0,1.0,1.0,1.0,0,1.0,1.0,1,0,S1-855715643,S3-203050966,S3,1
0,0.8571428571428572,1.0,0.8571428571428572,0.75,0.7333333333333333,8,0.75,0,0.9560439560439561,0.9824561403508772,0.923076923076923,0.8125,0.8913043478260869,8,0.9157894736842105,1.0,1,0,S1-26888032,S3-849896551,S3,1
1,1.0,1.0,1.0,1.0,1.0,0,1.0,0,0.7126436781609197,0.689655172413793,0.6436781609195402,0.3333333333333333,0.36065573770491804,1,0.9772727272727273,0.3333333333333333,1,0,S1-121942909,S3-287667594,S3,1
0,0.8666666666666667,1.0,0.8666666666666667,0.8,0.8,8,0.7647058823529411,0,0.5333333333333333,0.9411764705882354,0.9,0.6666666666666666,0.6,6,0.8181818181818182,1.0,1,0,S1-650154699,S3-468891777,S3,1
1,1.0,1.0,1.0,1.0,1.0,0,1.0,0,0.8235294117647058,0.8529411764705883,0.8235294117647058,0.4444444444444444,0.5882352941176471,7,0.8478260869565217,0.5,1,0,S1-579813772,S3-414223037,S3,1
0,0.35,0.25,0.25,0.0,0.09090909090909091,26,0.21212121212121213,0,0.7783783783783784,1.0,0.9405405405405405,0.9090909090909091,0.7831325301204819,11,0.8877551020408163,1.0,1,0,S1-382599611,S2-208831921,S2,1
0,0.8947368421052632,1.0,0.8947368421052632,0.6666666666666666,0.7894736842105263,4,0.8095238095238095,0,0.8170731707317074,1.0,0.9390243902439024,0.9333333333333333,0.8313253012048193,10,0.8850574712643678,1.0,1,0,S1-676369950,S2-812482291,S2,1
0,0.7804878048780488,0.7804878048780488,0.7804878048780488,0.0,0.48,9,0.64,0,0.537037037037037,0.9454545454545454,0.537037037037037,0.3333333333333333,0.3246753246753247,50,0.3670886075949367,0.3333333333333333,1,0,S1-780357895,S3-633057030,S3,1
0,0.8888888888888888,0.6666666666666665,0.6666666666666667,0.0,0.5185185185185185,3,0.875,0,0.96875,0.96875,0.96875,0.7142857142857143,0.8181818181818182,2,0.9393939393939394,1.0,1,0,S1-912391179,S2-880324491,S2,1
0,0.926829268292683,1.0,0.926829268292683,0.75,0.85,3,0.8636363636363636,0,0.9135802469135803,0.9166666666666667,0.9135802469135803,0.6666666666666666,0.7317073170731707,3,0.9285714285714286,1.0,1,0,S1-95028535,S2-343977435,S2,1
0,0.9189189189189189,1.0,0.9189189189189189,0.8,0.8333333333333334,3,0.85,1,1.0,1.0,1.0,1.0,1.0,0,1.0,1.0,1,0,S1-161708432,S2-432379322,S2,1
0,0.14634146341463417,0.15384615384615385,0.14634146341463417,0.0,0.0,3,0.8636363636363636,0,0.5544554455445545,0.8253968253968255,0.5544554455445545,0.3333333333333333,0.29333333333333333,27,0.578125,0.3333333333333333,1,0,S1-4890523,S2-145252926,S2,1
0,0.9666666666666667,0.9666666666666667,0.9666666666666667,0.6666666666666666,0.8064516129032258,0,1.0,0,0.907563025210084,1.0,0.8907563025210083,0.875,0.98,11,0.8307692307692308,0.0,1,0,S1-351351712,S3-346957868,S3,1
0,0.9285714285714286,0.9285714285714286,0.9285714285714286,0.6,0.7333333333333333,4,0.8666666666666667,0,0.7640449438202246,0.8571428571428571,0.7865168539325843,0.6666666666666666,0.5957446808510638,5,0.8936170212765957,1.0,1,0,S1-785390149,S3-496247874,S3,1
0,0.33333333333333337,0.2666666666666667,0.2666666666666667,0.0,0.0,14,0.36363636363636365,0,0.49275362318840576,0.9454545454545454,0.8405797101449275,0.6666666666666666,0.5526315789473685,1,0.9714285714285714,1.0,1,0,S1-29691189,S3-667930056,S3,1
1,1.0,1.0,1.0,1.0,1.0,0,1.0,0,0.7887323943661972,0.8732394366197183,0.8732394366197183,0.42857142857142855,0.5581395348837209,3,0.918918918918919,1.0,1,0,S1-232709015,S3-109776662,S3,1
0,0.09999999999999998,0.11764705882352942,0.09999999999999998,0.0,0.0,0,1.0,0,0.8666666666666667,0.9,0.9,0.625,0.696969696969697,2,0.9354838709677419,1.0,1,0,S1-158369808,S3-602006962,S3,1
1,1.0,1.0,1.0,1.0,1.0,0,1.0,0,0.7640449438202246,1.0,0.7640449438202246,0.7272727272727273,0.6037735849056604,21,0.6181818181818182,1.0,1,0,S1-243959318,S2-961993690,S2,1
1,1.0,1.0,1.0,1.0,1.0,0,1.0,0,0.8,0.875,0.875,0.5555555555555556,0.5833333333333334,4,0.9047619047619048,1.0,1,0,S1-159037619,S3-498859768,S3,1
0,0.8181818181818181,1.0,0.8181818181818181,0.6666666666666666,0.6363636363636364,4,0.6923076923076923,0,0.38834951456310685,0.7692307692307692,0.38834951456310685,0.1875,0.13953488372093023,51,0.33766233766233766,0.0,1,0,S1-881994585,S3-931211295,S3,1
0,0.875,0.875,0.875,0.3333333333333333,0.47368421052631576,0,1.0,0,0.617283950617284,0.7407407407407408,0.691358024691358,0.36363636363636365,0.3275862068965517,1,0.975609756097561,0.5,1,0,S1-966625475,S3-247258731,S3,1
0,0.7719298245614035,0.5964912280701754,0.5964912280701755,0.0,0.40540540540540543,9,0.7272727272727273,0,0.7111111111111111,0.7272727272727272,0.6444444444444444,0.4,0.3770491803278688,6,0.875,1.0,1,0,S1-121252245,S3-716277623,S3,1
0,0.9047619047619048,1.0,0.9047619047619048,0.75,0.8095238095238095,4,0.8260869565217391,0,0.0,0.0,0.0,0.0,0.0,44,0.0,0.0,1,0,S1-407942970,S2-362053192,S2,1
1,1.0,1.0,1.0,1.0,1.0,0,1.0,0,0.9135802469135803,0.9577464788732394,0.9135802469135803,0.7777777777777778,0.825,7,0.8409090909090909,1.0,1,0,S1-372977984,S3-272115074,S3,1
0,0.6842105263157895,1.0,1.0,1.0,0.7,0,1.0,0,0.5901639344262295,1.0,0.8852459016393442,0.7142857142857143,0.6285714285714286,7,0.7941176470588235,0.5,1,0,S1-146644149,S2-288344989,S2,1
0,0.75,0.8611111111111112,0.8611111111111112,0.625,0.4782608695652174,4,0.8947368421052632,0,0.8846153846153846,0.9090909090909091,0.8846153846153846,0.5384615384615384,0.6949152542372882,8,0.8571428571428571,0.3333333333333333,1,0,S1-12060263,S3-519605996,S3,1
1,1.0,1.0,1.0,1.0,1.0,0,1.0,0,0.9333333333333332,0.9333333333333332,0.9333333333333332,0.42857142857142855,0.6363636363636364,2,0.9354838709677419,1.0,1,0,S1-847926148,S2-700832863,S2,1
0,0.8636363636363636,0.6818181818181819,0.6818181818181819,0.0,0.48148148148148145,6,0.76,1,1.0,1.0,1.0,1.0,1.0,0,1.0,1.0,1,0,S1-987657709,S2-367707132,S2,1
1,1.0,1.0,1.0,1.0,1.0,0,1.0,0,0.5576923076923077,0.9454545454545454,0.5,0.4166666666666667,0.33783783783783783,46,0.38666666666666666,0.6666666666666666,1,0,S1-328144528,S3-865658538,S3,1
1,1.0,1.0,1.0,1.0,1.0,0,1.0,0,0.6301369863013699,0.9333333333333332,0.8767123287671232,0.6666666666666666,0.5135135135135135,9,0.7804878048780488,1.0,1,0,S1-625035311,S3-545675092,S3,1
0,0.6153846153846154,0.923076923076923,0.923076923076923,0.6,0.5483870967741935,4,0.8571428571428571,0,0.6971428571428571,1.0,0.9828571428571429,0.9230769230769231,0.9024390243902439,3,0.9662921348314607,1.0,1,0,S1-637408579,S3-837981763,S3,1
1,1.0,1.0,1.0,1.0,1.0,0,1.0,0,0.8549618320610687,0.9714285714285714,0.9618320610687023,0.7272727272727273,0.8813559322033898,1,0.9848484848484849,0.3333333333333333,1,0,S1-708026672,S3-929942624,S3,1
0,0.95,0.95,0.95,0.5,0.5652173913043478,0,1.0,0,0.7794871794871796,0.9135802469135803,0.7897435897435898,0.5652173913043478,0.631578947368421,19,0.822429906542056,1.0,1,0,S1-544402267,S3-994527461,S3,1
0,0.8888888888888888,1.0,0.8888888888888888,0.5,0.7777777777777778,4,0.8,0,0.7307692307692308,0.7428571428571428,0.7307692307692308,0.42857142857142855,0.45454545454545453,8,0.7333333333333333,1.0,1,0,S1-688126289,S3-820430855,S3,1
0,0.64,0.4,0.4,0.0,0.24324324324324326,14,0.5625,0,0.8484848484848484,1.0,0.9545454545454546,0.8461538461538461,0.8208955223880597,6,0.9130434782608695,0.6666666666666666,1,0,S1-6689477,S2-21295845,S2,1
0,0.9166666666666665,0.9166666666666667,0.9166666666666665,0.6,0.6923076923076923,4,0.8461538461538461,0,0.706766917293233,1.0,0.9473684210526316,0.8888888888888888,0.7887323943661971,7,0.9,1.0,1,0,S1-704929969,S2-408489007,S2,1
0,0.9705882352941176,0.9705882352941176,0.9705882352941176,0.6,0.8823529411764706,0,1.0,1,1.0,1.0,1.0,1.0,1.0,0,1.0,1.0,1,0,S1-249033321,S2-505499887,S2,1
0,0.9393939393939393,1.0,0.9393939393939393,0.8,0.8787878787878788,4,0.8857142857142857,0,0.5405405405405406,1.0,0.9459459459459459,0.7777777777777778,0.75,4,0.8974358974358975,1.0,1,0,S1-511595528,S2-752468495,S2,1
0,0.9333333333333332,1.0,0.9333333333333332,0.75,0.8571428571428571,3,0.875,0,0.0,0.0,0.0,0.0,0.0,34,0.0,0.0,1,0,S1-897328727,S3-900095358,S3,1
0,0.7636363636363638,0.8936170212765957,0.7636363636363638,0.6,0.5806451612903226,3,0.896551724137931,0,0.0,0.0,0.0,0.0,0.0,79,0.0,0.0,1,0,S1-306417641,S3-896526204,S3,1
0,0.8333333333333335,1.0,0.8333333333333335,0.6666666666666666,0.6666666666666666,4,0.7142857142857143,0,0.8571428571428572,0.8571428571428571,0.8571428571428572,0.42857142857142855,0.625,4,0.8666666666666667,1.0,1,0,S1-201757754,S3-653241096,S3,1
0,0.9375,0.9375,0.9375,0.5,0.6470588235294118,0,1.0,0,0.8503937007874016,0.9557522123893806,0.8818897637795275,0.6666666666666666,0.684931506849315,9,0.8676470588235294,0.5,1,0,S1-665554462,S3-572699035,S3,1
0,0.896551724137931,1.0,0.896551724137931,0.6666666666666666,0.7857142857142857,3,0.8125,1,1.0,1.0,1.0,1.0,1.0,0,1.0,1.0,1,0,S1-507499943,S2-913656369,S2,1
0,0.75,1.0,1.0,1.0,1.0,0,1.0,0,0.528,0.9523809523809524,0.528,0.29411764705882354,0.27058823529411763,59,0.358695652173913,0.5,1,0,S1-696543258,S3-914918292,S3,1
0,0.5909090909090908,1.0,1.0,1.0,0.6666666666666666,0,1.0,0,0.673913043478261,0.7457627118644068,0.673913043478261,0.23076923076923078,0.41935483870967744,18,0.6727272727272727,0.0,1,0,S1-760211351,S3-689863541,S3,1
1,1.0,1.0,1.0,1.0,1.0,0,1.0,0,0.4390243902439024,1.0,0.8292682926829268,0.8333333333333334,0.6470588235294118,14,0.7083333333333334,1.0,1,0,S1-323160369,S2-270953808,S2,1
0,0.962962962962963,0.9629629629629629,0.962962962962963,0.6,0.7777777777777778,0,1.0,0,0.75,0.9333333333333332,0.75,0.4444444444444444,0.5,16,0.6,1.0,1,0,S1-51506315,S2-430171688,S2,1
0,0.8666666666666667,1.0,0.8666666666666667,0.6666666666666666,0.7333333333333333,4,0.7647058823529411,0,0.6545454545454545,0.736842105263158,0.6909090909090909,0.375,0.4,7,0.7741935483870968,1.0,1,0,S1-867137131,S3-710594150,S3,1
0,0.8333333333333335,0.8333333333333333,0.6111111111111112,0.4,0.5238095238095238,4,0.8,0,0.9448818897637795,0.9734513274336283,0.9448818897637795,0.8333333333333334,0.890625,7,0.8955223880597015,1.0,1,0,S1-852610601,S3-104274693,S3,1
1,1.0,1.0,1.0,1.0,1.0,0,1.0,0,0.0,0.0,0.0,0.0,0.0,23,0.0,0.0,1,0,S1-597849029,S3-70045808,S3,1
0,0.8095238095238095,0.4761904761904762,0.4761904761904761,0.0,0.35714285714285715,2,0.9090909090909091,0,0.8115942028985508,0.8115942028985508,0.8115942028985508,0.4,0.4444444444444444,9,0.7692307692307693,0.5,1,0,S1-206236033,S2-56829959,S2,1
0,0.8461538461538461,1.0,0.8461538461538461,0.5,0.6923076923076923,4,0.7333333333333333,0,0.9090909090909091,1.0,0.9090909090909091,0.8,0.8214285714285714,5,0.8333333333333334,0.0,1,0,S1-614616879,S2-659032556,S2,1
0,0.10526315789473684,0.11764705882352942,0.10526315789473684,0.0,0.0,2,0.9,0,0.75,1.0,0.9342105263157895,1.0,0.9154929577464789,10,0.8765432098765432,1.0,1,0,S1-477029314,S2-997224323,S2,1
0,0.6984126984126984,0.8301886792452831,0.6984126984126984,0.6,0.48717948717948717,1,0.96875,0,0.9538461538461537,0.9538461538461539,0.9538461538461537,0.6666666666666666,0.8484848484848485,3,0.9117647058823529,1.0,1,0,S1-779907701,S2-178585211,S2,1
1,1.0,1.0,1.0,1.0,1.0,0,1.0,1,1.0,1.0,1.0,1.0,1.0,0,1.0,1.0,1,1,S1-248445672,S2-150035694,S2,1
0,0.8,1.0,0.8,0.6666666666666666,0.625,6,0.6666666666666666,0,0.5517241379310345,1.0,1.0,1.0,0.7931034482758621,0,1.0,1.0,1,0,S1-45652496,S2-679680942,S2,1
0,0.9444444444444444,0.8823529411764706,0.8888888888888888,0.4,0.7222222222222222,2,0.8947368421052632,0,0.8405797101449275,0.8695652173913043,0.8405797101449275,0.5,0.625,1,0.9714285714285714,0.0,1,0,S1-530950848,S2-985229075,S2,1
0,0.8307692307692307,1.0,0.8307692307692307,0.8333333333333334,0.6944444444444444,11,0.7105263157894737,0,0.8652482269503546,0.9649122807017544,0.8652482269503546,0.8125,0.7971014492753623,1,0.9859154929577465,0.6666666666666666,1,0,S1-898149945,S2-656219351,S2,1
0,0.9,1.0,0.9,0.6666666666666666,0.8,4,0.8181818181818182,0,0.8620689655172413,0.8620689655172414,0.8620689655172413,0.5,0.6363636363636364,0,1.0,1.0,1,0,S1-856221979,S3-43537859,S3,1
0,0.9090909090909091,0.9090909090909091,0.9090909090909091,0.3333333333333333,0.5,0,1.0,0,0.7714285714285716,0.7714285714285714,0.7714285714285716,0.4444444444444444,0.5348837209302325,0,1.0,1.0,1,0,S1-17825317,S3-313982266,S3,1
0,0.9,1.0,0.9,0.75,0.8,4,0.8181818181818182,0,0.5,0.9387755102040817,0.9285714285714286,0.7142857142857143,0.625,4,0.8666666666666667,1.0,1,0,S1-242165186,S2-38748808,S2,1
0,0.8378378378378379,0.9393939393939393,0.8378378378378379,0.7142857142857143,0.7073170731707317,4,0.8974358974358975,0,0.8741721854304636,0.9586776859504132,0.8211920529801324,0.6153846153846154,0.7808219178082192,7,0.9113924050632911,0.3333333333333333,1,0,S1-380561630,S3-94578861,S3,1
1,1.0,1.0,1.0,1.0,1.0,0,1.0,0,0.9285714285714286,1.0,0.9285714285714286,0.8333333333333334,0.7931034482758621,4,0.8666666666666667,1.0,1,0,S1-374094994,S2-386697893,S2,1
0,0.8648648648648648,0.8648648648648648,0.8648648648648648,0.0,0.5714285714285714,5,0.7619047619047619,0,0.896551724137931,0.9387755102040817,0.8620689655172413,0.5714285714285714,0.7419354838709677,6,0.8125,1.0,1,0,S1-409343338,S3-114014200,S3,1
0,0.5555555555555556,1.0,0.5555555555555556,0.5,0.3333333333333333,16,0.38461538461538464,0,0.8960000000000001,0.9401709401709403,0.88,0.6666666666666666,0.8125,1,0.9841269841269841,1.0,1,0,S1-611352588,S3-250490862,S3,1
0,0.9295774647887324,0.9295774647887324,0.8450704225352113,0.6666666666666666,0.6923076923076923,1,0.9722222222222222,0,0.7714285714285716,0.9516129032258064,0.9285714285714286,0.7857142857142857,0.7142857142857143,4,0.9444444444444444,0.6666666666666666,1,0,S1-51251327,S3-838421357,S3,1
0,0.8,1.0,0.8,0.6666666666666666,0.7,8,0.6666666666666666,0,0.9256198347107438,0.9333333333333332,0.9256198347107438,0.8,0.7719298245614035,7,0.890625,1.0,1,0,S1-870470165,S2-967834395,S2,1
0,0.8571428571428572,0.8571428571428571,0.8571428571428572,0.25,0.55,3,0.8421052631578947,0,0.7619047619047619,0.9203539823008849,0.8888888888888888,0.7142857142857143,0.6901408450704225,4,0.9384615384615385,1.0,1,0,S1-1555994,S3-622354157,S3,1
1,1.0,1.0,1.0,1.0,1.0,0,1.0,0,0.7741935483870968,0.967741935483871,0.967741935483871,0.7142857142857143,0.7419354838709677,2,0.9375,1.0,1,0,S1-475926100,S3-774501732,S3,1
1,1.0,1.0,1.0,1.0,1.0,0,1.0,0,0.8333333333333335,1.0,1.0,1.0,0.6842105263157895,0,1.0,1.0,1,0,S1-187892209,S2-369435665,S2,1
0,0.7,0.7878787878787878,0.7,0.5,0.5,0,1.0,0,0.9425287356321839,0.9583333333333333,0.9540229885057472,0.75,0.8734177215189873,4,0.9550561797752809,1.0,1,0,S1-312608067,S3-740119517,S3,1
1,1.0,1.0,1.0,1.0,1.0,0,1.0,0,0.6349206349206349,0.6666666666666665,0.6349206349206349,0.2857142857142857,0.3181818181818182,3,0.9090909090909091,0.0,1,0,S1-761498123,S3-955527179,S3,1
0,0.8387096774193549,1.0,0.8387096774193549,0.75,0.7058823529411765,10,0.7222222222222222,1,1.0,1.0,1.0,1.0,1.0,0,1.0,1.0,1,0,S1-411744098,S2-216449404,S2,1
0,0.962962962962963,0.9629629629629629,0.962962962962963,0.5,0.9230769230769231,0,1.0,0,0.8837209302325582,0.8837209302325582,0.8837209302325582,0.3333333333333333,0.6956521739130435,5,0.7916666666666666,0.3333333333333333,1,0,S1-338595013,S3-900995771,S3,1
0,0.8461538461538461,0.8461538461538461,0.8461538461538461,0.6,0.4666666666666667,0,1.0,0,0.9574468085106383,0.9574468085106383,0.9574468085106383,0.6,0.7959183673469388,2,0.9583333333333334,1.0,1,0,S1-187157067,S3-337148307,S3,1
0,0.9433962264150944,0.9433962264150944,0.9433962264150944,0.5,0.6896551724137931,1,0.9629629629629629,0,0.5483870967741935,0.6451612903225806,0.6451612903225806,0.2222222222222222,0.3181818181818182,2,0.9375,1.0,1,0,S1-196750649,S3-674104030,S3,1
1,1.0,1.0,1.0,1.0,1.0,0,1.0,0,0.9508196721311475,0.9508196721311475,0.9508196721311475,0.7142857142857143,0.78125,3,0.90625,1.0,1,0,S1-408887024,S2-956054514,S2,1
1,1.0,1.0,1.0,1.0,1.0,0,1.0,0,0.7868852459016393,0.8852459016393442,0.8852459016393442,0.5,0.5,1,0.967741935483871,1.0,1,0,S1-34112506,S2-497355107,S2,1
0,0.8387096774193549,1.0,0.8387096774193549,1.0,0.96,10,0.7222222222222222,0,0.8421052631578947,0.9090909090909091,0.8421052631578947,0.6,0.6265060240963856,10,0.8765432098765432,0.5,1,0,S1-369505633,S2-89267589,S2,1
0,0.8095238095238095,1.0,0.8095238095238095,0.5,0.6521739130434783,8,0.68,0,0.7394957983193278,1.0,0.9411764705882352,0.8888888888888888,0.7894736842105263,7,0.8888888888888888,1.0,1,0,S1-326676283,S2-217535632,S2,1
1,1.0,1.0,1.0,1.0,1.0,0,1.0,0,0.9743589743589743,0.9743589743589743,0.9743589743589743,0.7692307692307693,0.8961038961038961,4,0.95,1.0,1,0,S1-203735826,S2-14294327,S2,1
0,0.09999999999999998,0.11111111111111115,0.09999999999999998,0.0,0.0,2,0.9047619047619048,0,0.4946236559139785,0.8709677419354839,0.6666666666666667,0.36363636363636365,0.3283582089552239,23,0.603448275862069,0.3333333333333333,1,0,S1-476862991,S2-262316646,S2,1
0,0.7727272727272727,0.85,0.7727272727272727,0.6,0.48,6,0.76,0,0.6610169491525424,1.0,0.8305084745762712,0.7692307692307693,0.6470588235294118,20,0.7101449275362319,1.0,1,0,S1-440708636,S2-286985825,S2,1
0,0.6666666666666667,0.6666666666666665,0.6666666666666667,0.0,0.38235294117647056,17,0.5,1,1.0,1.0,1.0,1.0,1.0,0,1.0,1.0,1,0,S1-649203126,S2-535689553,S2,1
0,0.6521739130434783,1.0,0.6521739130434783,0.5,0.4482758620689655,16,0.4838709677419355,0,0.6881720430107527,0.9210526315789473,0.8387096774193549,0.5454545454545454,0.5357142857142857,11,0.7884615384615384,0.0,1,0,S1-5885313,S3-921161801,S3,1
1,1.0,1.0,1.0,1.0,1.0,0,1.0,1,1.0,1.0,1.0,1.0,1.0,0,1.0,1.0,1,1,S1-858885586,S2-974900754,S2,1
0,0.75,1.0,0.75,0.6666666666666666,0.5555555555555556,8,0.6,0,0.40384615384615385,0.5357142857142857,0.42307692307692313,0.16666666666666666,0.15853658536585366,22,0.6507936507936508,0.6666666666666666,1,0,S1-747503946,S2-778876878,S2,1
0,0.8333333333333335,1.0,1.0,1.0,0.6842105263157895,0,1.0,0,0.4946236559139785,0.8125,0.6021505376344086,0.3333333333333333,0.3283582089552239,17,0.6909090909090909,0.5,1,0,S1-544006279,S3-663388299,S3,1
0,0.9130434782608696,1.0,0.9130434782608696,0.75,0.8260869565217391,4,0.84,0,0.9655172413793103,1.0,0.9655172413793103,0.8333333333333334,0.8571428571428571,2,0.9333333333333333,1.0,1,0,S1-185462186,S2-148912768,S2,1
0,0.88,0.88,0.88,0.3333333333333333,0.3125,1,0.9230769230769231,0,0.8955223880597015,1.0,0.8955223880597015,0.75,0.75,7,0.8108108108108109,0.5,1,0,S1-119359380,S2-913036019,S2,1
1,1.0,1.0,1.0,1.0,1.0,0,1.0,0,0.7272727272727273,0.8372093023255814,0.6545454545454545,0.6666666666666666,0.4166666666666667,5,0.8333333333333334,1.0,1,0,S1-542203310,S2-500204505,S2,1
0,0.48275862068965514,0.689655172413793,0.6896551724137931,0.5,0.13636363636363635,3,0.8125,0,0.8717948717948718,0.8717948717948718,0.8717948717948718,0.5555555555555556,0.6363636363636364,8,0.813953488372093,1.0,1,0,S1-88944659,S2-459751794,S2,1
0,0.9189189189189189,0.9189189189189189,0.9189189189189189,0.42857142857142855,0.7,4,0.8974358974358975,0,0.8429752066115702,0.9433962264150944,0.8760330578512396,0.7142857142857143,0.8275862068965517,7,0.890625,1.0,1,0,S1-429258673,S3-140371474,S3,1
1,1.0,1.0,1.0,1.0,1.0,0,1.0,0,0.72,0.9411764705882354,0.72,0.5555555555555556,0.46808510638297873,21,0.5625,1.0,1,0,S1-522949392,S3-622157175,S3,1
0,0.875,0.625,0.625,0.0,0.5172413793103449,2,0.92,0,0.7123287671232876,0.8518518518518519,0.6849315068493153,0.625,0.4166666666666667,11,0.7380952380952381,1.0,1,0,S1-835114405,S2-261476511,S2,1
1,1.0,1.0,1.0,1.0,1.0,0,1.0,0,0.7297297297297297,0.7567567567567568,0.7297297297297297,0.3,0.5333333333333333,2,0.9473684210526315,0.0,1,0,S1-529628394,S3-604693480,S3,1
0,0.926829268292683,0.926829268292683,0.926829268292683,0.6,0.5416666666666666,1,0.9523809523809523,0,0.8176795580110497,0.9461077844311377,0.8729281767955801,0.7619047619047619,0.75,1,0.989010989010989,1.0,1,0,S1-900839250,S2-684789946,S2,1
1,1.0,1.0,1.0,1.0,1.0,0,1.0,0,0.49230769230769234,0.4,0.36923076923076925,0.1,0.10909090909090909,11,0.7105263157894737,0.0,1,0,S1-528688338,S3-433987972,S3,1
0,0.8461538461538461,1.0,0.8461538461538461,0.6666666666666666,0.6923076923076923,4,0.7333333333333333,1,1.0,1.0,1.0,1.0,1.0,0,1.0,1.0,1,0,S1-81498748,S2-753543195,S2,1
0,0.43478260869565216,1.0,0.43478260869565216,0.3333333333333333,0.1875,13,0.2777777777777778,0,0.9361702127659575,1.0,1.0,1.0,0.8421052631578947,0,1.0,1.0,1,0,S1-610840709,S3-587011053,S3,1
0,0.8571428571428572,0.8571428571428571,0.8571428571428572,0.6,0.47619047619047616,1,0.9444444444444444,0,0.847457627118644,0.9491525423728814,0.9491525423728814,0.7142857142857143,0.6666666666666666,3,0.9032258064516129,1.0,1,0,S1-291742839,S2-670660184,S2,1
0,0.923076923076923,0.923076923076923,0.923076923076923,0.6,0.7142857142857143,4,0.8571428571428571,0,0.29940119760479045,0.7906976744186046,0.3233532934131736,0.12,0.13114754098360656,97,0.26515151515151514,0.3333333333333333,1,0,S1-268756044,S3-557198125,S3,1
0,0.10169491525423723,0.10169491525423723,0.10169491525423723,0.0,0.0,1,0.9666666666666667,0,0.8702290076335878,0.9719626168224299,0.8702290076335878,0.7692307692307693,0.78125,3,0.9552238805970149,0.0,1,0,S1-174720991,S2-914917782,S2,1
0,0.09999999999999998,0.11111111111111115,0.09999999999999998,0.0,0.0,2,0.9354838709677419,0,0.9456521739130435,0.9811320754716981,0.9130434782608696,0.8235294117647058,0.8372093023255814,10,0.8969072164948454,1.0,1,0,S1-518033624,S3-721715652,S3,1
0,0.9,1.0,0.9,0.75,0.8,4,0.8181818181818182,0,0.6486486486486487,0.8,0.6216216216216216,0.36363636363636365,0.3673469387755102,20,0.574468085106383,0.3333333333333333,1,0,S1-249781588,S2-893622731,S2,1
0,0.9090909090909091,0.9090909090909091,0.9090909090909091,0.5,0.5,2,0.8333333333333334,0,0.9666666666666667,0.9666666666666667,0.9666666666666667,0.6666666666666666,0.8333333333333334,0,1.0,1.0,1,0,S1-193434860,S2-572943630,S2,1
0,0.923076923076923,1.0,0.923076923076923,0.6666666666666666,0.8461538461538461,4,0.8571428571428571,0,0.8095238095238095,0.8095238095238095,0.8095238095238095,0.36363636363636365,0.5918367346938775,8,0.8260869565217391,0.0,1,0,S1-758712618,S3-842253036,S3,1
0,0.9,1.0,0.9,0.6666666666666666,0.8,4,0.8181818181818182,1,1.0,1.0,1.0,1.0,1.0,0,1.0,1.0,1,0,S1-20645994,S2-65691086,S2,1
0,0.96875,0.96875,0.96875,0.6,0.8181818181818182,0,1.0,0,0.0,0.0,0.0,0.0,0.0,68,0.0,0.0,1,0,S1-744119363,S3-22892338,S3,1
0,0.7575757575757575,1.0,1.0,1.0,0.8787878787878788,0,1.0,0,0.8776978417266187,0.8907563025210083,0.7769784172661871,0.6428571428571429,0.7051282051282052,7,0.9041095890410958,0.6666666666666666,1,0,S1-513103795,S3-257596049,S3,1
1,1.0,1.0,1.0,1.0,1.0,0,1.0,0,0.9705882352941176,0.9705882352941176,0.9705882352941176,0.75,0.8787878787878788,2,0.9428571428571428,1.0,1,0,S1-366676537,S3-22142563,S3,1
0,0.736842105263158,0.736842105263158,0.4736842105263158,0.2,0.4166666666666667,8,0.6521739130434783,0,0.5294117647058824,0.9491525423728814,0.9117647058823529,0.7142857142857143,0.6842105263157895,6,0.8378378378378378,1.0,1,0,S1-138256012,S3-218383123,S3,1
0,0.6363636363636364,0.75,0.6363636363636364,0.3333333333333333,0.38461538461538464,2,0.8333333333333334,0,0.8846153846153846,1.0,1.0,1.0,0.7777777777777778,0,1.0,1.0,1,0,S1-415434182,S2-582288878,S2,1
0,0.9615384615384616,0.9615384615384616,0.9615384615384616,0.6,0.7777777777777778,0,1.0,0,0.9133858267716536,0.970873786407767,0.8976377952755905,0.75,0.7818181818181819,11,0.8405797101449275,1.0,1,0,S1-224461326,S3-345603985,S3,1
1,1.0,1.0,1.0,1.0,1.0,0,1.0,0,0.5423728813559322,0.7796610169491526,0.7796610169491526,0.2857142857142857,0.41025641025641024,1,0.9666666666666667,0.0,1,0,S1-569665453,S3-107276199,S3,1
0,0.9473684210526316,0.9473684210526315,0.9473684210526316,0.6,0.65625,1,0.9655172413793104,0,0.9836065573770492,0.9836065573770492,0.9836065573770492,0.6666666666666666,0.8333333333333334,1,0.967741935483871,1.0,1,0,S1-202405174,S2-201998308,S2,1
0,0.10526315789473684,0.10526315789473685,0.10526315789473684,0.0,0.0,22,0.26666666666666666,0,0.96,0.96,0.96,0.7142857142857143,0.8205128205128205,3,0.9230769230769231,1.0,1,0,S1-822778831,S2-359087732,S2,1
0,0.9285714285714286,0.9285714285714286,0.9285714285714286,0.3333333333333333,0.6,0,1.0,0,0.9130434782608696,0.9629629629629629,0.9130434782608696,0.7777777777777778,0.8333333333333334,8,0.84,1.0,1,0,S1-25565158,S3-143926897,S3,1
1,1.0,1.0,1.0,1.0,1.0,0,1.0,0,0.9405940594059404,1.0,0.9405940594059404,0.9444444444444444,0.9333333333333333,12,0.8878504672897196,1.0,1,0,S1-287981053,S2-755790179,S2,1
0,0.7435897435897436,0.8787878787878788,0.7948717948717949,0.5,0.5416666666666666,4,0.9024390243902439,0,0.757396449704142,0.9813664596273292,0.9349112426035504,0.8947368421052632,0.7912087912087912,5,0.9425287356321839,1.0,1,0,S1-397267504,S2-876043802,S2,1
0,0.8666666666666667,1.0,0.8666666666666667,0.6666666666666666,0.7333333333333333,4,0.7647058823529411,0,0.9117647058823529,0.9117647058823529,0.9117647058823529,0.5,0.7777777777777778,6,0.8378378378378378,0.0,1,0,S1-746522155,S3-491916558,S3,1
0,0.9152542372881356,1.0,0.9152542372881356,0.75,0.8333333333333334,5,0.84375,0,0.9090909090909091,0.9090909090909091,0.9090909090909091,0.42857142857142855,0.5454545454545454,3,0.896551724137931,1.0,1,0,S1-349437022,S2-83497346,S2,1
0,0.9285714285714286,0.923076923076923,0.9285714285714286,0.4,0.6428571428571429,2,0.8666666666666667,0,0.5795454545454546,0.9575757575757575,0.8977272727272727,0.7777777777777778,0.7604166666666666,4,0.9555555555555556,0.75,1,0,S1-189323129,S2-153002609,S2,1
0,0.68,1.0,1.0,1.0,0.7037037037037037,0,1.0,0,0.7887323943661972,0.8301886792452831,0.7605633802816901,0.375,0.5227272727272727,9,0.775,1.0,1,0,S1-529667943,S3-572622962,S3,1
0,0.5925925925925926,1.0,0.5925925925925926,0.5,0.35294117647058826,11,0.42105263157894735,0,0.8163265306122449,0.8925619834710744,0.8027210884353742,0.5294117647058824,0.6385542168674698,9,0.8846153846153846,0.0,1,0,S1-823931315,S2-889896267,S2,1
1,1.0,1.0,1.0,1.0,1.0,0,1.0,0,0.5405405405405406,1.0,1.0,1.0,0.8421052631578947,0,1.0,1.0,1,0,S1-100363220,S2-851401773,S2,1
1,1.0,1.0,1.0,1.0,1.0,0,1.0,0,0.8857142857142857,0.9846153846153847,0.9857142857142859,0.8888888888888888,0.9083969465648855,2,0.9858156028368794,1.0,1,0,S1-82698603,S2-613458557,S2,1
0,0.7272727272727273,1.0,0.7272727272727273,0.3333333333333333,0.5454545454545454,15,0.5714285714285714,1,1.0,1.0,1.0,1.0,1.0,0,1.0,1.0,1,0,S1-368613980,S3-117173610,S3,1
1,1.0,1.0,1.0,1.0,1.0,0,1.0,0,0.5217391304347826,0.927536231884058,0.927536231884058,0.5555555555555556,0.6578947368421053,1,0.9714285714285714,1.0,1,0,S1-635797368,S3-12577411,S3,1
0,0.8571428571428572,1.0,0.8571428571428572,0.6666666666666666,0.7058823529411765,5,0.75,0,0.8285714285714285,0.9508196721311475,0.9142857142857143,0.6666666666666666,0.6923076923076923,6,0.8421052631578947,1.0,1,0,S1-89331735,S3-838948325,S3,1
1,1.0,1.0,1.0,1.0,1.0,0,1.0,0,0.42384105960264906,0.9655172413793103,0.5827814569536424,0.47058823529411764,0.45348837209302323,61,0.42452830188679247,0.0,1,0,S1-177028841,S3-74262962,S3,1
1,1.0,1.0,1.0,1.0,1.0,0,1.0,0,0.9714285714285714,0.9714285714285714,0.9714285714285714,0.7142857142857143,0.9411764705882353,2,0.9444444444444444,0.0,1,0,S1-775357022,S2-623988365,S2,1
0,0.6363636363636364,1.0,0.9090909090909091,0.8,0.5384615384615384,4,0.8333333333333334,0,0.8695652173913043,0.949367088607595,0.8586956521739131,0.6842105263157895,0.7448979591836735,12,0.8775510204081632,1.0,1,0,S1-872596687,S2-559361530,S2,1
0,0.923076923076923,1.0,0.923076923076923,0.75,0.8888888888888888,3,0.8571428571428571,0,0.8641975308641976,0.875,0.8641975308641976,0.5555555555555556,0.6382978723404256,9,0.8,0.5,1,0,S1-323501301,S2-615321676,S2,1
0,0.5185185185185186,1.0,0.5185185185185186,0.5,0.2777777777777778,13,0.35,0,0.7083333333333333,1.0,1.0,1.0,0.76,0,1.0,1.0,1,0,S1-552995107,S3-524633377,S3,1
0,0.814814814814815,0.5185185185185186,0.5185185185185186,0.0,0.42857142857142855,6,0.8,0,0.8495575221238938,0.912621359223301,0.831858407079646,0.6153846153846154,0.7377049180327869,1,0.9824561403508771,1.0,1,0,S1-946351469,S3-540723162,S3,1
0,0.6470588235294117,0.7692307692307692,0.6470588235294117,0.3333333333333333,0.42857142857142855,2,0.8888888888888888,0,0.9636363636363636,0.970873786407767,0.9636363636363636,0.8,0.8928571428571429,4,0.9298245614035088,1.0,1,0,S1-663732717,S3-60240557,S3,1
0,0.7333333333333334,0.9666666666666667,0.9666666666666667,0.6,0.6470588235294118,0,1.0,0,0.7758620689655173,0.9714285714285714,0.8793103448275862,0.7,0.7903225806451613,8,0.8709677419354839,1.0,1,0,S1-93857692,S3-809805333,S3,1
0,0.75,1.0,0.75,1.0,0.8888888888888888,12,0.6,0,0.78125,0.875,0.875,0.42857142857142855,0.5384615384615384,2,0.9393939393939394,1.0,1,0,S1-715009797,S3-41619769,S3,1
0,0.9393939393939393,0.9393939393939393,0.9393939393939393,0.6666666666666666,0.7714285714285715,4,0.8857142857142857,0,0.0,0.0,0.0,0.0,0.0,72,0.0,0.0,1,0,S1-429568466,S2-281425350,S2,1
0,0.8378378378378379,1.0,0.8378378378378379,0.8333333333333334,0.7073170731707317,12,0.7209302325581395,0,0.9253731343283582,0.9253731343283582,0.9253731343283582,0.5,0.7428571428571429,1,0.9705882352941176,1.0,1,0,S1-520121643,S3-440664631,S3,1
0,0.8,0.903225806451613,0.8,0.3333333333333333,0.5263157894736842,1,0.9444444444444444,0,0.625,1.0,1.0,1.0,0.7647058823529411,0,1.0,1.0,1,0,S1-986977764,S2-168820703,S2,1
0,0.8,1.0,0.8,0.5,0.6666666666666666,6,0.6666666666666666,0,0.9333333333333332,0.9433962264150944,0.9333333333333332,0.6666666666666666,0.8,4,0.875,1.0,1,0,S1-3844383,S2-942733075,S2,1
0,0.875,1.0,0.875,1.0,0.8571428571428571,4,0.7777777777777778,0,0.9565217391304348,1.0,0.9565217391304348,0.8333333333333334,0.8260869565217391,2,0.9166666666666666,1.0,1,0,S1-525286696,S2-466391779,S2,1
0,0.7096774193548387,0.6451612903225806,0.6451612903225806,0.0,0.3488372093023256,14,0.631578947368421,0,0.8129032258064516,0.9242424242424242,0.7870967741935485,0.625,0.7407407407407407,7,0.9135802469135802,1.0,1,0,S1-255599185,S2-385234548,S2,1
0,0.10526315789473684,0.1578947368421052,0.1578947368421053,0.0,0.0,22,0.26666666666666666,0,0.4554455445544554,0.7924528301886792,0.4356435643564357,0.2777777777777778,0.23376623376623376,33,0.5074626865671642,0.25,1,0,S1-820114,S2-602988282,S2,1
0,0.6666666666666667,0.8108108108108109,0.6666666666666667,0.5,0.4444444444444444,1,0.9565217391304348,0,0.9130434782608696,0.923076923076923,0.9130434782608696,0.6666666666666666,0.75,4,0.84,1.0,1,0,S1-694337058,S2-449037230,S2,1
0,0.8433734939759038,1.0,0.8433734939759038,0.6666666666666666,0.7333333333333333,13,0.7291666666666666,0,0.8045977011494253,1.0,1.0,1.0,0.9166666666666666,0,1.0,1.0,1,0,S1-362201477,S3-33358271,S3,1
0,0.9,1.0,0.9,0.75,0.8,4,0.8181818181818182,0,0.5263157894736843,0.6909090909090909,0.6842105263157895,0.4,0.3584905660377358,4,0.9,1.0,1,0,S1-628380782,S2-142537017,S2,1
0,0.9666666666666667,0.9666666666666667,0.9666666666666667,0.6,0.8,0,1.0,0,0.5185185185185186,0.9361702127659575,0.9259259259259259,0.6666666666666666,0.6129032258064516,4,0.8620689655172413,1.0,1,0,S1-756764706,S2-523493016,S2,1
1,1.0,1.0,1.0,1.0,1.0,0,1.0,0,0.6296296296296297,0.8888888888888888,0.8888888888888888,0.42857142857142855,0.5625,4,0.8620689655172413,0.0,1,0,S1-685347226,S2-173533123,S2,1
1,1.0,1.0,1.0,1.0,1.0,0,1.0,0,0.8979591836734694,0.8979591836734694,0.8979591836734694,0.5,0.6607142857142857,2,0.96,1.0,1,0,S1-922849943,S3-406937582,S3,1
0,0.9189189189189189,1.0,0.9189189189189189,0.75,0.8235294117647058,3,0.85,0,0.9272727272727272,0.9662921348314607,0.9272727272727272,0.7777777777777778,0.8461538461538461,8,0.864406779661017,1.0,1,0,S1-890289335,S3-284741832,S3,1
0,0.8620689655172413,1.0,0.8620689655172413,0.8,0.75,4,0.8709677419354839,0,0.7540983606557377,0.9508196721311475,0.9508196721311475,0.7142857142857143,0.6764705882352942,3,0.90625,1.0,1,0,S1-412793162,S3-137705887,S3,1
0,0.9803921568627451,0.9803921568627452,0.9803921568627451,0.6,0.8076923076923077,1,0.9615384615384616,0,0.8928571428571429,1.0,0.8928571428571429,0.7142857142857143,0.7931034482758621,6,0.8064516129032258,0.0,1,0,S1-729177893,S2-635593603,S2,1
0,0.10169491525423723,0.10909090909090907,0.10169491525423723,0.0,0.0,1,0.9666666666666667,0,0.3652173913043478,0.8421052631578948,0.4695652173913043,0.25,0.23333333333333334,45,0.4375,0.3333333333333333,1,0,S1-968565892,S2-237419438,S2,1
0,0.7692307692307692,1.0,1.0,1.0,0.7777777777777778,0,1.0,0,0.8235294117647058,0.7941176470588235,0.7941176470588236,0.2222222222222222,0.5609756097560976,6,0.8378378378378378,1.0,1,0,S1-828555604,S3-273405507,S3,1
0,0.8135593220338984,1.0,0.8135593220338984,0.6,0.6176470588235294,11,0.6857142857142857,0,0.9347826086956522,0.963855421686747,0.9347826086956522,0.7142857142857143,0.8333333333333334,6,0.8775510204081632,1.0,1,0,S1-260291896,S3-432932428,S3,1
1,1.0,1.0,1.0,1.0,1.0,0,1.0,0,0.7213114754098361,0.9508196721311475,0.9508196721311475,0.6666666666666666,0.6764705882352942,3,0.90625,1.0,1,0,S1-713026954,S3-146399680,S3,1
0,0.08695652173913049,0.09523809523809518,0.08695652173913049,0.0,0.0,2,0.9166666666666666,0,0.8088235294117648,0.9,0.7941176470588236,0.6,0.6617647058823529,14,0.8133333333333334,1.0,1,0,S1-953416889,S2-120829102,S2,1
0,0.368421052631579,0.38095238095238093,0.368421052631579,0.1,0.0967741935483871,4,0.8095238095238095,0,0.8173913043478261,0.9714285714285714,0.9043478260869565,0.8333333333333334,0.8070175438596491,7,0.8852459016393442,0.0,1,0,S1-965677631,S3-123826693,S3,1
1,1.0,1.0,1.0,1.0,1.0,0,1.0,0,0.7111111111111111,0.7761194029850746,0.7111111111111111,0.4166666666666667,0.4166666666666667,8,0.8367346938775511,1.0,1,0,S1-102798651,S3-470667789,S3,1
1,1.0,1.0,1.0,1.0,1.0,0,1.0,0,0.9824561403508771,0.9824561403508772,0.9824561403508771,0.6666666666666666,0.8275862068965517,1,0.9655172413793104,1.0,1,0,S1-680670421,S2-430797670,S2,1
1,1.0,1.0,1.0,1.0,1.0,0,1.0,0,0.8648648648648648,0.8648648648648648,0.8648648648648648,0.4,0.6666666666666666,4,0.8974358974358975,0.0,1,0,S1-191453429,S3-971258275,S3,1
0,0.6521739130434783,1.0,0.6521739130434783,0.6,0.4482758620689655,16,0.4838709677419355,0,0.4318181818181818,1.0,1.0,1.0,0.8260869565217391,0,1.0,1.0,1,0,S1-261093790,S3-585247725,S3,1
0,0.8421052631578947,0.5789473684210527,0.5789473684210527,0.0,0.36,2,0.9,0,0.8928571428571429,0.8928571428571429,0.8928571428571429,0.42857142857142855,0.6,0,1.0,1.0,1,0,S1-865933830,S3-842818829,S3,1
0,0.9189189189189189,0.9189189189189189,0.9189189189189189,0.6,0.7368421052631579,3,0.85,0,0.96,0.96,0.96,0.7142857142857143,0.8205128205128205,3,0.9230769230769231,1.0,1,0,S1-182919768,S2-897001600,S2,1
0,0.962962962962963,0.9629629629629629,0.962962962962963,0.5,0.7777777777777778,0,1.0,0,0.576271186440678,0.825,0.576271186440678,0.2857142857142857,0.37349397590361444,20,0.7101449275362319,0.0,1,0,S1-282104837,S3-665688293,S3,1
0,0.8888888888888888,1.0,0.8888888888888888,0.75,0.782608695652174,5,0.8,1,1.0,1.0,1.0,1.0,1.0,0,1.0,1.0,1,0,S1-436178004,S2-767461505,S2,1
0,0.7777777777777779,1.0,1.0,1.0,0.6842105263157895,0,1.0,0,0.72,0.84,0.84,0.42857142857142855,0.4375,2,0.9230769230769231,1.0,1,0,S1-347895587,S3-877700490,S3,1
1,1.0,1.0,1.0,1.0,1.0,0,1.0,1,1.0,1.0,1.0,1.0,1.0,0,1.0,1.0,1,1,S1-747012862,S2-668971442,S2,1
0,0.736842105263158,0.8571428571428571,0.736842105263158,0.6,0.5,1,0.9655172413793104,0,0.6095238095238096,0.955223880597015,0.8571428571428572,0.6666666666666666,0.7209302325581395,5,0.9090909090909091,1.0,1,0,S1-731128198,S3-574036467,S3,1
0,0.8823529411764706,1.0,0.8823529411764706,0.6666666666666666,0.7647058823529411,4,0.7894736842105263,0,0.5757575757575757,0.8421052631578948,0.9090909090909091,0.375,0.53125,4,0.8857142857142857,0.0,1,0,S1-111287870,S2-742436763,S2,1
1,1.0,1.0,1.0,1.0,1.0,0,1.0,0,0.6097560975609756,0.9024390243902439,0.9024390243902439,0.5555555555555556,0.5918367346938775,4,0.9069767441860465,1.0,1,0,S1-753596697,S3-889554778,S3,1
0,0.782608695652174,0.6086956521739131,0.6086956521739131,0.0,0.35714285714285715,3,0.7692307692307693,0,0.8059701492537313,0.9411764705882354,0.8059701492537313,0.5555555555555556,0.575,13,0.675,0.5,1,0,S1-14873990,S2-977732609,S2,1
0,0.8181818181818181,0.8181818181818181,0.8181818181818181,0.2,0.2857142857142857,0,1.0,0,0.8256880733944953,0.9397590361445783,0.8256880733944953,0.6666666666666666,0.7358490566037735,9,0.847457627118644,1.0,1,0,S1-675516194,S2-502248959,S2,1
0,0.676923076923077,0.8301886792452831,0.676923076923077,0.6,0.4523809523809524,3,0.9117647058823529,0,0.9,0.967741935483871,0.9,0.8,0.8333333333333334,10,0.8181818181818182,1.0,1,0,S1-782036476,S3-938703192,S3,1
1,1.0,1.0,1.0,1.0,1.0,0,1.0,0,0.8974358974358975,0.955223880597015,0.8717948717948718,0.5555555555555556,0.7209302325581395,8,0.813953488372093,1.0,1,0,S1-824957114,S3-264108821,S3,1
0,0.90625,1.0,1.0,1.0,0.8181818181818182,0,1.0,0,0.8484848484848484,0.923076923076923,0.8484848484848484,0.625,0.5897435897435898,10,0.7368421052631579,1.0,1,0,S1-798406091,S2-980982227,S2,1
1,1.0,1.0,1.0,1.0,1.0,0,1.0,0,0.641025641025641,0.7692307692307692,0.7692307692307692,0.3333333333333333,0.39622641509433965,0,1.0,0.5,1,0,S1-299821748,S3-519030473,S3,1
0,0.7666666666666666,0.9047619047619048,0.7333333333333334,0.3333333333333333,0.5277777777777778,14,0.6216216216216216,0,0.0,0.0,0.0,0.0,0.0,28,0.0,0.0,1,0,S1-114558107,S3-920457072,S3,1
1,1.0,1.0,1.0,1.0,1.0,0,1.0,0,0.9213483146067416,0.9305555555555556,0.9213483146067416,0.7333333333333333,0.8192771084337349,0,1.0,0.0,1,0,S1-560309403,S3-904936506,S3,1
0,0.13636363636363635,0.1578947368421052,0.13636363636363635,0.0,0.0,0,1.0,0,0.7272727272727273,0.9107142857142857,0.7727272727272727,0.5714285714285714,0.5949367088607594,10,0.8591549295774648,1.0,1,0,S1-978794161,S2-813318063,S2,1
0,0.11764705882352944,0.13793103448275856,0.11764705882352944,0.0,0.0,2,0.9428571428571428,0,0.8444444444444444,0.9763779527559054,0.962962962962963,0.8333333333333334,0.8194444444444444,5,0.9285714285714286,1.0,1,0,S1-899756741,S3-694225553,S3,1
0,0.9166666666666665,1.0,0.9166666666666665,0.8,0.8333333333333334,4,0.8461538461538461,0,0.8641975308641976,0.8888888888888888,0.8641975308641976,0.5,0.6739130434782609,1,0.975609756097561,0.5,1,0,S1-283566566,S3-71543868,S3,1
0,0.875,1.0,1.0,1.0,0.875,0,1.0,0,0.923076923076923,0.9565217391304348,0.923076923076923,0.7142857142857143,0.8048780487804879,6,0.8571428571428571,1.0,1,0,S1-442604432,S3-293912534,S3,1
0,0.9032258064516128,0.903225806451613,0.9032258064516128,0.5,0.5675675675675675,4,0.8787878787878788,0,0.0,0.0,0.0,0.0,0.0,30,0.0,0.0,1,0,S1-318863248,S3-858719733,S3,1
0,0.6875,0.9375,0.9375,0.6666666666666666,0.6216216216216216,4,0.8823529411764706,0,0.9538461538461537,1.0,0.9538461538461537,0.8333333333333334,0.9032258064516129,3,0.9117647058823529,1.0,1,0,S1-369508407,S2-3740239,S2,1
0,0.7878787878787878,1.0,1.0,1.0,0.7714285714285715,0,1.0,0,0.5666666666666667,0.8484848484848484,0.6,0.3333333333333333,0.27906976744186046,22,0.4634146341463415,1.0,1,0,S1-186418173,S3-563853471,S3,1
0,0.75,0.8148148148148148,0.75,0.4,0.44,8,0.6666666666666666,0,0.0,0.0,0.0,0.0,0.0,92,0.0,0.0,1,0,S1-872070916,S3-741017829,S3,1
0,0.8666666666666667,1.0,0.8666666666666667,0.6666666666666666,0.7333333333333333,4,0.7647058823529411,0,0.7407407407407408,0.9629629629629629,0.962962962962963,0.7142857142857143,0.6129032258064516,2,0.9285714285714286,1.0,1,0,S1-972705175,S2-944011155,S2,1
0,0.96,0.96,0.96,0.6666666666666666,0.7692307692307693,0,1.0,0,0.5,0.9491525423728814,0.8823529411764706,0.5714285714285714,0.6410256410256411,6,0.8378378378378378,1.0,1,0,S1-848591010,S3-944792231,S3,1
0,0.52,1.0,1.0,1.0,0.7692307692307693,0,1.0,0,0.9135802469135803,1.0,0.9876543209876543,0.9230769230769231,0.9012345679012346,2,0.975609756097561,1.0,1,0,S1-815276649,S2-807436581,S2,1
0,0.7058823529411764,1.0,0.7058823529411764,0.5,0.5,10,0.5454545454545454,1,1.0,1.0,1.0,1.0,1.0,0,1.0,1.0,1,0,S1-562757530,S3-926165360,S3,1
0,0.961038961038961,0.927536231884058,0.9090909090909091,0.42857142857142855,0.8,3,0.925,0,0.85,0.875,0.85,0.4,0.6170212765957447,8,0.8181818181818182,0.3333333333333333,1,0,S1-706218163,S3-792265535,S3,1
1,1.0,1.0,1.0,1.0,1.0,0,1.0,0,0.6923076923076923,0.9433962264150944,0.923076923076923,0.7142857142857143,0.6052631578947368,6,0.8571428571428571,1.0,1,0,S1-375632321,S3-923102948,S3,1
0,0.9393939393939393,1.0,0.9393939393939393,0.8,0.8787878787878788,4,0.8857142857142857,0,0.8684210526315791,0.8684210526315789,0.8684210526315791,0.5,0.6744186046511628,6,0.8536585365853658,1.0,1,0,S1-34666375,S3-577335183,S3,1
1,1.0,1.0,1.0,1.0,1.0,0,1.0,0,0.6849315068493153,1.0,0.7671232876712328,0.625,0.5,17,0.6222222222222222,1.0,1,0,S1-771499257,S2-571730636,S2,1
1,1.0,1.0,1.0,1.0,1.0,0,1.0,0,0.9454545454545454,0.9454545454545454,0.9454545454545454,0.6666666666666666,0.7586206896551724,3,0.896551724137931,1.0,1,0,S1-710053416,S2-709083125,S2,1
0,0.8518518518518519,1.0,0.8518518518518519,0.75,0.7241379310344828,8,0.7419354838709677,0,0.0,0.0,0.0,0.0,0.0,82,0.0,0.0,1,0,S1-963803638,S3-660485771,S3,1
1,1.0,1.0,1.0,1.0,1.0,0,1.0,0,0.8,0.8333333333333333,0.676923076923077,0.4444444444444444,0.525,9,0.7567567567567568,1.0,1,0,S1-159908261,S3-596175380,S3,1
0,0.9444444444444444,0.9444444444444444,0.9444444444444444,0.6666666666666666,0.7894736842105263,0,1.0,0,0.6946107784431138,1.0,0.9461077844311377,0.9333333333333333,0.8295454545454546,9,0.8977272727272727,0.0,1,0,S1-324448288,S2-813374332,S2,1
0,0.3703703703703704,1.0,0.3703703703703704,0.2857142857142857,0.15,17,0.22727272727272727,1,1.0,1.0,1.0,1.0,1.0,0,1.0,1.0,1,0,S1-580666391,S3-907370475,S3,1
1,1.0,1.0,1.0,1.0,1.0,0,1.0,1,1.0,1.0,1.0,1.0,1.0,0,1.0,0.0,1,1,S1-795467269,S2-695390985,S2,1
0,0.5142857142857142,1.0,0.5142857142857142,0.5,0.2916666666666667,17,0.34615384615384615,0,0.75,0.84,0.75,0.3333333333333333,0.44680851063829785,14,0.6744186046511628,0.5,1,0,S1-590702211,S3-976215977,S3,1
0,0.8571428571428572,1.0,0.8571428571428572,0.75,0.7333333333333333,8,0.75,0,0.975609756097561,0.9808917197452228,0.975609756097561,0.7777777777777778,0.9375,4,0.9523809523809523,0.0,1,0,S1-77038710,S3-174723850,S3,1
0,0.6153846153846154,1.0,0.6153846153846154,0.5,0.4,15,0.4444444444444444,0,0.8656716417910448,0.8656716417910448,0.8656716417910448,0.42857142857142855,0.7222222222222222,3,0.9142857142857143,1.0,1,0,S1-803698154,S3-200157153,S3,1
0,0.8461538461538461,1.0,0.8461538461538461,0.6666666666666666,0.6923076923076923,4,0.7333333333333333,0,0.6493506493506493,0.7241379310344829,0.7012987012987013,0.4444444444444444,0.37735849056603776,3,0.925,1.0,1,0,S1-710222341,S3-400235483,S3,1
0,0.7352941176470589,0.8620689655172414,0.7352941176470589,0.6,0.5238095238095238,2,0.9428571428571428,0,0.7142857142857143,0.7924528301886792,0.7142857142857143,0.5,0.525,6,0.8421052631578947,1.0,1,0,S1-484586896,S3-762194583,S3,1
0,0.875,1.0,0.875,0.75,0.7647058823529411,8,0.7777777777777778,0,0.950354609929078,1.0,0.950354609929078,0.9285714285714286,0.859375,7,0.9054054054054054,1.0,1,0,S1-832379210,S2-393565900,S2,1
0,0.84,1.0,0.84,0.75,0.7037037037037037,8,0.7241379310344828,0,0.8674698795180723,0.9795918367346939,0.891566265060241,0.8333333333333334,0.8536585365853658,16,0.8241758241758241,1.0,1,0,S1-420962376,S3-216120284,S3,1
1,1.0,1.0,1.0,1.0,1.0,0,1.0,0,0.8344370860927153,0.9790209790209791,0.9668874172185431,0.8571428571428571,0.8607594936708861,5,0.9358974358974359,1.0,1,0,S1-783748480,S3-102028197,S3,1
0,0.875,1.0,0.875,0.6666666666666666,0.75,4,0.7777777777777778,0,0.9111111111111111,0.9620253164556962,0.9111111111111111,0.75,0.8260869565217391,8,0.8367346938775511,1.0,1,0,S1-959475468,S3-66384738,S3,1
0,0.41379310344827597,0.7058823529411765,0.6206896551724138,0.4,0.13636363636363635,7,0.6111111111111112,0,0.5818181818181818,0.7816091954022988,0.6363636363636364,0.5294117647058824,0.44285714285714284,4,0.9298245614035088,0.5,1,0,S1-153295385,S2-361790699,S2,1
0,0.9259259259259259,0.9259259259259259,0.9259259259259259,0.6,0.7241379310344828,4,0.8620689655172413,0,0.0,0.0,0.0,0.0,0.0,52,0.0,0.0,1,0,S1-315938115,S3-806566401,S3,1
0,0.7,0.9333333333333332,0.9333333333333332,0.6,0.5714285714285714,2,0.9354838709677419,0,0.5920000000000001,1.0,0.8640000000000001,0.9166666666666666,0.71875,5,0.9230769230769231,0.0,1,0,S1-506571555,S2-436001614,S2,1
0,0.95,1.0,0.95,0.8571428571428571,0.9,4,0.9047619047619048,0,0.9545454545454546,0.9545454545454546,0.9545454545454546,0.6,0.6666666666666666,0,1.0,1.0,1,0,S1-870484087,S2-492164258,S2,1
0,0.8181818181818181,1.0,0.8181818181818181,0.6666666666666666,0.6756756756756757,12,0.6923076923076923,0,0.7352941176470589,1.0,1.0,1.0,0.8285714285714286,0,1.0,1.0,1,0,S1-399931046,S2-667163907,S2,1
0,0.9019607843137255,0.9019607843137254,0.9019607843137255,0.6,0.5666666666666667,1,0.9615384615384616,0,0.5970149253731343,0.8059701492537313,0.8059701492537313,0.375,0.47619047619047616,9,0.7631578947368421,1.0,1,0,S1-994118286,S3-662832354,S3,1
0,0.5846153846153845,1.0,0.5846153846153845,0.42857142857142855,0.38636363636363635,27,0.41304347826086957,1,1.0,1.0,1.0,1.0,1.0,0,1.0,1.0,1,0,S1-471212872,S3-999955318,S3,1
1,1.0,1.0,1.0,1.0,1.0,0,1.0,0,0.42622950819672134,0.9361702127659575,0.819672131147541,0.6666666666666666,0.5405405405405406,11,0.6944444444444444,1.0,1,0,S1-835772238,S3-720403788,S3,1
0,0.8837209302325582,0.923076923076923,0.8837209302325582,0.6,0.7727272727272727,1,0.9545454545454546,0,0.7761194029850746,0.8979591836734694,0.7761194029850746,0.5,0.5365853658536586,13,0.675,0.0,1,0,S1-239861481,S2-802857714,S2,1
0,0.8,0.8,0.8,0.3333333333333333,0.3,0,1.0,1,1.0,1.0,1.0,1.0,1.0,0,1.0,1.0,1,0,S1-446351188,S2-974288409,S2,1
0,0.9393939393939393,0.9393939393939393,0.9393939393939393,0.6666666666666666,0.7714285714285715,4,0.8857142857142857,0,0.8066298342541436,0.9801324503311258,0.9613259668508287,0.8333333333333334,0.8292682926829268,7,0.925531914893617,1.0,1,0,S1-518758513,S3-543475672,S3,1
0,0.10526315789473684,0.11320754716981128,0.10526315789473684,0.0,0.0,1,0.9655172413793104,0,0.6734693877551021,1.0,0.8775510204081632,0.8,0.6956521739130435,0,1.0,1.0,1,0,S1-409980178,S2-491996614,S2,1
0,0.5714285714285714,1.0,0.5714285714285714,0.5714285714285714,0.3684210526315789,24,0.4,1,1.0,1.0,1.0,1.0,1.0,0,1.0,1.0,1,0,S1-176231748,S3-846345579,S3,1
0,0.2941176470588235,0.2941176470588235,0.2941176470588235,0.0,0.0,20,0.25925925925925924,1,1.0,1.0,1.0,1.0,1.0,0,1.0,1.0,1,0,S1-20667582,S3-711391242,S3,1
1,1.0,1.0,1.0,1.0,1.0,0,1.0,0,0.8695652173913043,0.8695652173913043,0.8695652173913043,0.42857142857142855,0.5,4,0.84,1.0,1,0,S1-571583200,S2-229479169,S2,1
0,0.8888888888888888,0.8888888888888888,0.8888888888888888,0.5,0.6585365853658537,2,0.9459459459459459,0,0.0,0.0,0.0,0.0,0.0,68,0.0,0.0,1,0,S1-747727732,S2-668142291,S2,1
0,0.8095238095238095,1.0,1.0,1.0,0.7272727272727273,0,1.0,0,0.4590163934426229,0.7727272727272728,0.7540983606557377,0.375,0.47368421052631576,7,0.7941176470588235,1.0,1,0,S1-877940503,S3-298712598,S3,1
0,0.8620689655172413,1.0,0.8620689655172413,0.75,0.7419354838709677,8,0.7575757575757576,0,0.9370629370629371,0.9743589743589743,0.8951048951048951,0.8461538461538461,0.8507462686567164,9,0.881578947368421,1.0,1,0,S1-625733249,S3-139739301,S3,1
0,0.8823529411764706,1.0,0.8823529411764706,0.75,0.7647058823529411,4,0.7894736842105263,0,0.0,0.0,0.0,0.0,0.0,38,0.0,0.0,1,0,S1-892356245,S2-992932868,S2,1
0,0.6666666666666667,1.0,0.6666666666666667,0.5,0.45454545454545453,12,0.5,0,0.5128205128205128,1.0,1.0,1.0,0.85,0,1.0,1.0,1,0,S1-542221610,S3-559334986,S3,1
0,0.9032258064516128,0.903225806451613,0.9032258064516128,0.42857142857142855,0.6571428571428571,4,0.8787878787878788,0,0.9317269076305221,0.9361702127659575,0.9317269076305221,0.782608695652174,0.8319327731092437,3,0.9761904761904762,1.0,1,0,S1-112836463,S3-205130851,S3,1
0,0.9166666666666665,0.9166666666666667,0.9166666666666665,0.5,0.6923076923076923,4,0.8461538461538461,0,0.9024390243902439,0.9565217391304348,0.8658536585365852,0.6875,0.7831325301204819,4,0.9523809523809523,0.0,1,0,S1-533707316,S3-645906140,S3,1
0,0.8157894736842105,1.0,0.8157894736842105,0.6666666666666666,0.6904761904761905,14,0.6888888888888889,1,1.0,1.0,1.0,1.0,1.0,0,1.0,1.0,1,0,S1-953759960,S3-832781550,S3,1
0,0.08571428571428574,0.1,0.08571428571428574,0.0,0.0,0,1.0,0,0.6560000000000001,1.0,0.8160000000000001,0.6923076923076923,0.5866666666666667,23,0.6891891891891891,1.0,1,0,S1-150128822,S2-343651347,S2,1
0,0.7142857142857143,0.9090909090909091,0.8333333333333335,0.6666666666666666,0.6595744680851063,0,1.0,0,0.6105263157894737,0.7457627118644068,0.5263157894736843,0.3076923076923077,0.328125,21,0.6379310344827587,0.0,1,0,S1-362432228,S3-368651281,S3,1
0,0.8095238095238095,0.9142857142857143,0.8095238095238095,0.5,0.5,6,0.75,0,0.9142857142857143,0.9508196721311475,0.9142857142857143,0.7142857142857143,0.8333333333333334,6,0.8421052631578947,1.0,1,0,S1-174728816,S3-834628483,S3,1
0,0.9354838709677421,1.0,0.9354838709677421,0.8,0.8709677419354839,4,0.8787878787878788,0,0.5688073394495412,1.0,0.9357798165137613,0.8888888888888888,0.6981132075471698,7,0.8793103448275862,1.0,1,0,S1-830453540,S2-686896201,S2,1
0,0.9459459459459459,1.0,0.9459459459459459,0.8,0.8918918918918919,4,0.8974358974358975,0,0.48,0.9302325581395349,0.92,0.6666666666666666,0.5862068965517241,4,0.8518518518518519,1.0,1,0,S1-998045896,S2-961542650,S2,1
0,0.8333333333333335,1.0,0.8333333333333335,0.75,0.6923076923076923,8,0.7142857142857143,1,1.0,1.0,1.0,1.0,1.0,0,1.0,1.0,1,0,S1-514304250,S2-352817472,S2,1
0,0.21052631578947367,0.2105263157894737,0.21052631578947367,0.0,0.030303030303030304,18,0.35714285714285715,0,0.4029850746268657,0.7857142857142857,0.5074626865671642,0.23529411764705882,0.2682926829268293,66,0.34,0.5,1,0,S1-484862495,S3-438254308,S3,1
1,1.0,1.0,1.0,1.0,1.0,0,1.0,0,0.8125,0.90625,0.90625,0.42857142857142855,0.5789473684210527,0,1.0,1.0,1,0,S1-939839887,S3-975435468,S3,1
0,0.6923076923076923,0.8235294117647058,0.6923076923076923,0.3333333333333333,0.375,6,0.625,0,0.7536231884057972,0.8571428571428571,0.7391304347826086,0.5,0.5405405405405406,26,0.6829268292682927,0.0,1,0,S1-936133952,S3-197685186,S3,1
0,0.7428571428571429,1.0,0.7428571428571429,0.6666666666666666,0.55,9,0.5909090909090909,0,0.7706422018348624,0.8913043478260869,0.7889908256880733,0.6,0.6451612903225806,7,0.8793103448275862,0.6666666666666666,1,0,S1-718838942,S3-516450574,S3,1
1,1.0,1.0,1.0,1.0,1.0,0,1.0,0,0.5538461538461539,0.8923076923076922,0.8923076923076922,0.5,0.5641025641025641,7,0.8055555555555556,0.0,1,0,S1-514780761,S3-393953733,S3,1
0,0.9130434782608696,0.9130434782608695,0.9130434782608696,0.6,0.68,4,0.84,0,0.9104477611940298,0.9586776859504132,0.9104477611940298,0.7,0.8507462686567164,8,0.8873239436619719,0.0,1,0,S1-174448340,S2-255959637,S2,1
0,0.9583333333333335,0.9583333333333333,0.8333333333333335,0.6,0.9130434782608695,0,1.0,0,0.8985507246376812,1.0,1.0,1.0,0.9253731343283582,0,1.0,1.0,1,0,S1-735127090,S2-961259779,S2,1
0,0.11764705882352944,0.1395348837209302,0.11764705882352944,0.0,0.0,1,0.9615384615384616,0,0.4716981132075472,1.0,0.6415094339622642,0.36363636363636365,0.4,38,0.4722222222222222,0.3333333333333333,1,0,S1-531738959,S2-463484004,S2,1
0,0.9047619047619048,1.0,0.9047619047619048,0.6666666666666666,0.8095238095238095,4,0.8260869565217391,0,0.8032786885245902,0.8380952380952381,0.7704918032786885,0.4117647058823529,0.6,0,1.0,0.0,1,0,S1-131926936,S2-49763754,S2,1
1,1.0,1.0,1.0,1.0,1.0,0,1.0,0,0.7341772151898734,0.8666666666666667,0.7341772151898734,0.4,0.5,11,0.7555555555555555,0.0,1,0,S1-131292304,S3-710057375,S3,1
0,0.8,1.0,1.0,1.0,0.8095238095238095,0,1.0,0,0.7090909090909091,0.875,0.6909090909090909,0.5,0.4647887323943662,20,0.6923076923076923,0.5,1,0,S1-435122730,S3-556381574,S3,1
1,1.0,1.0,1.0,1.0,1.0,0,1.0,0,0.814814814814815,0.8571428571428571,0.814814814814815,0.5555555555555556,0.6304347826086957,1,0.975609756097561,1.0,1,0,S1-507730427,S3-296695005,S3,1
0,0.09090909090909094,0.11111111111111115,0.09090909090909094,0.0,0.0,2,0.9411764705882353,0,0.31343283582089554,0.7692307692307692,0.32835820895522383,0.2,0.12745098039215685,78,0.2641509433962264,1.0,1,0,S1-403114990,S3-327519755,S3,1
0,0.8823529411764706,0.9375,0.8823529411764706,0.6666666666666666,0.7222222222222222,0,1.0,0,0.7339449541284404,1.0,0.9724770642201834,0.9090909090909091,0.851063829787234,3,0.9464285714285714,1.0,1,0,S1-155586522,S3-33447638,S3,1
0,0.10526315789473684,0.125,0.10526315789473684,0.0,0.0,2,0.9,0,0.6900584795321637,1.0,0.9122807017543859,0.9230769230769231,0.8375,15,0.8387096774193549,1.0,1,0,S1-192193411,S2-612786119,S2,1
0,0.875,1.0,0.875,0.6666666666666666,0.75,4,0.7777777777777778,1,1.0,1.0,1.0,1.0,1.0,0,1.0,1.0,1,0,S1-38042842,S2-145796827,S2,1
0,0.11538461538461542,0.1363636363636364,0.11538461538461542,0.0,0.0,4,0.8571428571428571,0,0.9833333333333333,0.9833333333333333,0.9833333333333333,0.8181818181818182,0.9,0,1.0,0.3333333333333333,1,0,S1-262262083,S2-892381410,S2,1
0,0.9090909090909091,1.0,0.9090909090909091,0.6666666666666666,0.8095238095238095,4,0.8333333333333334,1,1.0,1.0,1.0,1.0,1.0,0,1.0,1.0,1,0,S1-276266492,S2-234687004,S2,1
1,1.0,1.0,1.0,1.0,1.0,0,1.0,0,0.9125,0.925,0.9125,0.7142857142857143,0.7647058823529411,6,0.927710843373494,0.5,1,0,S1-31456281,S2-141150443,S2,1
0,0.7096774193548387,0.967741935483871,0.9032258064516128,0.6666666666666666,0.7058823529411765,0,1.0,0,0.7789473684210526,0.8285714285714286,0.736842105263158,0.5454545454545454,0.4444444444444444,13,0.7592592592592593,1.0,1,0,S1-909244772,S3-716297249,S3,1
0,0.9655172413793103,0.9655172413793103,0.9655172413793103,0.0,0.6666666666666666,1,0.9333333333333333,0,0.9411764705882352,0.9411764705882354,0.9411764705882352,0.6666666666666666,0.8076923076923077,3,0.8888888888888888,1.0,1,0,S1-699900866,S2-384128303,S2,1
0,0.5294117647058824,1.0,1.0,1.0,0.7297297297297297,0,1.0,0,0.4772727272727273,1.0,0.7272727272727273,0.4,0.5294117647058824,16,0.6923076923076923,0.0,1,0,S1-327147358,S2-1599689,S2,1
0,0.9047619047619048,1.0,0.9047619047619048,0.6666666666666666,0.85,4,0.8260869565217391,0,0.5714285714285714,0.880952380952381,0.8809523809523809,0.4,0.48148148148148145,2,0.9534883720930233,1.0,1,0,S1-78380821,S3-989157151,S3,1
0,0.7619047619047619,0.7741935483870968,0.7619047619047619,0.5,0.4230769230769231,4,0.8260869565217391,1,1.0,1.0,1.0,1.0,1.0,0,1.0,1.0,1,0,S1-929175213,S2-657703891,S2,1
0,0.967741935483871,0.967741935483871,0.967741935483871,0.6,0.8125,0,1.0,0,0.9291338582677166,0.9739130434782609,0.9291338582677166,0.8181818181818182,0.8484848484848485,9,0.8676470588235294,1.0,1,0,S1-860720781,S3-309663849,S3,1
1,1.0,1.0,1.0,1.0,1.0,0,1.0,0,0.9310344827586207,0.9411764705882354,0.9310344827586207,0.7142857142857143,0.8,4,0.8709677419354839,1.0,1,0,S1-493265403,S2-946075375,S2,1
0,0.6521739130434783,1.0,1.0,1.0,0.75,0,1.0,0,0.8809523809523809,0.9577464788732394,0.8809523809523809,0.7142857142857143,0.7391304347826086,10,0.7872340425531915,1.0,1,0,S1-152983057,S3-974974576,S3,1
0,0.8571428571428572,0.8571428571428571,0.8571428571428572,0.6,0.52,0,1.0,0,0.5121951219512195,0.9565217391304348,0.878048780487805,0.625,0.625,10,0.782608695652174,1.0,1,0,S1-178127037,S3-416732341,S3,1
0,0.6785714285714286,0.5,0.5,0.0,0.3,14,0.6,0,0.9302325581395349,0.9690721649484536,0.8837209302325582,0.8181818181818182,0.8275862068965517,9,0.8695652173913043,1.0,1,0,S1-895046408,S3-875303975,S3,1
0,0.9122807017543859,0.912280701754386,0.9122807017543859,0.6,0.65625,3,0.9,0,0.7272727272727273,0.7755102040816326,0.5757575757575757,0.4444444444444444,0.32608695652173914,6,0.8333333333333334,0.3333333333333333,1,0,S1-829962886,S2-342987729,S2,1
1,1.0,1.0,1.0,1.0,1.0,0,1.0,0,0.989795918367347,1.0,0.989795918367347,0.9411764705882353,0.9578947368421052,2,0.9797979797979798,1.0,1,0,S1-382493617,S2-99025101,S2,1
0,0.9259259259259259,1.0,0.9259259259259259,0.8,0.8518518518518519,4,0.8620689655172413,0,0.9142857142857143,0.9142857142857143,0.9142857142857143,0.5555555555555556,0.6842105263157895,0,1.0,1.0,1,0,S1-497586041,S2-373340861,S2,1
0,0.9666666666666667,0.9666666666666667,0.9666666666666667,0.6,0.8064516129032258,0,1.0,0,0.0,0.0,0.0,0.0,0.0,19,0.0,0.0,1,0,S1-331477681,S3-692495398,S3,1
0,0.9333333333333332,0.9333333333333332,0.9333333333333332,0.6,0.75,4,0.875,0,0.8993288590604027,0.9612403100775194,0.8993288590604027,0.7142857142857143,0.7654320987654321,15,0.8170731707317073,1.0,1,0,S1-574841690,S2-279809316,S2,1
1,1.0,1.0,1.0,1.0,1.0,0,1.0,0,0.4782608695652174,0.923076923076923,0.9130434782608696,0.6666666666666666,0.5555555555555556,4,0.84,1.0,1,0,S1-355783852,S2-875440567,S2,1
0,0.7586206896551724,1.0,0.7586206896551724,0.6666666666666666,0.5625,7,0.6111111111111112,0,0.5333333333333333,0.7333333333333333,0.6666666666666667,0.2222222222222222,0.3409090909090909,23,0.5306122448979592,0.0,1,0,S1-273068203,S3-624371291,S3,1
0,0.7037037037037037,0.8518518518518519,0.8518518518518519,0.6,0.47058823529411764,0,1.0,0,0.6046511627906976,1.0,0.8992248062015504,0.9090909090909091,0.7846153846153846,13,0.8169014084507042,1.0,1,0,S1-373828890,S2-727461184,S2,1
1,1.0,1.0,1.0,1.0,1.0,0,1.0,0,0.5945945945945945,0.865979381443299,0.8648648648648648,0.5833333333333334,0.6060606060606061,1,0.9821428571428571,1.0,1,0,S1-471933465,S3-142416021,S3,1
0,0.7647058823529411,1.0,0.7647058823529411,0.6666666666666666,0.6,16,0.6190476190476191,1,1.0,1.0,1.0,1.0,1.0,0,1.0,1.0,1,0,S1-351183569,S3-566128678,S3,1
0,0.8292682926829268,0.875,0.8292682926829268,0.5,0.5416666666666666,5,0.782608695652174,0,0.5384615384615384,0.923076923076923,0.923076923076923,0.6666666666666666,0.6,4,0.8571428571428571,1.0,1,0,S1-286822383,S2-424978826,S2,1
0,0.5555555555555556,1.0,0.5555555555555556,0.5,0.3333333333333333,16,0.38461538461538464,0,0.9444444444444444,0.9444444444444444,0.9444444444444444,0.5,0.8333333333333334,4,0.8947368421052632,0.0,1,0,S1-888100780,S2-478068892,S2,1
1,1.0,1.0,1.0,1.0,1.0,0,1.0,0,0.7419354838709676,1.0,1.0,1.0,0.8125,0,1.0,1.0,1,0,S1-277346734,S2-447784271,S2,1
0,0.08955223880597017,0.10169491525423723,0.08955223880597017,0.0,0.0,1,0.9705882352941176,0,0.37956204379562036,0.8444444444444444,0.6277372262773723,0.2631578947368421,0.43023255813953487,13,0.8266666666666667,0.0,1,0,S1-982025080,S2-367737787,S2,1
0,0.9166666666666665,1.0,0.9166666666666665,0.75,0.8333333333333334,4,0.8461538461538461,0,0.8944099378881988,0.9324324324324325,0.8944099378881988,0.8,0.7901234567901234,3,0.9634146341463414,1.0,1,0,S1-369779463,S3-429993313,S3,1
0,0.10169491525423723,0.11764705882352942,0.10169491525423723,0.0,0.0,3,0.9032258064516129,0,0.6163522012578616,0.9312977099236641,0.8301886792452831,0.5714285714285714,0.6666666666666666,1,0.9875,0.0,1,0,S1-519849741,S2-469622026,S2,1
0,0.9285714285714286,1.0,0.9285714285714286,0.75,0.8571428571428571,4,0.8666666666666667,0,0.8923076923076922,0.8923076923076922,0.8923076923076922,0.5555555555555556,0.6944444444444444,1,0.9696969696969697,0.3333333333333333,1,0,S1-810091180,S2-415234462,S2,1
1,1.0,1.0,1.0,1.0,1.0,0,1.0,0,0.8888888888888888,1.0,1.0,1.0,0.7857142857142857,0,1.0,1.0,1,0,S1-768036423,S2-489894086,S2,1
0,0.9387755102040817,1.0,0.9387755102040817,0.75,0.875,3,0.8846153846153846,0,0.7631578947368421,0.9454545454545454,0.736842105263158,0.4,0.5319148936170213,18,0.6170212765957447,0.5,1,0,S1-184159588,S3-6681925,S3,1
0,0.8571428571428572,1.0,0.8571428571428572,0.6666666666666666,0.7333333333333333,8,0.75,0,0.6029411764705883,0.845360824742268,0.7794117647058824,0.4,0.5633802816901409,2,0.9710144927536232,1.0,1,0,S1-526280694,S3-4873770,S3,1
1,1.0,1.0,1.0,1.0,1.0,0,1.0,0,0.9538461538461537,0.9538461538461539,0.9538461538461537,0.7142857142857143,0.7941176470588235,3,0.9117647058823529,1.0,1,0,S1-310458592,S2-202770986,S2,1
0,0.923076923076923,0.923076923076923,0.923076923076923,0.6,0.7142857142857143,4,0.8571428571428571,0,0.46808510638297873,0.8529411764705883,0.4964539007092199,0.2777777777777778,0.21782178217821782,63,0.38235294117647056,0.5,1,0,S1-183826893,S3-699584214,S3,1
0,0.0714285714285714,0.07142857142857138,0.0714285714285714,0.0,0.0,0,1.0,0,0.6055045871559632,0.896551724137931,0.6055045871559632,0.42857142857142855,0.3787878787878788,29,0.5797101449275363,0.3333333333333333,1,0,S1-924694807,S3-637268063,S3,1
1,1.0,1.0,1.0,1.0,1.0,0,1.0,1,1.0,1.0,1.0,1.0,1.0,0,1.0,1.0,1,1,S1-758201350,S2-272545093,S2,1
0,0.962962962962963,0.9629629629629629,0.962962962962963,0.3333333333333333,0.7692307692307693,1,0.9285714285714286,0,0.9433962264150944,0.9433962264150944,0.9433962264150944,0.6666666666666666,0.75,3,0.8928571428571429,1.0,1,0,S1-906539061,S2-798229163,S2,1
0,0.9454545454545454,0.9454545454545454,0.9454545454545454,0.6,0.7,1,0.9642857142857143,0,0.8760330578512396,0.9724770642201835,0.9256198347107438,0.7777777777777778,0.7727272727272727,9,0.8615384615384616,1.0,1,0,S1-779438845,S3-886843215,S3,1
0,0.7733333333333333,0.9066666666666667,0.7733333333333333,0.6666666666666666,0.5952380952380952,1,0.9736842105263158,0,0.0,0.0,0.0,0.0,0.0,74,0.0,0.0,1,0,S1-955617441,S2-483212648,S2,1
1,1.0,1.0,1.0,1.0,1.0,0,1.0,0,0.8461538461538461,0.8461538461538461,0.8461538461538461,0.25,0.45454545454545453,0,1.0,1.0,1,0,S1-184779610,S3-162586707,S3,1
1,1.0,1.0,1.0,1.0,1.0,0,1.0,0,0.0,0.0,0.0,0.0,0.0,29,0.0,0.0,1,0,S1-527194608,S2-279495504,S2,1
0,0.9565217391304348,0.9565217391304348,0.9565217391304348,0.5,0.75,0,1.0,0,0.8045977011494253,0.8787878787878788,0.7816091954022988,0.36363636363636365,0.5283018867924528,13,0.74,0.3333333333333333,1,0,S1-370270231,S3-914337482,S3,1
0,0.9,1.0,0.9,0.75,0.8,4,0.8181818181818182,0,0.7076923076923076,0.6153846153846154,0.6153846153846154,0.25,0.2978723404255319,7,0.8055555555555556,1.0,1,0,S1-629176246,S3-987172888,S3,1
0,0.6909090909090909,0.8363636363636364,0.8363636363636364,0.6,0.45714285714285713,1,0.9642857142857143,0,0.948905109489051,0.9763779527559054,0.948905109489051,0.8571428571428571,0.8970588235294118,7,0.9027777777777778,1.0,1,0,S1-711317005,S3-669784629,S3,1
1,1.0,1.0,1.0,1.0,1.0,0,1.0,0,0.7945205479452055,0.7945205479452055,0.7123287671232876,0.4,0.5,3,0.9210526315789473,0.5,1,0,S1-276092712,S3-385726817,S3,1
0,0.875,1.0,0.875,0.6666666666666666,0.75,4,0.7777777777777778,0,0.5925925925925926,0.5925925925925926,0.5679012345679013,0.18181818181818182,0.26666666666666666,3,0.9285714285714286,1.0,1,0,S1-971620392,S3-676713174,S3,1
0,0.8181818181818181,0.8181818181818181,0.8181818181818181,0.25,0.5384615384615384,6,0.76,0,0.7941176470588236,0.7941176470588235,0.7941176470588236,0.3,0.45454545454545453,8,0.7894736842105263,1.0,1,0,S1-443611126,S3-797134437,S3,1
0,0.8125,0.8125,0.8125,0.3333333333333333,0.3333333333333333,0,1.0,0,0.8767123287671232,0.8767123287671232,0.8767123287671232,0.5,0.6046511627906976,7,0.825,1.0,1,0,S1-901360814,S3-421907221,S3,1
0,0.7027027027027026,0.8571428571428571,0.6486486486486487,0.5,0.5,5,0.7619047619047619,0,0.8333333333333335,0.923076923076923,0.8333333333333335,0.5,0.6808510638297872,14,0.7142857142857143,0.0,1,0,S1-168651100,S2-68206251,S2,1
0,0.7384615384615385,1.0,0.7384615384615385,0.6666666666666666,0.5641025641025641,17,0.5853658536585366,1,1.0,1.0,1.0,1.0,1.0,0,1.0,1.0,1,0,S1-97083994,S3-702615572,S3,1
0,0.9315068493150684,0.9253731343283582,0.904109589041096,0.5714285714285714,0.7435897435897436,1,0.972972972972973,0,0.9705882352941176,0.9841269841269842,0.9705882352941176,0.8333333333333334,0.89,6,0.9428571428571428,0.3333333333333333,1,0,S1-943589758,S2-481609271,S2,1
0,0.8275862068965517,0.689655172413793,0.6896551724137931,0.0,0.3888888888888889,1,0.9333333333333333,0,0.7301587301587302,1.0,0.9206349206349206,0.8571428571428571,0.7352941176470589,5,0.8529411764705882,1.0,1,0,S1-412567632,S2-638600157,S2,1
0,0.9310344827586207,0.9310344827586207,0.9310344827586207,0.6666666666666666,0.7419354838709677,2,0.9333333333333333,0,0.7652173913043478,0.8842105263157894,0.7478260869565218,0.4666666666666667,0.6119402985074627,5,0.9166666666666666,0.0,1,0,S1-894823096,S2-491437391,S2,1
0,0.1333333333333333,0.16,0.1333333333333333,0.0,0.0,0,1.0,0,0.37398373983739847,1.0,0.37398373983739847,0.3125,0.2222222222222222,77,0.23,0.5,1,0,S1-175623547,S2-253727852,S2,1
0,0.8928571428571429,1.0,0.8928571428571429,0.6,0.8148148148148148,6,0.8064516129032258,0,0.8181818181818181,0.8181818181818181,0.8181818181818181,0.25,0.631578947368421,6,0.8333333333333334,0.0,1,0,S1-66367440,S3-551099720,S3,1
0,0.96875,0.96875,0.65625,0.6,0.8181818181818182,0,1.0,0,0.5901639344262295,0.9508196721311475,0.9508196721311475,0.7142857142857143,0.6285714285714286,3,0.90625,1.0,1,0,S1-337980527,S2-502236916,S2,1
0,0.7142857142857143,1.0,0.7142857142857143,0.6666666666666666,0.5,8,0.5555555555555556,0,0.7586206896551724,0.9696969696969697,0.8793103448275862,0.8,0.8135593220338984,0,1.0,1.0,1,0,S1-199669486,S3-911019429,S3,1
0,0.5384615384615384,0.7692307692307692,0.7307692307692308,0.3333333333333333,0.37142857142857144,4,0.8571428571428571,0,0.9333333333333332,0.8888888888888888,0.8888888888888888,0.6666666666666666,0.8032786885245902,7,0.9014084507042254,0.0,1,0,S1-117930404,S3-306103663,S3,1
0,0.8888888888888888,1.0,0.8888888888888888,0.6666666666666666,0.7777777777777778,4,0.8,0,0.9152542372881356,1.0,0.9152542372881356,0.8333333333333334,0.7741935483870968,5,0.84375,0.5,1,0,S1-168520420,S2-515264222,S2,1
0,0.6376811594202898,1.0,0.6376811594202898,0.5,0.4444444444444444,25,0.46808510638297873,1,1.0,1.0,1.0,1.0,1.0,0,1.0,1.0,1,0,S1-690137123,S3-460154283,S3,1
1,1.0,1.0,1.0,1.0,1.0,0,1.0,0,0.8611111111111112,0.896551724137931,0.8611111111111112,0.5555555555555556,0.7,8,0.8,0.0,1,0,S1-1107790,S2-761339127,S2,1
0,0.9545454545454546,0.9545454545454546,0.9545454545454546,0.5,0.8181818181818182,0,1.0,0,0.8,0.826086956521739,0.8,0.5,0.59375,1,0.9642857142857143,0.0,1,0,S1-646974412,S3-995823332,S3,1
0,0.8333333333333335,1.0,0.8333333333333335,0.6666666666666666,0.6666666666666666,4,0.7142857142857143,0,0.84,0.923076923076923,0.84,0.5714285714285714,0.6428571428571429,8,0.7241379310344828,0.0,1,0,S1-769312055,S2-537300866,S2,1
0,0.804878048780488,1.0,0.804878048780488,0.5,0.6595744680851063,16,0.673469387755102,1,1.0,1.0,1.0,1.0,1.0,0,1.0,1.0,1,0,S1-723278757,S3-849882511,S3,1
1,1.0,1.0,1.0,1.0,1.0,0,1.0,0,0.43478260869565216,1.0,0.9565217391304348,0.8333333333333334,0.5555555555555556,2,0.9166666666666666,1.0,1,0,S1-763126736,S2-646587470,S2,1
0,0.92,1.0,0.92,0.75,0.84,4,0.8518518518518519,0,0.84,0.923076923076923,0.84,0.5,0.6428571428571429,8,0.7241379310344828,0.0,1,0,S1-699764166,S2-583695442,S2,1
0,0.8615384615384616,0.8615384615384616,0.7076923076923076,0.5,0.6875,3,0.9117647058823529,0,0.6075949367088608,0.5822784810126582,0.5316455696202531,0.18181818181818182,0.25,13,0.717391304347826,1.0,1,0,S1-593635901,S3-958056462,S3,1
0,0.8421052631578947,0.631578947368421,0.631578947368421,0.0,0.4166666666666667,2,0.9,0,0.972972972972973,0.9729729729729729,0.972972972972973,0.6,0.7368421052631579,1,0.9473684210526315,1.0,1,0,S1-147488777,S2-637119705,S2,1
0,0.7631578947368421,0.8529411764705883,0.8684210526315791,0.5,0.6341463414634146,0,1.0,0,0.3846153846153846,0.8,0.3846153846153846,0.21428571428571427,0.21311475409836064,36,0.3684210526315789,0.5,1,0,S1-830367438,S3-191875533,S3,1
0,0.8888888888888888,1.0,0.8888888888888888,0.75,0.7857142857142857,6,0.8,0,0.92,0.92,0.92,0.6666666666666666,0.7037037037037037,0,1.0,1.0,1,0,S1-820325059,S2-524297138,S2,1
0,0.10526315789473684,0.10526315789473685,0.10526315789473684,0.0,0.0,7,0.46153846153846156,0,0.8813559322033897,0.8813559322033899,0.8813559322033897,0.42857142857142855,0.6666666666666666,5,0.84375,1.0,1,0,S1-749591983,S3-707723334,S3,1
0,0.7241379310344827,1.0,0.7241379310344827,0.6,0.5428571428571428,16,0.5675675675675675,0,0.8666666666666667,0.8666666666666667,0.8666666666666667,0.375,0.6666666666666666,4,0.875,0.0,1,0,S1-824031083,S3-730691663,S3,1
0,0.48888888888888893,0.7272727272727272,0.5333333333333333,0.5,0.24242424242424243,3,0.875,0,0.6965174129353232,0.9717514124293786,0.8756218905472637,0.7894736842105263,0.78,1,0.9900990099009901,0.75,1,0,S1-413192795,S2-184257678,S2,1
0,0.8,1.0,0.8,0.6666666666666666,0.631578947368421,7,0.6666666666666666,0,0.0,0.0,0.0,0.0,0.0,25,0.0,0.0,1,0,S1-721190925,S2-467496543,S2,1
1,1.0,1.0,1.0,1.0,1.0,0,1.0,0,0.6153846153846154,0.9523809523809524,0.8461538461538461,0.5,0.6222222222222222,12,0.7333333333333333,0.0,1,0,S1-110142352,S3-895342066,S3,1
0,0.10526315789473684,0.13333333333333328,0.10526315789473684,0.0,0.0,1,0.9655172413793104,0,0.6796116504854368,1.0,0.6796116504854368,0.5,0.4696969696969697,33,0.5147058823529411,1.0,1,0,S1-591378740,S2-179620900,S2,1
0,0.617283950617284,1.0,0.617283950617284,0.5,0.4339622641509434,31,0.44642857142857145,0,0.88,1.0,1.0,1.0,0.967032967032967,0,1.0,1.0,1,0,S1-995533523,S3-911668931,S3,1
1,1.0,1.0,1.0,1.0,1.0,0,1.0,0,0.9210526315789473,0.955223880597015,0.9210526315789473,0.6666666666666666,0.8,6,0.8536585365853658,1.0,1,0,S1-452356138,S3-92486901,S3,1
0,0.7234042553191489,0.8947368421052632,0.7234042553191489,0.3333333333333333,0.44,9,0.6785714285714286,0,0.6440677966101696,0.7796610169491526,0.7796610169491526,0.375,0.41025641025641024,1,0.9666666666666667,0.0,1,0,S1-175491528,S3-12438564,S3,1
0,0.1428571428571429,0.1428571428571429,0.1428571428571429,0.0,0.0,6,0.75,0,0.631578947368421,0.8674698795180723,0.736842105263158,0.75,0.463768115942029,8,0.8688524590163934,1.0,1,0,S1-51466866,S2-243502071,S2,1
0,0.875,0.875,0.875,0.3333333333333333,0.5,0,1.0,0,0.8205128205128205,0.8974358974358974,0.8205128205128205,0.5,0.574468085106383,4,0.9024390243902439,1.0,1,0,S1-795678476,S3-991926676,S3,1
0,0.75,1.0,0.75,0.6666666666666666,0.5925925925925926,12,0.6,0,0.9310344827586207,0.9647058823529412,0.9137931034482759,0.7272727272727273,0.8367346938775511,8,0.8709677419354839,1.0,1,0,S1-782883495,S3-692541112,S3,1
0,0.875,1.0,0.875,0.6666666666666666,0.75,4,0.7777777777777778,0,0.9014084507042255,0.9859154929577465,0.9859154929577465,0.6666666666666666,0.8108108108108109,1,0.9722222222222222,0.0,1,0,S1-913931871,S2-792431057,S2,1
0,0.9411764705882352,0.9411764705882354,0.9411764705882352,0.3333333333333333,0.4444444444444444,1,0.8888888888888888,0,0.8266666666666667,0.903225806451613,0.8266666666666667,0.5294117647058824,0.7272727272727273,10,0.875,0.0,1,0,S1-470837640,S2-257928670,S2,1
0,0.13043478260869568,0.15,0.13043478260869568,0.0,0.0,2,0.9166666666666666,0,0.8641975308641976,0.9793103448275862,0.9135802469135803,0.8666666666666667,0.8117647058823529,14,0.8409090909090909,1.0,1,0,S1-926428404,S3-79462472,S3,1
0,0.9047619047619048,1.0,0.9047619047619048,0.75,0.8095238095238095,4,0.8260869565217391,0,0.9137931034482759,0.9056603773584905,0.9137931034482759,0.6363636363636364,0.7586206896551724,2,0.9661016949152542,1.0,1,0,S1-176379853,S3-939035862,S3,1
0,0.7428571428571429,0.847457627118644,0.7142857142857143,0.6666666666666666,0.5476190476190477,2,0.9444444444444444,0,0.0,0.0,0.0,0.0,0.0,35,0.0,0.0,1,0,S1-107789799,S2-623725558,S2,1
0,0.6,0.8823529411764706,0.72,0.4,0.375,12,0.6129032258064516,0,0.8041237113402062,0.8918918918918919,0.7422680412371134,0.5833333333333334,0.7142857142857143,11,0.7962962962962963,0.3333333333333333,1,0,S1-305100067,S2-266235551,S2,1
0,0.8666666666666667,1.0,0.8666666666666667,0.5,0.7333333333333333,4,0.7647058823529411,0,0.7746478873239436,0.8264462809917356,0.7183098591549295,0.5789473684210527,0.5714285714285714,0,1.0,1.0,1,0,S1-328351394,S3-641196357,S3,1
1,1.0,1.0,1.0,1.0,1.0,0,1.0,0,0.8732394366197183,1.0,0.8732394366197183,0.7142857142857143,0.717948717948718,9,0.775,0.5,1,0,S1-272375061,S2-448415018,S2,1
1,1.0,1.0,1.0,1.0,1.0,0,1.0,0,0.8620689655172413,0.8620689655172414,0.8620689655172413,0.42857142857142855,0.6363636363636364,4,0.8709677419354839,1.0,1,0,S1-874389573,S3-684372644,S3,1
0,0.9444444444444444,0.9444444444444444,0.9444444444444444,0.3333333333333333,0.6842105263157895,0,1.0,0,0.7761194029850746,0.8113207547169812,0.7164179104477613,0.5625,0.5679012345679012,4,0.9420289855072463,1.0,1,0,S1-793781406,S3-753127464,S3,1
0,0.9375,1.0,0.9375,0.8,0.875,4,0.8823529411764706,0,0.8108108108108109,0.7837837837837839,0.7837837837837838,0.4444444444444444,0.5111111111111111,12,0.7209302325581395,1.0,1,0,S1-529828771,S3-889358197,S3,1
0,0.7428571428571429,1.0,0.7428571428571429,0.6666666666666666,0.55,9,0.5909090909090909,0,0.64,0.96,0.96,0.6666666666666666,0.5862068965517241,2,0.9230769230769231,1.0,1,0,S1-632782333,S2-152604616,S2,1
0,0.625,1.0,0.625,0.6666666666666666,0.4,12,0.45454545454545453,0,0.8709677419354839,0.8709677419354839,0.8709677419354839,0.42857142857142855,0.6470588235294118,2,0.9375,1.0,1,0,S1-859604300,S3-875469114,S3,1
0,0.9130434782608696,1.0,0.9130434782608696,0.8,0.8260869565217391,4,0.84,1,1.0,1.0,1.0,1.0,1.0,0,1.0,1.0,1,0,S1-363683018,S2-11725447,S2,1
0,0.10344827586206895,0.11538461538461534,0.10344827586206895,0.0,0.0,2,0.9333333333333333,0,0.7088607594936708,0.8070175438596491,0.7341772151898734,0.36363636363636365,0.4791666666666667,11,0.7555555555555555,1.0,1,0,S1-742921448,S3-168241571,S3,1
1,1.0,1.0,1.0,1.0,1.0,0,1.0,0,0.8604651162790699,0.8787878787878788,0.8604651162790699,0.5555555555555556,0.6818181818181818,0,1.0,1.0,1,0,S1-507858940,S3-207793342,S3,1
0,0.9090909090909091,1.0,0.9090909090909091,0.75,0.8181818181818182,4,0.8333333333333334,0,0.7391304347826086,0.8461538461538461,0.7173913043478263,0.5,0.543859649122807,2,0.9574468085106383,0.5,1,0,S1-360297681,S2-488514213,S2,1
0,0.967741935483871,0.967741935483871,0.967741935483871,0.6666666666666666,0.8125,0,1.0,0,0.8732394366197183,0.9384615384615383,0.8732394366197183,0.5454545454545454,0.8181818181818182,10,0.868421052631579,0.0,1,0,S1-981778593,S2-338788549,S2,1
0,0.8947368421052632,1.0,0.8947368421052632,0.75,0.7894736842105263,4,0.8095238095238095,0,0.0,0.0,0.0,0.0,0.0,83,0.0,0.0,1,0,S1-775480682,S2-705739058,S2,1
0,0.9428571428571427,1.0,0.9428571428571427,0.8,0.8857142857142857,4,0.8918918918918919,0,0.9197080291970804,1.0,0.9197080291970804,0.9090909090909091,0.821917808219178,11,0.8513513513513513,0.0,1,0,S1-596737737,S2-364755434,S2,1
0,0.09230769230769231,0.11320754716981128,0.09230769230769231,0.0,0.0,1,0.9696969696969697,0,0.3846153846153846,0.8771929824561403,0.4461538461538461,0.2222222222222222,0.2553191489361702,66,0.32653061224489793,0.0,1,0,S1-545268236,S3-800628797,S3,1
1,1.0,1.0,1.0,1.0,1.0,0,1.0,0,0.43103448275862066,0.8,0.4482758620689655,0.16666666666666666,0.18478260869565216,62,0.30337078651685395,0.3333333333333333,1,0,S1-203314634,S3-717814764,S3,1
1,1.0,1.0,1.0,1.0,1.0,0,1.0,0,0.835820895522388,0.8620689655172414,0.835820895522388,0.5714285714285714,0.631578947368421,1,0.9705882352941176,1.0,1,0,S1-780704969,S3-641866373,S3,1
0,0.9411764705882352,0.875,0.8823529411764706,0.4,0.7058823529411765,2,0.8888888888888888,0,0.6,1.0,0.6,0.5,0.391304347826087,16,0.42857142857142855,0.3333333333333333,1,0,S1-142078358,S2-902014000,S2,1
1,1.0,1.0,1.0,1.0,1.0,0,1.0,0,0.7301587301587302,0.8076923076923077,0.6666666666666667,0.6666666666666666,0.43902439024390244,1,0.96875,1.0,1,0,S1-861262483,S2-267460141,S2,1
0,0.8,1.0,0.6909090909090909,0.6666666666666666,0.6923076923076923,1,0.9642857142857143,0,0.8732394366197183,0.8732394366197183,0.8732394366197183,0.5,0.6341463414634146,5,0.868421052631579,1.0,1,0,S1-508583810,S3-460985469,S3,1
0,0.9,1.0,0.9,0.8,0.8421052631578947,4,0.8181818181818182,0,0.8860759493670887,1.0,0.8860759493670887,0.7142857142857143,0.7804878048780488,9,0.7954545454545454,0.5,1,0,S1-643573748,S2-617616135,S2,1
1,1.0,1.0,1.0,1.0,1.0,0,1.0,0,0.7123287671232876,0.7945205479452055,0.7945205479452055,0.3,0.40816326530612246,5,0.8717948717948718,0.3333333333333333,1,0,S1-127000567,S3-887818673,S3,1
0,0.6,0.7741935483870968,0.65,0.6,0.38461538461538464,2,0.9047619047619048,0,0.839506172839506,0.9548387096774194,0.9135802469135803,0.7857142857142857,0.813953488372093,0,1.0,0.5,1,0,S1-804887349,S2-492616553,S2,1
1,1.0,1.0,1.0,1.0,1.0,0,1.0,0,0.9315068493150684,0.9538461538461539,0.9315068493150684,0.6666666666666666,0.8571428571428571,5,0.8717948717948718,1.0,1,0,S1-520552870,S3-405746099,S3,1
0,0.8064516129032258,1.0,0.8064516129032258,0.6,0.6571428571428571,12,0.6756756756756757,1,1.0,1.0,1.0,1.0,1.0,0,1.0,1.0,1,0,S1-675056040,S3-675830822,S3,1
0,0.7037037037037037,0.8518518518518519,0.8518518518518519,0.6,0.47058823529411764,2,0.9285714285714286,0,0.9152542372881356,1.0,0.9152542372881356,0.9,0.8387096774193549,10,0.84375,1.0,1,0,S1-657271132,S2-265959335,S2,1
0,0.9444444444444444,0.9444444444444444,0.7222222222222221,0.6,0.7222222222222222,0,1.0,0,0.8372093023255813,0.8888888888888888,0.8372093023255813,0.5555555555555556,0.7111111111111111,4,0.9111111111111111,1.0,1,0,S1-134600414,S3-120130086,S3,1
0,0.923076923076923,1.0,0.923076923076923,0.6666666666666666,0.8421052631578947,3,0.8571428571428571,0,0.9189189189189189,1.0,1.0,1.0,0.8421052631578947,0,1.0,1.0,1,0,S1-831422043,S2-376292591,S2,1
0,0.6976744186046511,0.8,0.6511627906976745,0.6,0.39285714285714285,1,0.9545454545454546,0,0.6153846153846154,0.923076923076923,0.923076923076923,0.42857142857142855,0.5641025641025641,3,0.9117647058823529,1.0,1,0,S1-498094680,S2-805660236,S2,1
0,0.10169491525423723,0.11764705882352942,0.10169491525423723,0.0,0.0,1,0.9666666666666667,0,0.4558823529411765,1.0,0.8382352941176471,0.6666666666666666,0.6056338028169014,22,0.7215189873417721,0.5,1,0,S1-343314089,S2-433737064,S2,1
0,0.5185185185185186,0.6666666666666665,0.6666666666666667,0.5,0.15,3,0.8,0,0.5979381443298969,1.0,0.7010309278350515,0.5,0.41509433962264153,29,0.5396825396825397,1.0,1,0,S1-590016980,S2-320664301,S2,1
0,0.9433962264150944,1.0,0.9433962264150944,0.75,0.9130434782608695,3,0.8928571428571429,0,0.7916666666666665,0.8205128205128205,0.75,0.42857142857142855,0.5714285714285714,2,0.92,0.5,1,0,S1-298073081,S3-73942797,S3,1
0,0.7241379310344827,0.8571428571428571,0.7241379310344827,0.5,0.5428571428571428,2,0.9333333333333333,0,0.0,0.0,0.0,0.0,0.0,37,0.0,0.0,1,0,S1-637752249,S2-547507593,S2,1
0,0.9259259259259259,1.0,0.9259259259259259,0.75,0.8518518518518519,4,0.8620689655172413,0,0.6,0.88,0.88,0.42857142857142855,0.5333333333333333,2,0.9230769230769231,1.0,1,0,S1-820854543,S3-569236102,S3,1
0,0.8928571428571429,0.8928571428571429,0.8928571428571429,0.3333333333333333,0.5757575757575758,4,0.8666666666666667,0,0.9833333333333333,1.0,0.9833333333333333,0.9090909090909091,0.9655172413793104,2,0.9672131147540983,1.0,1,0,S1-322925832,S2-830026308,S2,1
0,0.9259259259259259,1.0,0.9259259259259259,0.8,0.92,4,0.8620689655172413,0,0.7868852459016393,0.7868852459016393,0.7868852459016393,0.42857142857142855,0.5555555555555556,5,0.8484848484848485,1.0,1,0,S1-189282375,S3-649391004,S3,1
0,0.8571428571428572,1.0,0.8571428571428572,0.75,0.7333333333333333,8,0.75,0,0.8292682926829268,0.8888888888888888,0.8292682926829268,0.5833333333333334,0.631578947368421,1,0.9838709677419355,1.0,1,0,S1-53228284,S2-812274068,S2,1
0,0.6829268292682926,0.7272727272727272,0.6341463414634146,0.4,0.4,13,0.5185185185185185,1,1.0,1.0,1.0,1.0,1.0,0,1.0,1.0,1,0,S1-807717221,S2-888947406,S2,1
0,0.6511627906976745,0.8387096774193549,0.6511627906976745,0.4,0.37037037037037035,1,0.9545454545454546,0,0.935251798561151,1.0,0.9784172661870504,0.9090909090909091,0.95,3,0.9577464788732394,1.0,1,0,S1-328175754,S3-107340977,S3,1
0,0.9545454545454546,0.9545454545454546,0.9545454545454546,0.5,0.7391304347826086,0,1.0,1,1.0,1.0,1.0,1.0,1.0,0,1.0,1.0,1,0,S1-321975898,S2-55456490,S2,1
0,0.9090909090909091,0.9090909090909091,0.9090909090909091,0.6,0.45,1,0.9411764705882353,1,1.0,1.0,1.0,1.0,1.0,0,1.0,1.0,1,0,S1-620901395,S2-172528258,S2,1
0,0.8571428571428572,0.8571428571428571,0.8571428571428572,0.6,0.4074074074074074,0,1.0,0,0.9635036496350365,1.0,0.9635036496350365,0.9230769230769231,0.8955223880597015,5,0.9295774647887324,1.0,1,0,S1-220247421,S2-205908580,S2,1
0,0.8571428571428572,1.0,0.8571428571428572,0.6666666666666666,0.7142857142857143,4,0.75,0,0.8253968253968254,0.8333333333333333,0.7301587301587302,0.42857142857142855,0.5945945945945946,7,0.8,0.5,1,0,S1-677804257,S3-136079738,S3,1
0,0.12,0.13043478260869562,0.12,0.0,0.0,0,1.0,0,0.40625,0.7301587301587301,0.4375,0.21052631578947367,0.18181818181818182,48,0.45454545454545453,0.5,1,0,S1-296123453,S2-757313426,S2,1
0,0.8421052631578947,1.0,0.8421052631578947,0.6666666666666666,0.7,6,0.7272727272727273,0,0.5538461538461539,0.923076923076923,0.923076923076923,0.42857142857142855,0.6052631578947368,1,0.9696969696969697,1.0,1,0,S1-854723877,S3-443928176,S3,1
0,0.8169014084507044,0.9354838709677419,0.8450704225352113,0.625,0.6341463414634146,5,0.868421052631579,0,0.0,0.0,0.0,0.0,0.0,27,0.0,0.0,1,0,S1-454066862,S3-573959692,S3,1
0,0.5,1.0,0.9090909090909091,0.6666666666666666,0.6666666666666666,4,0.8333333333333334,0,0.9152542372881356,0.9152542372881356,0.9152542372881356,0.42857142857142855,0.6666666666666666,1,0.9666666666666667,1.0,1,0,S1-574889868,S3-60958135,S3,1
0,0.7575757575757575,1.0,1.0,1.0,0.8235294117647058,0,1.0,0,0.8992248062015504,0.8867924528301887,0.8837209302325582,0.6666666666666666,0.7183098591549296,11,0.8428571428571429,1.0,1,0,S1-860074347,S3-607908672,S3,1
1,1.0,1.0,1.0,1.0,1.0,0,1.0,0,0.9808917197452228,1.0,0.9808917197452228,0.9230769230769231,0.96,3,0.9625,1.0,1,0,S1-766186691,S2-997224352,S2,1
1,1.0,1.0,1.0,1.0,1.0,0,1.0,0,0.6865671641791045,0.7164179104477612,0.6567164179104478,0.3333333333333333,0.3404255319148936,1,0.9705882352941176,1.0,1,0,S1-282642309,S3-220314506,S3,1
0,0.25,0.25,0.25,0.0,0.0,2,0.7777777777777778,1,1.0,1.0,1.0,1.0,1.0,0,1.0,1.0,1,0,S1-150311459,S3-976399922,S3,1
0,0.7083333333333333,1.0,1.0,1.0,0.8333333333333334,0,1.0,0,0.4375,0.9375,0.9375,0.5,0.5128205128205128,2,0.9393939393939394,1.0,1,0,S1-927233856,S2-552884690,S2,1
1,1.0,1.0,1.0,1.0,1.0,0,1.0,0,0.6262626262626263,1.0,0.9292929292929293,0.8181818181818182,0.7916666666666666,7,0.8679245283018868,1.0,1,0,S1-59636536,S3-536829096,S3,1
0,0.8311688311688311,1.0,0.8311688311688311,1.0,0.9375,13,0.7111111111111111,0,0.8,0.8,0.8,0.2,0.525,5,0.8571428571428571,0.0,1,0,S1-408911649,S3-402408201,S3,1
0,0.95,0.95,0.95,0.5,0.6363636363636364,0,1.0,0,0.7142857142857143,0.7307692307692308,0.6857142857142857,0.25,0.4666666666666667,4,0.8918918918918919,0.0,1,0,S1-783495268,S3-414212906,S3,1
0,0.9285714285714286,1.0,0.9285714285714286,0.75,0.8888888888888888,4,0.8666666666666667,0,0.5185185185185186,0.9259259259259259,0.9259259259259259,0.42857142857142855,0.6,4,0.8620689655172413,0.0,1,0,S1-13558928,S2-215165953,S2,1
1,1.0,1.0,1.0,1.0,1.0,0,1.0,0,0.875,0.875,0.875,0.42857142857142855,0.6296296296296297,6,0.7777777777777778,1.0,1,0,S1-942748746,S3-17416100,S3,1
0,0.6153846153846154,0.7804878048780488,0.6153846153846154,0.5,0.37142857142857144,2,0.9259259259259259,0,0.6753246753246753,0.72,0.6753246753246753,0.3333333333333333,0.3090909090909091,13,0.7111111111111111,1.0,1,0,S1-123326305,S3-591408300,S3,1
0,0.75,1.0,0.75,0.6666666666666666,0.5789473684210527,16,0.6,1,1.0,1.0,1.0,1.0,1.0,0,1.0,1.0,1,0,S1-55603872,S3-311979641,S3,1
0,0.7428571428571429,1.0,0.7428571428571429,0.6666666666666666,0.55,9,0.5909090909090909,0,0.8888888888888888,0.8888888888888888,0.8888888888888888,0.3333333333333333,0.5526315789473685,1,0.96875,1.0,1,0,S1-143720475,S3-690110836,S3,1
0,0.923076923076923,0.923076923076923,0.7692307692307692,0.6,0.7142857142857143,4,0.8571428571428571,0,0.8598130841121495,0.8785046728971964,0.8598130841121495,0.46153846153846156,0.6440677966101694,5,0.9107142857142857,1.0,1,0,S1-1252326,S3-872533409,S3,1
0,0.1333333333333333,0.16216216216216212,0.1333333333333333,0.0,0.0,9,0.6666666666666666,0,0.36363636363636365,0.9189189189189189,0.3916083916083915,0.15,0.1702127659574468,85,0.2543859649122807,0.2,1,0,S1-771590180,S3-775181086,S3,1
0,0.7843137254901962,0.9803921568627452,0.9803921568627451,0.6,0.6206896551724138,1,0.9615384615384616,0,0.9393939393939393,0.9393939393939393,0.9393939393939393,0.5,0.7878787878787878,0,1.0,1.0,1,0,S1-271842017,S3-401742213,S3,1
0,0.9333333333333332,1.0,0.9333333333333332,0.75,0.8636363636363636,3,0.875,0,0.0,0.0,0.0,0.0,0.0,31,0.0,0.0,1,0,S1-754074070,S2-150368857,S2,1
0,0.6521739130434783,1.0,1.0,1.0,0.68,0,1.0,0,0.9222222222222223,0.9595375722543352,0.9222222222222223,0.7857142857142857,0.8571428571428571,0,1.0,0.6666666666666666,1,0,S1-510322808,S2-502371172,S2,1
1,1.0,1.0,1.0,1.0,1.0,0,1.0,0,0.6666666666666667,0.7619047619047619,0.6666666666666667,0.3333333333333333,0.36363636363636365,14,0.65,1.0,1,0,S1-795046792,S3-208182972,S3,1
0,0.9,1.0,1.0,1.0,0.8,0,1.0,0,0.8363636363636364,0.9454545454545454,0.9454545454545454,0.6666666666666666,0.6451612903225806,3,0.896551724137931,1.0,1,0,S1-665806203,S2-784506062,S2,1
0,0.814814814814815,0.5925925925925926,0.5925925925925926,0.0,0.3888888888888889,8,0.7419354838709677,0,0.8813559322033897,0.8813559322033899,0.8813559322033897,0.3333333333333333,0.4864864864864865,1,0.9666666666666667,1.0,1,0,S1-598185014,S2-793683414,S2,1
0,0.8636363636363636,0.8636363636363636,0.8636363636363636,0.4,0.6,4,0.8333333333333334,0,0.4590163934426229,0.8571428571428571,0.819672131147541,0.5714285714285714,0.46153846153846156,5,0.8484848484848485,1.0,1,0,S1-146334316,S2-40087600,S2,1
0,0.679245283018868,0.8372093023255814,0.7924528301886792,0.6,0.4411764705882353,3,0.8928571428571429,0,0.7802197802197803,1.0,0.967032967032967,0.9333333333333333,0.8255813953488372,6,0.9361702127659575,1.0,1,0,S1-134059119,S2-304835490,S2,1
0,0.962962962962963,0.923076923076923,0.9259259259259259,0.5,0.8461538461538461,2,0.9285714285714286,0,0.7435897435897436,0.7435897435897436,0.7435897435897436,0.2,0.5102040816326531,12,0.7333333333333333,0.0,1,0,S1-948400786,S3-217693041,S3,1
0,0.8181818181818181,1.0,0.8181818181818181,0.6666666666666666,0.631578947368421,8,0.6923076923076923,0,0.8729281767955801,0.9243697478991596,0.839779005524862,0.5384615384615384,0.734375,13,0.865979381443299,1.0,1,0,S1-141991942,S2-55353154,S2,1
1,1.0,1.0,1.0,1.0,1.0,0,1.0,0,0.88,0.84,0.84,0.375,0.4375,2,0.9230769230769231,1.0,1,0,S1-106325303,S2-765302957,S2,1
0,0.9285714285714286,0.9285714285714286,0.4285714285714286,0.3333333333333333,0.6,0,1.0,0,0.6133333333333333,0.64,0.6133333333333333,0.3,0.2909090909090909,7,0.8292682926829268,1.0,1,0,S1-554097680,S3-715264697,S3,1
0,0.9473684210526316,0.9473684210526315,0.9473684210526316,0.5,0.6190476190476191,0,1.0,0,0.7482014388489209,0.847457627118644,0.7482014388489209,0.47058823529411764,0.5697674418604651,3,0.9577464788732394,0.5,1,0,S1-514668115,S2-512721076,S2,1
0,0.5652173913043479,1.0,0.5652173913043479,0.5,0.36666666666666664,20,0.3939393939393939,0,0.9354838709677421,0.8709677419354839,0.8709677419354839,0.5,0.6111111111111112,2,0.9375,1.0,1,0,S1-295676191,S2-284786646,S2,1
0,0.926829268292683,1.0,0.926829268292683,0.75,0.85,3,0.8636363636363636,1,1.0,1.0,1.0,1.0,1.0,0,1.0,1.0,1,0,S1-145455750,S2-296201521,S2,1
1,1.0,1.0,1.0,1.0,1.0,0,1.0,1,1.0,1.0,1.0,1.0,1.0,0,1.0,1.0,1,1,S1-321728120,S2-286508771,S2,1
0,0.6,0.85,0.85,0.6,0.3333333333333333,0,1.0,0,0.43137254901960786,0.8627450980392157,0.8627450980392157,0.42857142857142855,0.46875,7,0.7586206896551724,0.0,1,0,S1-600784254,S2-714443523,S2,1
0,0.6829268292682926,0.8484848484848484,0.8292682926829268,0.3333333333333333,0.5,3,0.8636363636363636,1,1.0,1.0,1.0,1.0,1.0,0,1.0,1.0,1,0,S1-658568481,S2-344919363,S2,1
0,0.5925925925925926,0.5925925925925926,0.3703703703703704,0.3333333333333333,0.21052631578947367,1,0.9285714285714286,0,0.6857142857142857,1.0,0.9142857142857143,0.9090909090909091,0.7454545454545455,9,0.8421052631578947,1.0,1,0,S1-182887728,S2-369361274,S2,1
0,0.6976744186046511,1.0,0.6976744186046511,0.5,0.5,13,0.5357142857142857,0,0.8734177215189873,0.923076923076923,0.8607594936708861,0.6875,0.7590361445783133,4,0.9506172839506173,1.0,1,0,S1-772439007,S3-887887524,S3,1
0,0.923076923076923,1.0,0.923076923076923,0.75,0.8461538461538461,4,0.8571428571428571,0,0.8974358974358975,0.955223880597015,0.8717948717948718,0.5555555555555556,0.7209302325581395,8,0.813953488372093,1.0,1,0,S1-783236638,S3-33383251,S3,1
0,0.8461538461538461,1.0,0.8461538461538461,0.6666666666666666,0.6923076923076923,4,0.7333333333333333,0,0.0,0.0,0.0,0.0,0.0,31,0.0,0.0,1,0,S1-738720119,S2-990601034,S2,1
0,0.814814814814815,1.0,0.814814814814815,0.6666666666666666,0.6153846153846154,5,0.6875,0,0.8852459016393442,0.9836065573770492,0.9836065573770492,0.7142857142857143,0.78125,1,0.967741935483871,0.0,1,0,S1-703235090,S2-967347703,S2,1
0,0.9882352941176471,0.9882352941176471,0.9882352941176471,0.6,0.875,1,0.9767441860465116,0,0.7733333333333333,0.9454545454545454,0.7733333333333333,0.5555555555555556,0.5434782608695652,17,0.6304347826086957,1.0,1,0,S1-579992313,S3-30548384,S3,1
1,1.0,1.0,1.0,1.0,1.0,0,1.0,0,0.6666666666666667,0.84,0.7435897435897436,0.36363636363636365,0.48,20,0.5918367346938775,0.0,1,0,S1-762113052,S3-720351886,S3,1
0,0.6666666666666667,0.6666666666666665,0.6666666666666667,0.3333333333333333,0.35294117647058826,1,0.9285714285714286,0,0.9655172413793103,0.9655172413793103,0.9655172413793103,0.6666666666666666,0.8620689655172413,2,0.9333333333333333,1.0,1,0,S1-165695325,S3-683587052,S3,1
0,0.7804878048780488,1.0,0.7804878048780488,0.8,0.7142857142857143,18,0.64,0,0.8470588235294118,0.96,0.9176470588235294,0.75,0.7272727272727273,7,0.8478260869565217,1.0,1,0,S1-226916933,S3-886282126,S3,1
1,1.0,1.0,1.0,1.0,1.0,0,1.0,1,1.0,1.0,1.0,1.0,1.0,0,1.0,1.0,1,1,S1-520318563,S2-25156623,S2,1
1,1.0,1.0,1.0,1.0,1.0,0,1.0,0,0.515625,0.9183673469387754,0.859375,0.6,0.640625,2,0.9692307692307692,1.0,1,0,S1-872266274,S3-236534373,S3,1
1,1.0,1.0,1.0,1.0,1.0,0,1.0,0,0.9318181818181819,0.9620253164556962,0.9318181818181819,0.7142857142857143,0.8444444444444444,6,0.8723404255319149,1.0,1,0,S1-684835269,S3-141707603,S3,1
0,0.7777777777777779,1.0,0.7777777777777779,0.6666666666666666,0.5555555555555556,4,0.6363636363636364,0,0.8405797101449275,0.8666666666666667,0.8405797101449275,0.5714285714285714,0.625,1,0.9714285714285714,1.0,1,0,S1-313809437,S3-75788039,S3,1
0,0.7222222222222221,0.4444444444444444,0.4444444444444444,0.0,0.391304347826087,4,0.8,0,0.6153846153846154,1.0,0.923076923076923,0.7142857142857143,0.6486486486486487,5,0.8571428571428571,0.5,1,0,S1-547032135,S2-140681531,S2,1
0,0.8461538461538461,1.0,1.0,1.0,0.8461538461538461,0,1.0,0,0.9589041095890412,0.9589041095890412,0.9589041095890412,0.75,0.9142857142857143,3,0.9210526315789473,1.0,1,0,S1-279492499,S2-480164849,S2,1
0,0.814814814814815,0.9166666666666667,0.814814814814815,0.6,0.6666666666666666,2,0.9285714285714286,0,0.5977011494252873,0.9444444444444444,0.896551724137931,0.7777777777777778,0.7804878048780488,2,0.9772727272727273,1.0,1,0,S1-561160930,S2-966168207,S2,1
0,0.9565217391304348,0.9130434782608695,0.9130434782608696,0.25,0.68,2,0.9166666666666666,0,0.7246376811594203,0.8333333333333333,0.6956521739130435,0.3333333333333333,0.41304347826086957,13,0.6829268292682927,0.0,1,0,S1-163863295,S2-29956562,S2,1
1,1.0,1.0,1.0,1.0,1.0,0,1.0,0,0.8888888888888888,0.8923076923076922,0.8888888888888888,0.5,0.7,0,1.0,0.3333333333333333,1,0,S1-397008490,S2-454727452,S2,1
0,0.8,0.8,0.5333333333333333,0.3333333333333333,0.375,1,0.875,0,0.7272727272727273,0.8064516129032258,0.8051948051948052,0.36363636363636365,0.4897959183673469,3,0.925,0.5,1,0,S1-574722708,S3-177993790,S3,1
0,0.7586206896551724,1.0,0.8620689655172413,1.0,0.8,8,0.7575757575757576,1,1.0,1.0,1.0,1.0,1.0,0,1.0,1.0,1,0,S1-725336665,S2-263667534,S2,1
0,0.653061224489796,0.653061224489796,0.653061224489796,0.0,0.3235294117647059,13,0.5806451612903226,0,0.9380530973451328,1.0,0.9380530973451328,1.0,1.0,7,0.8833333333333333,1.0,1,0,S1-219459132,S2-52820367,S2,1
0,0.6470588235294117,0.8,0.7647058823529411,0.5,0.30434782608695654,4,0.7894736842105263,0,0.4782608695652174,0.903225806451613,0.6956521739130435,0.5,0.3548387096774194,12,0.5862068965517241,1.0,1,0,S1-968867155,S3-775820204,S3,1
0,0.88,0.88,0.88,0.0,0.5333333333333333,2,0.9230769230769231,0,0.4,0.896551724137931,0.42666666666666664,0.3,0.20754716981132076,43,0.2711864406779661,1.0,1,0,S1-66163895,S3-676633954,S3,1
0,0.8,1.0,0.8,0.6666666666666666,0.6363636363636364,8,0.6666666666666666,0,0.7407407407407408,0.8709677419354839,0.7222222222222221,0.5,0.47540983606557374,26,0.6119402985074627,0.3333333333333333,1,0,S1-325446957,S3-713704301,S3,1
1,1.0,1.0,1.0,1.0,1.0,0,1.0,0,0.8571428571428572,0.9491525423728814,0.8275862068965517,0.7142857142857143,0.7735849056603774,13,0.8796296296296297,1.0,1,0,S1-175262069,S2-678892641,S2,1
0,0.8461538461538461,1.0,0.8461538461538461,0.6,0.7142857142857143,8,0.7333333333333333,0,0.625,0.9803921568627452,0.9375,0.8461538461538461,0.8625,4,0.9512195121951219,1.0,1,0,S1-233060454,S2-27546608,S2,1
1,1.0,1.0,1.0,1.0,1.0,0,1.0,0,0.7792207792207794,0.8421052631578948,0.7792207792207794,0.3,0.5208333333333334,11,0.75,0.5,1,0,S1-208159098,S3-39540596,S3,1
1,1.0,1.0,1.0,1.0,1.0,0,1.0,0,0.7126436781609197,0.689655172413793,0.6896551724137931,0.3333333333333333,0.35,7,0.851063829787234,1.0,1,0,S1-784869327,S3-293327988,S3,1
0,0.11111111111111116,0.12121212121212124,0.11111111111111116,0.0,0.0,2,0.9459459459459459,0,0.43478260869565216,0.6415094339622641,0.5,0.21428571428571427,0.18571428571428572,20,0.6428571428571429,0.5,1,0,S1-317108994,S2-791001284,S2,1
0,0.8947368421052632,0.8947368421052632,0.8947368421052632,0.5,0.5454545454545454,2,0.9,0,0.75,0.7727272727272728,0.71875,0.2222222222222222,0.42857142857142855,10,0.7297297297297297,0.0,1,0,S1-386475308,S3-457496500,S3,1
0,0.7,1.0,0.7,0.6666666666666666,0.5,12,0.5384615384615384,0,0.8823529411764706,0.8823529411764706,0.8823529411764706,0.5,0.6,4,0.8888888888888888,1.0,1,0,S1-845647908,S3-823494216,S3,1
0,0.6666666666666667,1.0,0.6666666666666667,0.5,0.4827586206896552,16,0.5,0,0.33333333333333337,0.8666666666666667,0.4603174603174603,0.4,0.30666666666666664,58,0.3695652173913043,1.0,1,0,S1-925835681,S3-582556707,S3,1
1,1.0,1.0,1.0,1.0,1.0,0,1.0,0,0.18823529411764706,0.25641025641025633,0.21176470588235297,0.0625,0.0410958904109589,39,0.3709677419354839,0.3333333333333333,1,0,S1-381416062,S3-21861747,S3,1
0,0.7058823529411764,0.8571428571428571,0.8235294117647058,0.5,0.45161290322580644,3,0.8888888888888888,0,0.6206896551724138,0.9655172413793103,0.9655172413793103,0.6666666666666666,0.7419354838709677,2,0.9333333333333333,1.0,1,0,S1-566653393,S3-711859999,S3,1
1,1.0,1.0,1.0,1.0,1.0,0,1.0,0,0.8307692307692307,0.923076923076923,0.923076923076923,0.42857142857142855,0.6052631578947368,3,0.9117647058823529,1.0,1,0,S1-597747487,S3-36275062,S3,1
0,0.8205128205128205,0.9142857142857143,0.8717948717948718,0.5,0.65,1,0.95,0,0.8813559322033897,0.8813559322033899,0.8813559322033897,0.42857142857142855,0.6176470588235294,3,0.9032258064516129,1.0,1,0,S1-440207587,S3-941086170,S3,1
0,0.6428571428571428,0.9285714285714286,0.9285714285714286,0.6,0.5625,4,0.8666666666666667,0,0.7272727272727273,0.8828828828828829,0.7727272727272727,0.5882352941176471,0.5974025974025974,8,0.8857142857142857,1.0,1,0,S1-427463497,S3-983005967,S3,1
0,0.826086956521739,1.0,0.826086956521739,0.6,0.68,8,0.7037037037037037,0,0.8767123287671232,0.8767123287671232,0.8767123287671232,0.42857142857142855,0.6428571428571429,3,0.9210526315789473,1.0,1,0,S1-838007879,S3-413496895,S3,1
0,0.8823529411764706,1.0,0.8823529411764706,0.6666666666666666,0.7647058823529411,4,0.7894736842105263,0,0.6774193548387097,1.0,1.0,1.0,0.7575757575757576,0,1.0,1.0,1,0,S1-124742056,S2-23412013,S2,1
0,0.7654320987654322,0.9333333333333332,0.7160493827160495,0.5,0.6,17,0.6530612244897959,0,0.9523809523809522,0.9523809523809524,0.9523809523809522,0.6666666666666666,0.6521739130434783,2,0.9090909090909091,1.0,1,0,S1-592616539,S2-830871728,S2,1
0,0.9166666666666665,0.9166666666666667,0.9166666666666665,0.6,0.6923076923076923,4,0.8461538461538461,0,0.9873417721518988,1.0,0.9873417721518988,0.9411764705882353,0.9891304347826086,3,0.975,0.0,1,0,S1-107927738,S3-827434117,S3,1
1,1.0,1.0,1.0,1.0,1.0,0,1.0,0,0.0,0.0,0.0,0.0,0.0,28,0.0,0.0,1,0,S1-700937660,S2-107623984,S2,1
0,0.9615384615384616,0.9615384615384616,0.9615384615384616,0.6,0.76,0,1.0,0,0.9545454545454546,1.0,0.9545454545454546,0.8333333333333334,0.8181818181818182,2,0.9130434782608695,1.0,1,0,S1-447848165,S2-914887283,S2,1
0,0.9166666666666665,1.0,0.9166666666666665,0.75,0.8333333333333334,4,0.8461538461538461,0,0.7931034482758621,0.7931034482758621,0.7931034482758621,0.25,0.5428571428571428,4,0.8709677419354839,0.3333333333333333,1,0,S1-526301538,S3-318496450,S3,1
0,0.7647058823529411,1.0,1.0,1.0,0.6666666666666666,0,1.0,0,0.5357142857142857,0.8214285714285714,0.8214285714285714,0.42857142857142855,0.4444444444444444,2,0.9310344827586207,1.0,1,0,S1-623330474,S3-602139367,S3,1
0,0.75,1.0,0.75,0.42857142857142855,0.5625,14,0.6,1,1.0,1.0,1.0,1.0,1.0,0,1.0,1.0,1,0,S1-9594562,S3-428533571,S3,1
0,0.09302325581395354,0.10810810810810807,0.09302325581395354,0.0,0.0,1,0.9545454545454546,0,0.2597402597402597,0.8235294117647058,0.23376623376623373,0.16666666666666666,0.09090909090909091,57,0.14925373134328357,1.0,1,0,S1-481984354,S3-463398140,S3,1
0,0.8571428571428572,1.0,0.8571428571428572,0.75,0.7333333333333333,8,0.75,0,0.8403361344537815,0.9210526315789473,0.8067226890756303,0.5454545454545454,0.6923076923076923,15,0.7761194029850746,0.5,1,0,S1-191041151,S2-86861126,S2,1
0,0.9,0.9,0.9,0.3333333333333333,0.6,4,0.875,0,0.9736842105263157,0.9793103448275862,0.9736842105263157,0.8,0.92,4,0.9487179487179487,0.0,1,0,S1-85454410,S3-113684786,S3,1
0,0.96875,0.96875,0.96875,0.6,0.8181818181818182,0,1.0,0,0.5283018867924528,0.5283018867924528,0.5283018867924528,0.2222222222222222,0.16666666666666666,3,0.8928571428571429,1.0,1,0,S1-823459189,S3-438611985,S3,1
0,0.8620689655172413,1.0,0.8620689655172413,0.8,0.7419354838709677,8,0.7575757575757576,0,0.8888888888888888,0.9724770642201835,0.8888888888888888,0.8181818181818182,0.8225806451612904,14,0.8,1.0,1,0,S1-358907642,S3-798936923,S3,1
1,1.0,1.0,1.0,1.0,1.0,0,1.0,0,0.9438202247191011,1.0,0.9438202247191011,0.875,0.8478260869565217,5,0.8936170212765957,1.0,1,0,S1-949555568,S2-204564428,S2,1
0,0.9491525423728814,1.0,0.9491525423728814,0.8333333333333334,0.896551724137931,3,0.9032258064516129,0,0.0,0.0,0.0,0.0,0.0,39,0.0,0.0,1,0,S1-691096761,S2-188233867,S2,1
0,0.9285714285714286,1.0,0.9285714285714286,0.8,0.8571428571428571,4,0.8666666666666667,1,1.0,1.0,1.0,1.0,1.0,0,1.0,1.0,1,0,S1-76781124,S2-736248668,S2,1
0,0.878048780487805,1.0,0.878048780487805,0.8,0.7619047619047619,5,0.782608695652174,0,0.9122807017543859,0.912280701754386,0.9122807017543859,0.42857142857142855,0.59375,3,0.9,1.0,1,0,S1-718677409,S2-530063208,S2,1
0,0.7804878048780488,1.0,0.7804878048780488,0.75,0.6086956521739131,9,0.64,0,0.8253968253968254,0.9206349206349206,0.9206349206349206,0.42857142857142855,0.5833333333333334,1,0.96875,1.0,1,0,S1-476405189,S3-628352659,S3,1
0,0.8888888888888888,1.0,0.8888888888888888,0.6666666666666666,0.7777777777777778,4,0.8,0,0.9066666666666666,0.9066666666666667,0.9066666666666666,0.5555555555555556,0.725,1,0.9736842105263158,1.0,1,0,S1-978739324,S3-610143543,S3,1
0,0.696969696969697,0.9393939393939393,0.9393939393939393,0.6,0.6216216216216216,4,0.8857142857142857,0,0.5492957746478873,0.9620253164556962,0.5774647887323944,0.23529411764705882,0.35555555555555557,60,0.40594059405940597,0.0,1,0,S1-82778118,S2-784516603,S2,1
0,0.6461538461538461,1.0,0.6461538461538461,0.42857142857142855,0.5588235294117647,23,0.4772727272727273,0,0.9666666666666667,0.9666666666666667,0.9666666666666667,0.7142857142857143,0.8064516129032258,2,0.9354838709677419,1.0,1,0,S1-300465535,S2-950381534,S2,1
0,0.8,1.0,0.8,0.6666666666666666,0.625,6,0.6666666666666666,0,0.7945205479452055,0.8767123287671232,0.8767123287671232,0.42857142857142855,0.5681818181818182,3,0.9210526315789473,1.0,1,0,S1-922401618,S3-531721866,S3,1
0,0.8666666666666667,1.0,0.8666666666666667,0.6666666666666666,0.7333333333333333,4,0.7647058823529411,0,0.839506172839506,1.0,0.839506172839506,0.625,0.7111111111111111,13,0.723404255319149,0.5,1,0,S1-233685125,S2-6739649,S2,1
0,0.6779661016949151,0.9491525423728814,0.9491525423728814,0.6,0.5277777777777778,1,0.9666666666666667,0,0.8888888888888888,0.9279999999999999,0.8611111111111112,0.6666666666666666,0.7692307692307693,4,0.9459459459459459,0.5,1,0,S1-884917651,S3-232239756,S3,1
0,0.9310344827586207,1.0,0.9310344827586207,0.75,0.8620689655172413,4,0.8709677419354839,0,0.619718309859155,0.619718309859155,0.5633802816901409,0.2,0.22641509433962265,1,0.9722222222222222,1.0,1,0,S1-960880025,S3-924500650,S3,1
0,0.1132075471698113,0.12244897959183675,0.1132075471698113,0.0,0.0,1,0.9629629629629629,0,0.5271317829457365,0.8484848484848484,0.5271317829457365,0.29411764705882354,0.27956989247311825,53,0.4175824175824176,0.3333333333333333,1,0,S1-915309482,S2-812046608,S2,1
0,0.9,1.0,0.9,0.75,0.8,4,0.8181818181818182,0,0.847457627118644,0.847457627118644,0.847457627118644,0.25,0.5277777777777778,1,0.9666666666666667,0.0,1,0,S1-964184331,S3-921671982,S3,1
1,1.0,1.0,1.0,1.0,1.0,0,1.0,0,0.9206349206349206,0.9206349206349206,0.9206349206349206,0.42857142857142855,0.7878787878787878,1,0.96875,1.0,1,0,S1-37175410,S3-735146951,S3,1
0,0.9,0.9,0.9,0.6,0.6363636363636364,0,1.0,0,0.9206349206349206,0.9206349206349206,0.9206349206349206,0.42857142857142855,0.7272727272727273,3,0.9090909090909091,0.0,1,0,S1-643015070,S2-351325645,S2,1
0,0.17391304347826086,0.08695652173913046,0.08695652173913049,0.0,0.0,19,0.09523809523809523,1,1.0,1.0,1.0,1.0,1.0,0,1.0,0.0,1,0,S1-36874225,S3-543504833,S3,1
1,1.0,1.0,1.0,1.0,1.0,0,1.0,0,0.8923076923076922,1.0,0.8923076923076922,0.7142857142857143,0.7428571428571429,7,0.8055555555555556,1.0,1,0,S1-959092182,S2-230816512,S2,1
1,1.0,1.0,1.0,1.0,1.0,0,1.0,0,0.9642857142857143,0.9642857142857143,0.9642857142857143,0.7142857142857143,0.7333333333333333,2,0.9310344827586207,1.0,1,0,S1-263004658,S2-589484617,S2,1
1,1.0,1.0,1.0,1.0,1.0,0,1.0,0,0.9014084507042255,0.9508196721311475,0.9014084507042255,0.6666666666666666,0.7631578947368421,7,0.8205128205128205,1.0,1,0,S1-731024428,S3-347116685,S3,1
1,1.0,1.0,1.0,1.0,1.0,0,1.0,0,0.4307692307692308,0.8846153846153847,0.7076923076923076,0.625,0.4166666666666667,7,0.8055555555555556,0.5,1,0,S1-117358386,S2-579970084,S2,1
0,0.7659574468085107,1.0,0.7659574468085107,0.6666666666666666,0.5925925925925926,11,0.6206896551724138,0,0.0,0.0,0.0,0.0,0.0,45,0.0,0.0,1,0,S1-496153551,S3-935504505,S3,1
0,0.09836065573770492,0.10526315789473685,0.09836065573770492,0.0,0.0,3,0.90625,0,0.9882352941176471,0.9882352941176471,0.9882352941176471,0.75,0.8809523809523809,1,0.9767441860465116,0.0,1,0,S1-508052792,S2-903984956,S2,1
0,0.9142857142857143,0.9142857142857143,0.9142857142857143,0.5,0.7222222222222222,1,0.9444444444444444,0,0.9565217391304348,0.9565217391304348,0.9565217391304348,0.5,0.8055555555555556,1,0.9714285714285714,0.0,1,0,S1-264151471,S2-550491925,S2,1
0,0.08955223880597017,0.09836065573770497,0.08955223880597017,0.0,0.0,1,0.9705882352941176,1,1.0,1.0,1.0,1.0,1.0,0,1.0,0.0,1,0,S1-888822084,S2-12454821,S2,1
0,0.96875,0.96875,0.84375,0.6,0.9354838709677419,0,1.0,0,0.7157894736842105,0.923076923076923,0.8947368421052632,0.631578947368421,0.7078651685393258,0,1.0,1.0,1,0,S1-975799884,S2-551675634,S2,1
1,1.0,1.0,1.0,1.0,1.0,0,1.0,0,0.7936507936507937,0.9361702127659575,0.7936507936507937,0.5,0.5526315789473685,13,0.6578947368421053,0.5,1,0,S1-576125034,S2-552247873,S2,1
0,0.8333333333333335,1.0,0.8333333333333335,0.75,0.6923076923076923,8,0.7142857142857143,0,0.8449197860962567,0.9240506329113924,0.8449197860962567,0.6666666666666666,0.6701030927835051,5,0.9479166666666666,1.0,1,0,S1-39003653,S3-600202232,S3,1
1,1.0,1.0,1.0,1.0,1.0,0,1.0,0,0.9642857142857143,0.9642857142857143,0.9642857142857143,0.6666666666666666,0.7931034482758621,2,0.9310344827586207,1.0,1,0,S1-853069426,S2-82049323,S2,1
1,1.0,1.0,1.0,1.0,1.0,0,1.0,0,0.8166666666666668,0.9387755102040817,0.7833333333333333,0.7142857142857143,0.7258064516129032,8,0.875,0.6666666666666666,1,0,S1-809292946,S2-336524861,S2,1
0,0.8461538461538461,1.0,0.8461538461538461,0.75,0.7142857142857143,8,0.7333333333333333,0,0.896551724137931,1.0,0.896551724137931,0.75,0.8,12,0.8125,0.6666666666666666,1,0,S1-564676883,S2-979409910,S2,1
0,0.9259259259259259,1.0,0.9259259259259259,0.6666666666666666,0.8518518518518519,4,0.8620689655172413,0,0.8955223880597015,0.9473684210526315,0.8955223880597015,0.5,0.7027027027027027,7,0.8108108108108109,0.0,1,0,S1-212541223,S2-866360677,S2,1
1,1.0,1.0,1.0,1.0,1.0,0,1.0,1,1.0,1.0,1.0,1.0,1.0,0,1.0,1.0,1,1,S1-428216981,S2-277620865,S2,1
0,0.88,0.88,0.88,0.5,0.3125,1,0.9230769230769231,1,1.0,1.0,1.0,1.0,1.0,0,1.0,1.0,1,0,S1-983812755,S2-367960405,S2,1
0,0.8888888888888888,0.6296296296296297,0.6296296296296297,0.0,0.5151515151515151,2,0.9285714285714286,0,0.7586206896551724,1.0,1.0,1.0,0.8,0,1.0,1.0,1,0,S1-956260285,S2-205115818,S2,1
1,1.0,1.0,1.0,1.0,1.0,0,1.0,0,0.8333333333333335,0.9473684210526315,0.8333333333333335,0.4444444444444444,0.5714285714285714,12,0.7142857142857143,0.0,1,0,S1-844800784,S2-457631719,S2,1
1,1.0,1.0,1.0,1.0,1.0,0,1.0,0,0.5454545454545454,1.0,1.0,1.0,0.7872340425531915,0,1.0,1.0,1,0,S1-62371446,S2-68173915,S2,1
1,1.0,1.0,1.0,1.0,1.0,0,1.0,0,0.8493150684931507,0.875,0.8493150684931507,0.625,0.6829268292682927,1,0.972972972972973,0.0,1,0,S1-757026094,S3-531193253,S3,1
0,0.17021276595744683,0.2553191489361703,0.25531914893617025,0.0,0.0,21,0.38235294117647056,0,0.90625,0.90625,0.90625,0.42857142857142855,0.6216216216216216,6,0.8285714285714286,0.0,1,0,S1-953992049,S2-538885631,S2,1
1,1.0,1.0,1.0,1.0,1.0,0,1.0,0,0.9552238805970148,0.955223880597015,0.9552238805970148,0.5,0.6756756756756757,1,0.9705882352941176,1.0,1,0,S1-112338461,S2-19400994,S2,1
0,0.8,1.0,0.8,0.75,0.7096774193548387,12,0.6666666666666666,0,0.6461538461538461,0.9411764705882354,0.923076923076923,0.6363636363636364,0.7391304347826086,4,0.9402985074626866,0.5,1,0,S1-319131940,S2-271731082,S2,1
0,0.8571428571428572,0.7142857142857143,0.7142857142857143,0.0,0.46153846153846156,2,0.9090909090909091,0,0.7837837837837838,0.7931034482758621,0.7837837837837838,0.375,0.48936170212765956,4,0.8974358974358975,1.0,1,0,S1-197487732,S3-139688787,S3,1
1,1.0,1.0,1.0,1.0,1.0,0,1.0,0,0.6,0.9433962264150944,0.9333333333333332,0.7142857142857143,0.6470588235294118,4,0.875,1.0,1,0,S1-691128897,S2-299659898,S2,1
0,0.8627450980392157,0.3921568627450981,0.3921568627450981,0.0,0.46875,3,0.8888888888888888,0,0.7466666666666666,0.8266666666666667,0.8266666666666667,0.375,0.4791666666666667,11,0.7441860465116279,1.0,1,0,S1-275748799,S3-767061026,S3,1
0,0.7777777777777779,1.0,1.0,1.0,0.6842105263157895,0,1.0,0,0.8461538461538461,0.904109589041096,0.8461538461538461,0.5,0.7435897435897436,0,1.0,0.3333333333333333,1,0,S1-500417850,S3-303523856,S3,1
0,0.8387096774193549,0.5161290322580645,0.5161290322580645,0.0,0.4444444444444444,1,0.9375,0,0.7719298245614035,0.9130434782608695,0.8771929824561404,0.5714285714285714,0.5757575757575758,7,0.78125,0.0,1,0,S1-338145326,S2-396659519,S2,1
1,1.0,1.0,1.0,1.0,1.0,0,1.0,0,0.9583333333333335,0.9583333333333333,0.9583333333333335,0.6666666666666666,0.76,2,0.92,1.0,1,0,S1-346564358,S2-382841029,S2,1
0,0.6428571428571428,0.8571428571428571,0.8571428571428572,0.5,0.3333333333333333,0,1.0,0,0.9473684210526316,0.9473684210526315,0.9473684210526316,0.6666666666666666,0.7586206896551724,3,0.9,1.0,1,0,S1-332742843,S2-975798007,S2,1
0,0.7878787878787878,0.9090909090909091,0.9090909090909091,0.6,0.47619047619047616,0,1.0,0,0.8051948051948052,0.8888888888888888,0.8051948051948052,0.5714285714285714,0.6590909090909091,7,0.8333333333333334,0.0,1,0,S1-215654427,S3-970929454,S3,1
0,0.962962962962963,0.9629629629629629,0.962962962962963,0.6,0.8461538461538461,0,1.0,0,0.9710144927536232,1.0,0.9710144927536232,0.8333333333333334,0.9166666666666666,4,0.9436619718309859,1.0,1,0,S1-582261030,S2-931217749,S2,1
0,0.68,1.0,1.0,1.0,0.7692307692307693,0,1.0,0,0.851063829787234,0.9195402298850575,0.851063829787234,0.6666666666666666,0.7254901960784313,0,1.0,0.5,1,0,S1-142194663,S2-352700129,S2,1
1,1.0,1.0,1.0,1.0,1.0,0,1.0,0,0.0,0.0,0.0,0.0,0.0,46,0.0,0.0,1,0,S1-87042786,S2-491286444,S2,1
1,1.0,1.0,1.0,1.0,1.0,0,1.0,0,0.40909090909090906,0.9189189189189189,0.40909090909090906,0.2222222222222222,0.17525773195876287,78,0.2571428571428571,1.0,1,0,S1-521323616,S3-535040855,S3,1
0,0.5454545454545454,0.9545454545454546,0.8636363636363636,0.6,0.5384615384615384,0,1.0,0,0.7889908256880733,0.8863636363636364,0.7706422018348624,0.6111111111111112,0.6290322580645161,5,0.9122807017543859,0.6666666666666666,1,0,S1-165308976,S2-408379315,S2,1
1,1.0,1.0,1.0,1.0,1.0,0,1.0,0,0.9824561403508771,0.9824561403508772,0.9824561403508771,0.6666666666666666,0.8214285714285714,1,0.9655172413793104,0.3333333333333333,1,0,S1-554313461,S2-730141099,S2,1
0,0.72,1.0,0.72,0.6666666666666666,0.5,7,0.5625,0,0.41379310344827597,0.782608695652174,0.7586206896551724,0.4,0.45614035087719296,3,0.9333333333333333,1.0,1,0,S1-651971295,S3-864202917,S3,1
1,1.0,1.0,1.0,1.0,1.0,0,1.0,0,0.4615384615384615,0.8666666666666667,0.7948717948717949,0.4444444444444444,0.5102040816326531,10,0.7727272727272727,1.0,1,0,S1-31784299,S3-421640680,S3,1
0,0.4615384615384615,0.3076923076923077,0.3076923076923077,0.0,0.17857142857142858,15,0.4444444444444444,0,0.5342465753424658,0.7441860465116279,0.5616438356164384,0.3157894736842105,0.30612244897959184,28,0.6781609195402298,0.3333333333333333,1,0,S1-599804484,S3-8704569,S3,1
0,0.10666666666666667,0.11940298507462685,0.10666666666666667,0.0,0.0,1,0.9736842105263158,0,0.4285714285714286,0.6666666666666665,0.4285714285714286,0.13333333333333333,0.18055555555555555,42,0.4,1.0,1,0,S1-627329568,S3-500681483,S3,1
1,1.0,1.0,1.0,1.0,1.0,0,1.0,0,0.4761904761904761,0.9841269841269842,0.9841269841269842,0.7142857142857143,0.7878787878787878,1,0.96875,0.0,1,0,S1-125052757,S2-587875851,S2,1
1,1.0,1.0,1.0,1.0,1.0,0,1.0,0,0.7941176470588236,0.8235294117647058,0.7941176470588236,0.375,0.4883720930232558,8,0.7894736842105263,1.0,1,0,S1-458076270,S3-87770842,S3,1
0,0.8333333333333335,1.0,0.8333333333333335,0.5,0.6666666666666666,4,0.7142857142857143,0,0.8571428571428572,0.7619047619047619,0.8214285714285714,0.2857142857142857,0.48148148148148145,4,0.8666666666666667,1.0,1,0,S1-973183795,S3-360802404,S3,1
0,0.8095238095238095,1.0,1.0,1.0,0.7272727272727273,0,1.0,0,0.7555555555555555,1.0,0.7555555555555555,0.625,0.5185185185185185,11,0.6071428571428571,0.6666666666666666,1,0,S1-855634385,S2-457782078,S2,1
0,0.9130434782608696,1.0,0.9130434782608696,0.75,0.8260869565217391,4,0.84,0,0.6721311475409837,1.0,0.8688524590163934,0.7692307692307693,0.7321428571428571,16,0.7681159420289855,1.0,1,0,S1-558604825,S2-836303490,S2,1
0,0.6486486486486487,0.6486486486486487,0.6486486486486487,0.0,0.32,13,0.48,0,0.53125,1.0,0.9375,0.8333333333333334,0.7142857142857143,4,0.8823529411764706,0.0,1,0,S1-462296416,S2-282022081,S2,1
1,1.0,1.0,1.0,1.0,1.0,0,1.0,0,0.0,0.0,0.0,0.0,0.0,25,0.0,0.0,1,0,S1-358503817,S2-809494346,S2,1
1,1.0,1.0,1.0,1.0,1.0,0,1.0,0,0.8607594936708861,0.8607594936708861,0.8607594936708861,0.5555555555555556,0.6666666666666666,3,0.926829268292683,1.0,1,0,S1-613637343,S3-204253161,S3,1
0,0.6923076923076923,1.0,0.6923076923076923,0.6666666666666666,0.5161290322580645,16,0.5294117647058824,0,0.6333333333333333,1.0,1.0,1.0,0.75,0,1.0,1.0,1,0,S1-547545382,S3-382323570,S3,1
0,0.5333333333333333,0.7741935483870968,0.5777777777777777,0.5,0.28125,7,0.7307692307692307,1,1.0,1.0,1.0,1.0,1.0,0,1.0,1.0,1,0,S1-578039215,S2-470943692,S2,1
0,0.7027027027027026,0.7142857142857143,0.7027027027027026,0.3333333333333333,0.375,1,0.9473684210526315,0,0.9929078014184397,0.9929078014184397,0.9929078014184397,0.8571428571428571,0.9264705882352942,1,0.9859154929577465,1.0,1,0,S1-213924978,S2-929866010,S2,1
0,0.7457627118644068,0.6779661016949151,0.6779661016949151,0.0,0.43243243243243246,11,0.6857142857142857,0,0.4193548387096774,0.7555555555555555,0.7419354838709676,0.375,0.32558139534883723,6,0.8235294117647058,1.0,1,0,S1-674414794,S2-93108005,S2,1
0,0.926829268292683,1.0,0.926829268292683,0.8,0.85,3,0.8636363636363636,0,0.0,0.0,0.0,0.0,0.0,118,0.0,0.0,1,0,S1-54400351,S3-414536248,S3,1
0,0.8709677419354839,0.9629629629629629,0.8709677419354839,0.6,0.7333333333333333,8,0.7714285714285715,0,0.9885057471264368,0.9885057471264368,0.9885057471264368,0.7777777777777778,0.9069767441860465,1,0.9772727272727273,1.0,1,0,S1-26780140,S2-177759317,S2,1
1,1.0,1.0,1.0,1.0,1.0,0,1.0,0,0.47887323943661975,0.8363636363636364,0.7323943661971832,0.4444444444444444,0.425531914893617,7,0.8205128205128205,0.5,1,0,S1-627698641,S2-829894610,S2,1
1,1.0,1.0,1.0,1.0,1.0,0,1.0,0,0.46875,1.0,0.90625,0.8571428571428571,0.7058823529411765,6,0.8285714285714286,0.6666666666666666,1,0,S1-441808898,S2-782997999,S2,1
0,0.10526315789473684,0.12765957446808515,0.10526315789473684,0.0,0.0,1,0.9655172413793104,0,0.7964601769911505,0.90625,0.7964601769911505,0.46153846153846156,0.45161290322580644,19,0.7121212121212122,0.5,1,0,S1-207007443,S2-9960104,S2,1
0,0.625,0.7916666666666667,0.7916666666666665,0.6,0.375,0,1.0,0,0.896551724137931,0.896551724137931,0.896551724137931,0.5714285714285714,0.6363636363636364,2,0.9333333333333333,1.0,1,0,S1-46197517,S2-927837447,S2,1
0,0.8085106382978724,0.8823529411764706,0.8085106382978724,0.5,0.6538461538461539,9,0.6785714285714286,1,1.0,1.0,1.0,1.0,1.0,0,1.0,1.0,1,0,S1-224185084,S2-481818484,S2,1
0,0.06666666666666665,0.06666666666666671,0.06666666666666665,0.0,0.0,2,0.875,0,0.5957446808510638,0.9180327868852458,0.6808510638297872,0.4166666666666667,0.38095238095238093,28,0.5409836065573771,1.0,1,0,S1-831389333,S2-475850188,S2,1
0,0.6923076923076923,1.0,0.6923076923076923,0.5,0.4666666666666667,8,0.5294117647058824,0,0.8888888888888888,0.9,0.8611111111111112,0.4444444444444444,0.7,6,0.8461538461538461,0.0,1,0,S1-369020243,S3-413688811,S3,1
0,0.9189189189189189,1.0,0.9189189189189189,0.6666666666666666,0.8333333333333334,3,0.85,0,0.0,0.0,0.0,0.0,0.0,29,0.0,0.0,1,0,S1-761766384,S2-499892402,S2,1
0,0.9310344827586207,1.0,0.9310344827586207,0.75,0.8620689655172413,4,0.8709677419354839,0,0.6849315068493153,0.6575342465753425,0.6301369863013699,0.25,0.2545454545454545,13,0.6976744186046512,0.5,1,0,S1-902282199,S3-153815187,S3,1
0,0.9047619047619048,0.9047619047619048,0.9047619047619048,0.6,0.6521739130434783,4,0.8260869565217391,0,0.8863636363636364,1.0,0.8863636363636364,1.0,0.9736842105263158,10,0.7959183673469388,1.0,1,0,S1-201387530,S2-940725781,S2,1
1,1.0,1.0,1.0,1.0,1.0,0,1.0,0,0.5970149253731343,0.5671641791044776,0.5373134328358209,0.15384615384615385,0.14545454545454545,9,0.7631578947368421,0.0,1,0,S1-526449092,S3-562419826,S3,1
0,0.9565217391304348,0.9565217391304348,0.9565217391304348,0.5,0.75,0,1.0,0,0.3793103448275862,0.8709677419354839,0.5862068965517242,0.3333333333333333,0.3698630136986301,46,0.43209876543209874,0.4,1,0,S1-60484310,S3-335718565,S3,1
0,0.7647058823529411,1.0,0.7647058823529411,0.6,0.6,16,0.6190476190476191,0,0.47422680412371127,0.8205128205128205,0.47422680412371127,0.2,0.2054794520547945,51,0.3108108108108108,0.5,1,0,S1-582001794,S3-108255753,S3,1
1,1.0,1.0,1.0,1.0,1.0,0,1.0,0,0.90625,1.0,1.0,1.0,0.8181818181818182,0,1.0,1.0,1,0,S1-630630198,S2-209238174,S2,1
0,0.9428571428571427,0.942857142857143,0.9428571428571427,0.6666666666666666,0.7714285714285715,4,0.8918918918918919,0,0.9009009009009009,0.9494949494949495,0.9009009009009009,0.7272727272727273,0.75,7,0.8813559322033898,1.0,1,0,S1-650906302,S3-201107085,S3,1
0,0.6521739130434783,1.0,0.6521739130434783,0.5,0.4482758620689655,16,0.4838709677419355,0,0.8355555555555556,0.9753694581280788,0.9511111111111111,0.8695652173913043,0.8275862068965517,7,0.9396551724137931,1.0,1,0,S1-337086048,S3-659037265,S3,1
1,1.0,1.0,1.0,1.0,1.0,0,1.0,0,0.7857142857142857,0.8775510204081632,0.7678571428571428,0.5714285714285714,0.6363636363636364,2,0.9649122807017544,1.0,1,0,S1-776538666,S3-663886690,S3,1
0,0.7142857142857143,1.0,0.7142857142857143,0.75,0.52,12,0.5555555555555556,0,0.8333333333333335,0.9473684210526315,0.8055555555555556,0.5714285714285714,0.6585365853658537,12,0.7142857142857143,1.0,1,0,S1-216001003,S3-638978763,S3,1
1,1.0,1.0,1.0,1.0,1.0,0,1.0,1,1.0,1.0,1.0,1.0,1.0,0,1.0,1.0,1,1,S1-61985109,S2-225902648,S2,1
0,0.875,1.0,0.875,0.6666666666666666,0.75,4,0.7777777777777778,0,0.6666666666666667,1.0,1.0,1.0,0.75,0,1.0,1.0,1,0,S1-679641217,S2-785080034,S2,1
0,0.7317073170731707,1.0,0.7317073170731707,0.6,0.5652173913043478,11,0.5769230769230769,1,1.0,1.0,1.0,1.0,1.0,0,1.0,1.0,1,0,S1-984849432,S2-781315411,S2,1
0,0.8923076923076922,0.8923076923076922,0.8923076923076922,0.6,0.5945945945945946,3,0.9117647058823529,0,0.676056338028169,0.9770992366412214,0.9014084507042255,0.7272727272727273,0.7333333333333333,8,0.8933333333333333,1.0,1,0,S1-40416029,S3-902661330,S3,1
0,0.8787878787878788,0.9354838709677419,0.8787878787878788,0.6,0.7142857142857143,0,1.0,0,0.7916666666666665,0.9047619047619048,0.8333333333333335,0.6923076923076923,0.6710526315789473,6,0.92,1.0,1,0,S1-619076059,S3-662381235,S3,1
1,1.0,1.0,1.0,1.0,1.0,0,1.0,0,0.8235294117647058,0.9491525423728814,0.8823529411764706,0.5714285714285714,0.6410256410256411,6,0.8378378378378378,0.0,1,0,S1-717307886,S2-930359877,S2,1
1,1.0,1.0,1.0,1.0,1.0,0,1.0,0,0.619718309859155,0.6478873239436621,0.619718309859155,0.3333333333333333,0.2641509433962264,7,0.8205128205128205,1.0,1,0,S1-791354241,S2-979648698,S2,1
1,1.0,1.0,1.0,1.0,1.0,0,1.0,0,0.923076923076923,0.9333333333333332,0.923076923076923,0.6666666666666666,0.7777777777777778,4,0.8571428571428571,1.0,1,0,S1-134664068,S2-887729520,S2,1
0,0.92,1.0,0.92,0.8,0.84,4,0.8518518518518519,0,0.4776119402985075,0.76,0.7164179104477613,0.4,0.38636363636363635,5,0.8611111111111112,0.3333333333333333,1,0,S1-778079990,S2-159698204,S2,1
0,0.8181818181818181,0.8181818181818181,0.8181818181818181,0.16666666666666666,0.48148148148148145,4,0.8333333333333334,0,0.5862068965517242,0.9411764705882354,0.9310344827586207,0.6666666666666666,0.65625,4,0.8709677419354839,1.0,1,0,S1-51889075,S3-79185943,S3,1
1,1.0,1.0,1.0,1.0,1.0,0,1.0,0,0.6790123456790124,1.0,0.9135802469135803,0.8,0.7906976744186046,14,0.8409090909090909,0.6666666666666666,1,0,S1-47937941,S2-320520849,S2,1
0,0.9142857142857143,0.9142857142857143,0.9142857142857143,0.6,0.6097560975609756,2,0.9444444444444444,0,0.8034188034188035,0.8627450980392157,0.7863247863247864,0.5,0.6376811594202898,1,0.9830508474576272,0.5,1,0,S1-780266491,S3-870671720,S3,1
0,0.7317073170731707,0.8823529411764706,0.878048780487805,0.6666666666666666,0.48,3,0.8636363636363636,0,0.7213114754098361,0.7213114754098361,0.6885245901639344,0.1,0.32558139534883723,5,0.8484848484848485,0.0,1,0,S1-669174339,S3-547795503,S3,1
1,1.0,1.0,1.0,1.0,1.0,0,1.0,0,0.9111111111111111,1.0,0.9111111111111111,0.8666666666666667,0.8777777777777778,0,1.0,1.0,1,0,S1-217105121,S2-105314412,S2,1
0,0.8378378378378379,1.0,1.0,1.0,0.8421052631578947,0,1.0,0,0.9375,0.9836065573770492,0.9375,0.8461538461538461,0.8032786885245902,4,0.9393939393939394,1.0,1,0,S1-718494696,S2-537941201,S2,1
0,0.8571428571428572,0.8571428571428571,0.8571428571428572,0.0,0.46153846153846156,2,0.9090909090909091,0,0.6707317073170731,0.8596491228070176,0.804878048780488,0.625,0.550561797752809,6,0.9294117647058824,0.6,1,0,S1-302750654,S3-710758715,S3,1
0,0.7796610169491526,0.8846153846153847,0.7796610169491526,0.6,0.6060606060606061,1,0.9666666666666667,0,0.5416666666666667,0.9166666666666667,0.9166666666666665,0.42857142857142855,0.5172413793103449,2,0.92,1.0,1,0,S1-272511138,S2-970879344,S2,1
1,1.0,1.0,1.0,1.0,1.0,0,1.0,0,0.625,0.6285714285714286,0.59375,0.2222222222222222,0.3023255813953488,16,0.6,0.0,1,0,S1-316128411,S3-748622923,S3,1
0,0.9523809523809522,0.9523809523809524,0.9523809523809522,0.5,0.7272727272727273,0,1.0,0,0.5588235294117647,0.7941176470588235,0.7941176470588236,0.7142857142857143,0.391304347826087,0,1.0,1.0,1,0,S1-298175917,S2-743720975,S2,1
0,0.926829268292683,0.926829268292683,0.926829268292683,0.5,0.6818181818181818,3,0.8636363636363636,1,1.0,1.0,1.0,1.0,1.0,0,1.0,1.0,1,0,S1-649735957,S2-218902558,S2,1
0,0.2222222222222222,0.2222222222222223,0.2222222222222222,0.0,0.0,20,0.2857142857142857,0,0.7272727272727273,1.0,0.961038961038961,1.0,0.9066666666666666,6,0.925,1.0,1,0,S1-56468628,S3-720158305,S3,1
0,0.9473684210526316,0.9473684210526315,0.9473684210526316,0.6,0.6060606060606061,1,0.9655172413793104,0,0.9473684210526316,1.0,0.9473684210526316,0.9473684210526315,0.9411764705882353,12,0.9,1.0,1,0,S1-249747878,S2-444914669,S2,1
0,0.896551724137931,1.0,0.896551724137931,0.6666666666666666,0.7857142857142857,3,0.8125,0,0.9586776859504132,1.0,0.9586776859504132,0.9090909090909091,0.9642857142857143,5,0.9206349206349206,1.0,1,0,S1-570325058,S2-127625970,S2,1
0,0.31999999999999995,0.4,0.4,0.0,0.0,16,0.5151515151515151,0,0.33333333333333337,0.31746031746031744,0.31746031746031744,0.0,0.04504504504504504,26,0.6578947368421053,0.0,0,0,S1-341462203,S3-920704688,S3,0
0,0.37209302325581395,0.37209302325581395,0.37209302325581395,0.0,0.0,15,0.4827586206896552,0,0.3298969072164949,0.4123711340206186,0.41237113402061853,0.0,0.0,1,0.9795918367346939,0.0,0,0,S1-783955316,S3-480899690,S3,0
0,0.32432432432432434,0.32432432432432434,0.32432432432432434,0.0,0.0,3,0.85,0,0.33009708737864074,0.33684210526315794,0.33009708737864074,0.0,0.02197802197802198,35,0.4927536231884058,0.0,0,0,S1-313221336,S3-969850475,S3,0
0,0.2142857142857143,0.2142857142857143,0.2142857142857143,0.0,0.0,16,0.2727272727272727,0,0.3695652173913043,0.43478260869565216,0.43478260869565216,0.07692307692307693,0.047619047619047616,8,0.84,0.0,1,0,S1-516394603,S3-128314530,S3,0
0,0.30000000000000004,0.33333333333333326,0.33333333333333337,0.0,0.0,16,0.5789473684210527,0,0.31775700934579443,0.3177570093457943,0.31775700934579443,0.0,0.020833333333333332,37,0.4861111111111111,0.0,0,0,S1-887045319,S3-821664816,S3,0
0,0.33333333333333337,0.41666666666666663,0.41666666666666663,0.0,0.0,4,0.7142857142857143,0,0.32258064516129037,0.41935483870967744,0.4193548387096774,0.0,0.0,12,0.6756756756756757,0.0,1,0,S1-21082318,S2-211892823,S2,0
0,0.4,0.4,0.4,0.0,0.0,2,0.9047619047619048,0,0.3939393939393939,0.33333333333333326,0.33333333333333337,0.0,0.0,2,0.9411764705882353,0.0,1,0,S1-214543067,S2-640991183,S2,0
0,0.36363636363636365,0.36363636363636365,0.36363636363636365,0.0,0.0,5,0.8333333333333334,0,0.28,0.32,0.31999999999999995,0.0,0.0,6,0.7857142857142857,0.0,0,0,S1-180257062,S3-801531912,S3,0
0,0.3555555555555555,0.35555555555555557,0.3555555555555555,0.0,0.0,5,0.8,0,0.39130434782608686,0.34782608695652173,0.34782608695652173,0.0,0.023809523809523808,28,0.5333333333333333,0.0,0,0,S1-151440370,S3-975435468,S3,0
0,0.5,0.5,0.5,0.0,0.0,8,0.6666666666666666,0,0.4307692307692308,0.3692307692307692,0.36923076923076925,0.0,0.0,13,0.6666666666666666,0.0,1,0,S1-241438014,S2-756353666,S2,0
0,0.3076923076923077,0.27692307692307694,0.27692307692307694,0.0,0.0,13,0.6666666666666666,0,0.1785714285714286,0.2545454545454545,0.25,0.0,0.0,62,0.28735632183908044,0.0,0,0,S1-61084401,S2-491549538,S2,0
0,0.33333333333333337,0.41666666666666663,0.41666666666666663,0.0,0.023809523809523808,14,0.5483870967741935,0,0.42105263157894735,0.4912280701754386,0.49122807017543857,0.0,0.019230769230769232,5,0.8387096774193549,0.0,1,0,S1-957558089,S2-178585211,S2,0
0,0.339622641509434,0.339622641509434,0.339622641509434,0.0,0.0,5,0.8275862068965517,0,0.35,0.325,0.32499999999999996,0.0,0.0,16,0.6666666666666666,0.0,0,0,S1-528651403,S3-494077902,S3,0
0,0.5084745762711864,0.44067796610169496,0.44067796610169496,0.14285714285714285,0.08,1,0.9666666666666667,0,0.31746031746031744,0.34920634920634924,0.3492063492063492,0.0,0.0,11,0.7027027027027027,0.0,1,0,S1-815044399,S3-7289261,S3,0
0,0.30000000000000004,0.25,0.25,0.0,0.0,12,0.5384615384615384,0,0.3770491803278688,0.3278688524590164,0.3278688524590164,0.0,0.008695652173913044,14,0.7941176470588235,0.0,1,0,S1-715861166,S2-265959335,S2,0
0,0.3111111111111111,0.3111111111111111,0.3111111111111111,0.0,0.0,1,0.9565217391304348,0,0.3291139240506329,0.40506329113924056,0.40506329113924056,0.0,0.0136986301369863,7,0.8372093023255814,0.0,0,0,S1-322698341,S3-182732453,S3,0
0,0.26865671641791045,0.3283582089552239,0.32835820895522383,0.0,0.016129032258064516,17,0.5952380952380952,0,0.3764705882352941,0.3764705882352941,0.3764705882352941,0.0,0.025974025974025976,7,0.8478260869565217,0.0,1,0,S1-204545711,S3-183600361,S3,0
0,0.20833333333333337,0.21739130434782608,0.20833333333333337,0.0,0.0,8,0.7142857142857143,0,0.2315789473684211,0.2666666666666667,0.27368421052631575,0.0,0.0,17,0.6964285714285714,0.0,0,0,S1-305970695,S2-486649886,S2,0
0,0.41025641025641024,0.5128205128205129,0.41025641025641024,0.16666666666666666,0.06060606060606061,1,0.95,0,0.3783783783783784,0.3816793893129771,0.40540540540540543,0.04,0.056451612903225805,18,0.7831325301204819,0.0,1,0,S1-742019967,S2-97456366,S2,0
0,0.43333333333333335,0.33333333333333326,0.33333333333333337,0.0,0.0,6,0.8181818181818182,0,0.24427480916030533,0.31932773109243695,0.30534351145038163,0.0,0.0,59,0.37894736842105264,0.0,0,0,S1-433108657,S3-960252193,S3,0
0,0.34883720930232553,0.3023255813953489,0.3023255813953488,0.0,0.0125,30,0.4827586206896552,0,0.36923076923076925,0.4,0.36923076923076925,0.09090909090909091,0.07017543859649122,9,0.7567567567567568,0.0,1,0,S1-511316240,S3-797272195,S3,0
0,0.4897959183673469,0.4897959183673469,0.40816326530612246,0.1111111111111111,0.07142857142857142,9,0.6896551724137931,0,0.3571428571428571,0.33333333333333326,0.33333333333333337,0.0,0.0,4,0.9090909090909091,0.0,1,0,S1-830748063,S2-772814944,S2,0
0,0.26415094339622647,0.3018867924528301,0.30188679245283023,0.0,0.0,1,0.9629629629629629,0,0.31746031746031744,0.38095238095238093,0.38095238095238093,0.0,0.0,7,0.8,0.0,1,0,S1-188088618,S2-133041461,S2,0
0,0.2702702702702703,0.21621621621621628,0.2162162162162162,0.0,0.0,7,0.6818181818181818,0,0.25806451612903225,0.32258064516129037,0.32258064516129037,0.0,0.0,20,0.5121951219512195,0.0,0,0,S1-943181166,S2-239129993,S2,0
0,0.06896551724137934,0.07692307692307693,0.06896551724137934,0.0,0.0,12,0.6571428571428571,0,0.27350427350427353,0.2831858407079646,0.27350427350427353,0.0,0.018867924528301886,57,0.3448275862068966,0.0,0,0,S1-931194776,S2-824845379,S2,0
0,0.4444444444444444,0.4,0.4,0.0,0.0,3,0.875,0,0.28,0.34,0.34,0.0,0.0,22,0.639344262295082,0.0,0,0,S1-977884435,S2-157407900,S2,0
0,0.2666666666666667,0.2666666666666667,0.2666666666666667,0.0,0.0,7,0.7307692307692307,0,0.33898305084745756,0.2711864406779661,0.27118644067796616,0.0,0.0,13,0.6388888888888888,0.0,1,0,S1-863944743,S3-431635006,S3,0
0,0.375,0.425,0.42500000000000004,0.0,0.02702702702702703,4,0.9047619047619048,0,0.29333333333333333,0.2647058823529412,0.31999999999999995,0.0,0.031746031746031744,19,0.5957446808510638,0.0,0,0,S1-606289005,S3-350285914,S3,0
0,0.34042553191489366,0.29787234042553196,0.2978723404255319,0.0,0.024390243902439025,1,0.9583333333333334,0,0.39473684210526316,0.368421052631579,0.2894736842105263,0.1,0.07462686567164178,10,0.7674418604651163,0.0,1,0,S1-768427336,S3-897230371,S3,0
0,0.3214285714285714,0.39285714285714285,0.3928571428571429,0.0,0.0,0,1.0,0,0.3414634146341463,0.36585365853658536,0.36585365853658536,0.0,0.0,2,0.9523809523809523,0.0,0,0,S1-917862164,S3-254858077,S3,0
0,0.2666666666666667,0.4,0.4,0.0,0.0,6,0.6666666666666666,0,0.31034482758620685,0.2758620689655173,0.27586206896551724,0.0,0.0,4,0.8709677419354839,0.0,1,0,S1-258707613,S3-654980361,S3,0
0,0.4444444444444444,0.46511627906976744,0.48888888888888893,0.0,0.0,3,0.875,0,0.48484848484848486,0.45454545454545453,0.4545454545454546,0.0,0.03333333333333333,6,0.8333333333333334,0.0,1,0,S1-627304664,S2-454727452,S2,0
0,0.2909090909090909,0.36363636363636365,0.36363636363636365,0.0,0.0,19,0.4864864864864865,0,0.24590163934426237,0.2586206896551724,0.2622950819672131,0.0,0.009259259259259259,62,0.32608695652173914,0.0,0,0,S1-697181420,S3-921671982,S3,0
0,0.29268292682926833,0.24390243902439024,0.24390243902439024,0.0,0.0,23,0.28125,0,0.291970802919708,0.3770491803278688,0.35036496350364965,0.0,0.017391304347826087,47,0.4891304347826087,0.0,0,0,S1-481118017,S2-32024697,S2,0
0,0.36,0.32,0.31999999999999995,0.0,0.0,2,0.9230769230769231,0,0.3384615384615385,0.33846153846153837,0.3384615384615385,0.0,0.0,5,0.8571428571428571,0.0,1,0,S1-262743786,S2-480164849,S2,0
0,0.25,0.3,0.30000000000000004,0.0,0.0,6,0.7391304347826086,0,0.3076923076923077,0.3076923076923077,0.3076923076923077,0.0,0.0136986301369863,8,0.813953488372093,0.0,1,0,S1-51591339,S3-989157151,S3,0
0,0.3703703703703704,0.4074074074074074,0.4074074074074075,0.0,0.0,6,0.8,0,0.30379746835443033,0.32911392405063294,0.3291139240506329,0.0,0.014084507042253521,17,0.6458333333333334,0.0,0,0,S1-951328871,S3-494077902,S3,0
0,0.2777777777777778,0.33333333333333326,0.33333333333333337,0.0,0.0,8,0.6363636363636364,0,0.2786885245901639,0.31932773109243695,0.3114754098360656,0.0,0.008849557522123894,64,0.3118279569892473,0.0,0,0,S1-647436953,S2-638600157,S2,0
0,0.4666666666666666,0.36666666666666664,0.3666666666666667,0.0,0.0,2,0.9354838709677419,0,0.37168141592920356,0.3853211009174312,0.3893805309734514,0.0,0.028846153846153848,5,0.9152542372881356,0.0,1,0,S1-917187968,S3-309663849,S3,0
0,0.36363636363636365,0.36363636363636365,0.36363636363636365,0.0,0.0,4,0.6923076923076923,0,0.33333333333333337,0.3095238095238095,0.30952380952380953,0.0,0.012987012987012988,6,0.8666666666666667,0.0,1,0,S1-764260362,S2-32024697,S2,0
0,0.2857142857142857,0.2857142857142857,0.2857142857142857,0.0,0.0,8,0.68,0,0.3125,0.39583333333333337,0.39583333333333337,0.0,0.022222222222222223,4,0.92,0.0,1,0,S1-105637024,S3-920704688,S3,0
0,0.375,0.41666666666666663,0.41666666666666663,0.0,0.0,0,1.0,0,0.37569060773480667,0.3835616438356164,0.3425414364640884,0.0,0.02877697841726619,9,0.9052631578947369,0.0,1,0,S1-431861804,S3-837981763,S3,0
0,0.11538461538461542,0.19230769230769226,0.1923076923076923,0.0,0.0,34,0.20930232558139536,0,0.28099173553719003,0.28099173553719015,0.28099173553719003,0.0,0.008771929824561403,69,0.2736842105263158,0.0,0,0,S1-991782809,S3-162586707,S3,0
0,0.3589743589743589,0.3076923076923077,0.3076923076923077,0.0,0.0,1,0.95,0,0.41379310344827597,0.41379310344827586,0.41379310344827597,0.0,0.012195121951219513,9,0.8125,0.0,1,0,S1-435478872,S3-292115795,S3,0
0,0.16000000000000003,0.18181818181818188,0.16000000000000003,0.0,0.0,6,0.7857142857142857,0,0.34285714285714286,0.2857142857142857,0.2857142857142857,0.0,0.0,15,0.4,0.0,0,0,S1-163731816,S3-463398140,S3,0
0,0.3703703703703704,0.3703703703703704,0.3703703703703704,0.0,0.0,16,0.5428571428571428,0,0.3157894736842105,0.3508771929824562,0.3508771929824561,0.0,0.0,7,0.78125,0.0,1,0,S1-545567290,S2-508786093,S2,0
0,0.20408163265306123,0.20408163265306128,0.20408163265306123,0.0,0.0,13,0.5806451612903226,0,0.4,0.36666666666666664,0.3666666666666667,0.0,0.0,6,0.8181818181818182,0.0,1,0,S1-548713565,S2-589484617,S2,0
0,0.43137254901960786,0.4705882352941177,0.4705882352941176,0.0,0.0,1,0.9615384615384616,0,0.30927835051546393,0.28865979381443296,0.28865979381443296,0.0,0.010869565217391304,35,0.4696969696969697,0.0,0,0,S1-932832887,S2-631377539,S2,0
0,0.32432432432432434,0.27027027027027034,0.2702702702702703,0.0,0.0,11,0.5416666666666666,0,0.34285714285714286,0.37142857142857144,0.37142857142857144,0.0,0.0,6,0.8421052631578947,0.0,1,0,S1-666499164,S3-809158735,S3,0
0,0.2857142857142857,0.2857142857142857,0.2857142857142857,0.0,0.0,22,0.3125,0,0.21582733812949642,0.23021582733812948,0.2302158273381295,0.0,0.0078125,97,0.17796610169491525,0.0,0,0,S1-424187580,S2-537300866,S2,0
0,0.29166666666666663,0.33333333333333326,0.33333333333333337,0.0,0.0,24,0.3333333333333333,0,0.2564102564102564,0.27272727272727265,0.2564102564102564,0.0,0.0,32,0.41818181818181815,0.0,0,0,S1-310938186,S2-382841029,S2,0
0,0.2692307692307693,0.3076923076923077,0.3076923076923077,0.0,0.02127659574468085,6,0.7931034482758621,0,0.3157894736842105,0.28125,0.2857142857142857,0.0,0.00819672131147541,47,0.4777777777777778,0.0,0,0,S1-19981536,S3-88509811,S3,0
0,0.4516129032258065,0.4516129032258065,0.4516129032258065,0.14285714285714285,0.13725490196078433,8,0.7714285714285715,0,0.3484848484848485,0.4032258064516129,0.3939393939393939,0.0,0.043478260869565216,14,0.8082191780821918,0.0,1,0,S1-233995709,S3-257942996,S3,0
0,0.30000000000000004,0.3,0.30000000000000004,0.0,0.0,4,0.8181818181818182,0,0.3023255813953488,0.3023255813953489,0.3023255813953488,0.0,0.0,36,0.4098360655737705,0.0,0,0,S1-181782589,S3-512312404,S3,0
0,0.375,0.4375,0.4375,0.0,0.037037037037037035,10,0.5238095238095238,0,0.28787878787878785,0.3076923076923077,0.303030303030303,0.0,0.02564102564102564,70,0.3069306930693069,0.0,0,0,S1-233387630,S2-184257678,S2,0
0,0.36734693877551017,0.40816326530612246,0.40816326530612246,0.0,0.0,1,0.96,0,0.32432432432432434,0.3925233644859813,0.3783783783783784,0.0,0.030612244897959183,37,0.5,0.0,0,0,S1-216258738,S2-368366003,S2,0
0,0.4193548387096774,0.3793103448275862,0.3870967741935484,0.0,0.01818181818181818,12,0.6756756756756757,0,0.31746031746031744,0.34920634920634924,0.3492063492063492,0.0,0.0,7,0.8,0.0,1,0,S1-376077225,S2-460771374,S2,0
0,0.3793103448275862,0.3793103448275862,0.3793103448275862,0.0,0.018867924528301886,8,0.7575757575757576,0,0.32432432432432434,0.32258064516129037,0.3513513513513513,0.0,0.0,4,0.8974358974358975,0.0,0,0,S1-586988500,S3-399761353,S3,0
0,0.3157894736842105,0.33333333333333326,0.368421052631579,0.0,0.0,2,0.9,0,0.21875,0.25,0.21875,0.0,0.0,40,0.23076923076923078,0.0,0,0,S1-867149205,S2-902014000,S2,0
0,0.3589743589743589,0.3076923076923077,0.3076923076923077,0.0,0.0,1,0.95,0,0.33333333333333337,0.39682539682539686,0.39682539682539686,0.0,0.008403361344537815,2,0.96875,0.0,0,0,S1-225077294,S3-121927309,S3,0
0,0.2692307692307693,0.2692307692307692,0.2692307692307693,0.0,0.0,0,1.0,0,0.23333333333333328,0.2666666666666667,0.2666666666666667,0.0,0.0,2,0.9354838709677419,0.0,1,0,S1-678060048,S2-205115818,S2,0
0,0.33333333333333337,0.33333333333333326,0.33333333333333337,0.0,0.0,2,0.9090909090909091,0,0.26168224299065423,0.3232323232323232,0.2990654205607477,0.0,0.010526315789473684,51,0.35443037974683544,0.0,0,0,S1-9465719,S2-853357871,S2,0
0,0.09523809523809523,0.10526315789473685,0.09523809523809523,0.0,0.0,1,0.96875,0,0.36,0.4123711340206186,0.4,0.0,0.0,14,0.7543859649122807,0.0,1,0,S1-905929248,S2-693567468,S2,0
0,0.3137254901960784,0.3137254901960784,0.3137254901960784,0.0,0.0,7,0.7586206896551724,0,0.43312101910828027,0.47297297297297297,0.445859872611465,0.08,0.06818181818181818,13,0.8470588235294118,0.0,1,0,S1-808597184,S3-710758715,S3,0
0,0.2857142857142857,0.2448979591836735,0.24489795918367352,0.0,0.0,21,0.4,0,0.36363636363636365,0.36363636363636365,0.36363636363636365,0.0,0.0,19,0.6041666666666666,0.0,0,0,S1-121418168,S2-405367902,S2,0
0,0.2535211267605634,0.22535211267605632,0.22535211267605637,0.0,0.01639344262295082,27,0.4489795918367347,0,0.326530612244898,0.3265306122448979,0.326530612244898,0.0,0.0,9,0.6896551724137931,0.0,1,0,S1-856221979,S2-830871728,S2,0
0,0.2564102564102564,0.25641025641025633,0.2564102564102564,0.0,0.04285714285714286,38,0.3448275862068966,0,0.3055555555555556,0.3055555555555556,0.3055555555555556,0.0,0.0,2,0.9459459459459459,0.0,0,0,S1-876339635,S3-797272195,S3,0
0,0.4444444444444444,0.4444444444444444,0.4444444444444444,0.14285714285714285,0.1346153846153846,1,0.96875,0,0.0,0.0,0.0,0.0,0.0,73,0.0,0.0,1,0,S1-905628515,S3-236985523,S3,0
0,0.32558139534883723,0.18604651162790703,0.18604651162790697,0.0,0.0,19,0.3870967741935484,0,0.25899280575539574,0.25,0.24460431654676262,0.0,0.0,81,0.2636363636363636,0.0,0,0,S1-801612461,S2-154544809,S2,0
0,0.32432432432432434,0.32432432432432434,0.32432432432432434,0.0,0.0,17,0.37037037037037035,0,0.31858407079646023,0.3893805309734513,0.3893805309734514,0.0,0.009345794392523364,13,0.7936507936507936,0.0,0,0,S1-493572332,S3-788386696,S3,0
0,0.2807017543859649,0.3508771929824562,0.3508771929824561,0.0,0.0,9,0.7272727272727273,0,0.34666666666666673,0.34666666666666673,0.34666666666666673,0.0,0.029850746268656716,9,0.7857142857142857,0.0,1,0,S1-512353838,S3-853321112,S3,0
0,0.4666666666666666,0.56,0.43333333333333335,0.16666666666666666,0.12,24,0.42857142857142855,0,0.36641221374045807,0.4036697247706422,0.3969465648854962,0.0,0.06,9,0.8714285714285714,0.0,1,0,S1-672710128,S2-929866010,S2,0
0,0.41666666666666663,0.391304347826087,0.375,0.0,0.023809523809523808,10,0.6551724137931034,0,0.32098765432098764,0.30379746835443044,0.2962962962962963,0.0,0.0,11,0.7608695652173914,0.0,0,0,S1-170653655,S2-985229075,S2,0
0,0.36923076923076925,0.3692307692307692,0.36923076923076925,0.0,0.016666666666666666,11,0.7105263157894737,0,0.24761904761904763,0.29126213592233013,0.2857142857142857,0.0,0.0,29,0.5671641791044776,0.0,0,0,S1-972723484,S2-518757634,S2,0
0,0.3529411764705882,0.35294117647058826,0.3529411764705882,0.0,0.0,7,0.7586206896551724,0,0.2542372881355932,0.27522935779816504,0.2542372881355932,0.0,0.009708737864077669,66,0.2826086956521739,0.0,0,0,S1-47499804,S2-38748808,S2,0
0,0.2222222222222222,0.27777777777777773,0.2777777777777778,0.0,0.0,10,0.5652173913043478,0,0.4067796610169492,0.3728813559322034,0.3728813559322034,0.0,0.018518518518518517,3,0.9032258064516129,0.0,1,0,S1-866722246,S3-690110836,S3,0
0,0.29166666666666663,0.29166666666666674,0.29166666666666663,0.0,0.0,4,0.8461538461538461,0,0.36363636363636365,0.36363636363636365,0.36363636363636365,0.0,0.016666666666666666,10,0.7368421052631579,0.0,1,0,S1-207608616,S2-55456490,S2,0
0,0.21052631578947367,0.26315789473684204,0.26315789473684215,0.0,0.0,2,0.9,0,0.32352941176470584,0.5294117647058824,0.5294117647058824,0.0,0.08620689655172414,6,0.8378378378378378,0.0,1,0,S1-903303475,S3-872559960,S3,0
0,0.11111111111111116,0.125,0.11111111111111116,0.0,0.0,6,0.8,0,0.388235294117647,0.4,0.388235294117647,0.0,0.016,22,0.7708333333333334,0.0,1,0,S1-590853104,S3-79462472,S3,0
0,0.26086956521739135,0.21739130434782608,0.21739130434782605,0.0,0.0,20,0.3939393939393939,0,0.3157894736842105,0.3673469387755102,0.38596491228070173,0.0,0.0,5,0.8387096774193549,0.0,0,0,S1-722155050,S3-274205044,S3,0
0,0.36363636363636365,0.36363636363636365,0.36363636363636365,0.0,0.0,2,0.8333333333333334,0,0.29333333333333333,0.34666666666666673,0.34666666666666673,0.0,0.0,23,0.5306122448979592,0.0,0,0,S1-650433440,S3-819532065,S3,0
0,0.36734693877551017,0.3673469387755102,0.36734693877551017,0.0,0.022727272727272728,21,0.4,0,0.3116883116883117,0.33766233766233766,0.33766233766233766,0.0,0.013888888888888888,5,0.8780487804878049,0.0,1,0,S1-874991209,S2-679093622,S2,0
0,0.31746031746031744,0.38095238095238093,0.38095238095238093,0.0,0.017241379310344827,5,0.8529411764705882,0,0.29824561403508776,0.3653846153846154,0.33333333333333337,0.0,0.020833333333333332,44,0.4430379746835443,0.0,0,0,S1-291440258,S2-373340861,S2,0
0,0.33333333333333337,0.33333333333333326,0.33333333333333337,0.0,0.0,18,0.5,0,0.26027397260273977,0.2602739726027397,0.26027397260273977,0.0,0.014598540145985401,80,0.2920353982300885,0.0,0,0,S1-291449744,S2-43490638,S2,0
0,0.3448275862068966,0.2758620689655173,0.27586206896551724,0.0,0.0,5,0.7058823529411765,0,0.36363636363636365,0.3272727272727273,0.32727272727272727,0.0,0.0,5,0.8333333333333334,0.0,1,0,S1-639567885,S2-777383633,S2,0
0,0.38095238095238093,0.33333333333333326,0.33333333333333337,0.0,0.02702702702702703,12,0.5555555555555556,0,0.326530612244898,0.3673469387755102,0.36734693877551017,0.0,0.03296703296703297,24,0.6065573770491803,0.0,0,0,S1-316243658,S2-285377809,S2,0
0,0.25531914893617025,0.2553191489361703,0.25531914893617025,0.0,0.0,15,0.5161290322580645,0,0.36170212765957444,0.3516483516483517,0.34042553191489366,0.0,0.011627906976744186,18,0.6785714285714286,0.0,0,0,S1-14209366,S3-507053999,S3,0
0,0.23529411764705888,0.23529411764705885,0.23529411764705888,0.0,0.0,1,0.9615384615384616,0,0.36111111111111116,0.33333333333333326,0.33333333333333337,0.0,0.014925373134328358,14,0.6744186046511628,0.0,1,0,S1-160847786,S3-965138866,S3,0
0,0.42553191489361697,0.3404255319148936,0.34042553191489366,0.0,0.0,3,0.88,0,0.3047619047619048,0.31067961165048547,0.3047619047619048,0.0,0.010416666666666666,41,0.4383561643835616,0.0,1,0,S1-184785943,S3-642612299,S3,0
0,0.41666666666666663,0.375,0.375,0.0,0.023255813953488372,10,0.6551724137931034,0,0.21875,0.28125,0.28125,0.0,0.0,12,0.6842105263157895,0.0,1,0,S1-851895379,S3-413496895,S3,0
0,0.3529411764705882,0.2941176470588235,0.2941176470588235,0.0,0.0,6,0.7,0,0.30927835051546393,0.3516483516483517,0.3298969072164949,0.0,0.023255813953488372,43,0.38571428571428573,0.0,0,0,S1-214430039,S2-464831817,S2,0
0,0.36363636363636365,0.3181818181818181,0.31818181818181823,0.0,0.0,14,0.5172413793103449,0,0.28260869565217395,0.2826086956521739,0.28260869565217395,0.0,0.0,38,0.4153846153846154,0.0,0,0,S1-574820361,S2-508371670,S2,0
0,0.4242424242424242,0.45454545454545453,0.4545454545454546,0.0,0.01639344262295082,2,0.9411764705882353,0,0.2828282828282829,0.26086956521739124,0.26262626262626265,0.0,0.022988505747126436,41,0.4142857142857143,0.0,0,0,S1-179944265,S3-496567883,S3,0
0,0.3157894736842105,0.3508771929824562,0.3508771929824561,0.0,0.06,17,0.5405405405405406,0,0.3119266055045872,0.33027522935779813,0.29357798165137616,0.058823529411764705,0.052083333333333336,55,0.32926829268292684,0.0,0,0,S1-974111854,S2-677618114,S2,0
0,0.2807017543859649,0.28070175438596495,0.2807017543859649,0.0,0.0,23,0.425,0,0.40625,0.46875,0.46875,0.0,0.0,4,0.8823529411764706,0.0,1,0,S1-961977853,S2-550491925,S2,0
0,0.3589743589743589,0.25641025641025633,0.2564102564102564,0.0,0.0,5,0.7727272727272727,0,0.3835616438356164,0.410958904109589,0.410958904109589,0.0,0.015384615384615385,11,0.7380952380952381,0.0,1,0,S1-717334907,S3-710594150,S3,0
0,0.2295081967213115,0.26229508196721313,0.2622950819672131,0.0,0.0,13,0.6486486486486487,0,0.25531914893617025,0.2695035460992908,0.2695035460992907,0.0,0.007575757575757576,71,0.330188679245283,0.0,0,0,S1-903278810,S2-891252813,S2,0
0,0.48275862068965514,0.2758620689655173,0.27586206896551724,0.0,0.0,7,0.6111111111111112,0,0.0,0.0,0.0,0.0,0.0,29,0.0,0.0,1,0,S1-909619858,S2-884313963,S2,0
0,0.2222222222222222,0.2222222222222223,0.2222222222222222,0.0,0.0,6,0.7142857142857143,0,0.3116883116883117,0.31168831168831174,0.3116883116883117,0.0,0.0,23,0.54,0.0,1,0,S1-645230030,S3-153941447,S3,0
0,0.24390243902439024,0.24390243902439024,0.24390243902439024,0.0,0.0,15,0.4642857142857143,0,0.3298969072164949,0.35294117647058826,0.30927835051546393,0.0,0.012345679012345678,19,0.6724137931034483,0.0,0,0,S1-453565466,S2-481818484,S2,0
0,0.34782608695652173,0.21739130434782608,0.21739130434782605,0.0,0.0,6,0.7692307692307693,0,0.28865979381443296,0.345679012345679,0.28865979381443296,0.0,0.0,45,0.36619718309859156,0.0,0,0,S1-309752000,S3-818579995,S3,0
0,0.31818181818181823,0.3181818181818181,0.31818181818181823,0.0,0.0,2,0.9130434782608695,0,0.25,0.28333333333333327,0.2833333333333333,0.0,0.0,56,0.36363636363636365,0.0,0,0,S1-155900175,S2-306949188,S2,0
0,0.3111111111111111,0.3111111111111111,0.3111111111111111,0.0,0.0,11,0.6071428571428571,0,0.28205128205128205,0.3076923076923077,0.3076923076923077,0.0,0.014492753623188406,10,0.7727272727272727,0.0,1,0,S1-637002774,S3-182295598,S3,0
0,0.2727272727272727,0.2380952380952381,0.2272727272727273,0.0,0.0,14,0.5172413793103449,0,0.410958904109589,0.4383561643835616,0.4383561643835616,0.0,0.014705882352941176,9,0.7804878048780488,0.0,1,0,S1-476082511,S3-281256436,S3,0
0,0.16666666666666663,0.1785714285714286,0.16666666666666663,0.0,0.0,10,0.7142857142857143,0,0.3013698630136986,0.3013698630136986,0.3013698630136986,0.0,0.0,7,0.825,0.0,0,0,S1-145810178,S2-757313426,S2,0
0,0.3214285714285714,0.3076923076923077,0.2857142857142857,0.0,0.0,0,1.0,0,0.23684210526315785,0.2941176470588235,0.2894736842105263,0.0,0.0,22,0.5510204081632653,0.0,0,0,S1-414560471,S3-430209411,S3,0
0,0.3076923076923077,0.2692307692307692,0.2692307692307693,0.0,0.0,18,0.4857142857142857,0,0.29508196721311475,0.26229508196721313,0.2622950819672131,0.0,0.0,1,0.967741935483871,0.0,1,0,S1-501432713,S3-117173610,S3,0
0,0.33333333333333337,0.33333333333333326,0.33333333333333337,0.0,0.0,8,0.68,0,0.4358974358974359,0.3846153846153846,0.3846153846153846,0.0,0.05714285714285714,2,0.95,0.0,1,0,S1-818997474,S3-776359303,S3,0
0,0.3555555555555555,0.4,0.4,0.0,0.025,11,0.6071428571428571,0,0.3392857142857143,0.3392857142857143,0.3392857142857143,0.0,0.009523809523809525,36,0.5135135135135135,0.0,0,0,S1-208176943,S2-303388787,S2,0
0,0.48,0.5384615384615384,0.43999999999999995,0.16666666666666666,0.15,12,0.6129032258064516,0,0.3307086614173228,0.3826086956521739,0.3779527559055118,0.0,0.02727272727272727,9,0.8676470588235294,0.0,1,0,S1-570965192,S3-309663849,S3,0
0,0.3529411764705882,0.3414634146341463,0.3529411764705882,0.0,0.0,3,0.8888888888888888,0,0.3370786516853933,0.33734939759036137,0.3370786516853933,0.0,0.013157894736842105,21,0.6181818181818182,0.0,0,0,S1-579167675,S2-26846529,S2,0
0,0.07692307692307687,0.08,0.07692307692307687,0.0,0.0,20,0.4444444444444444,0,0.273972602739726,0.27397260273972607,0.273972602739726,0.0,0.0,21,0.5531914893617021,0.0,0,0,S1-927289464,S3-959308868,S3,0
0,0.31818181818181823,0.36363636363636365,0.36363636363636365,0.0,0.0,8,0.6923076923076923,0,0.0,0.0,0.0,0.0,0.0,34,0.0,0.0,1,0,S1-605870796,S2-107623984,S2,0
0,0.27586206896551724,0.2692307692307692,0.31034482758620685,0.0,0.0,22,0.45,0,0.30645161290322576,0.34615384615384615,0.32258064516129037,0.0,0.022222222222222223,44,0.47619047619047616,0.0,0,0,S1-896855148,S2-55353154,S2,0
0,0.34615384615384615,0.3076923076923077,0.3076923076923077,0.0,0.02127659574468085,2,0.9259259259259259,0,0.417910447761194,0.41791044776119407,0.32835820895522383,0.1111111111111111,0.06779661016949153,13,0.675,0.0,1,0,S1-689893242,S3-806081881,S3,0
0,0.34042553191489366,0.29787234042553196,0.2978723404255319,0.0,0.0,3,0.88,0,0.33333333333333337,0.38095238095238093,0.38095238095238093,0.0,0.0136986301369863,8,0.8260869565217391,0.0,1,0,S1-142683289,S3-947839618,S3,0
0,0.2666666666666667,0.2666666666666667,0.2666666666666667,0.0,0.0,8,0.5789473684210527,0,0.2921348314606742,0.40449438202247195,0.40449438202247184,0.0,0.0,29,0.5084745762711864,0.0,0,0,S1-720944507,S2-32685165,S2,0
0,0.32835820895522383,0.3283582089552239,0.32835820895522383,0.0,0.0,1,0.9705882352941176,0,0.32307692307692304,0.35384615384615387,0.3538461538461538,0.0,0.017241379310344827,46,0.4772727272727273,0.0,0,0,S1-758896400,S2-184964517,S2,0
0,0.31034482758620685,0.2758620689655173,0.27586206896551724,0.0,0.0,4,0.8709677419354839,0,0.29268292682926833,0.3414634146341463,0.3414634146341463,0.0,0.0,18,0.64,0.0,0,0,S1-515680637,S3-402446162,S3,0
0,0.339622641509434,0.3137254901960784,0.30188679245283023,0.0,0.0,5,0.8275862068965517,0,0.34210526315789463,0.3421052631578948,0.34210526315789463,0.0,0.014084507042253521,16,0.6521739130434783,0.0,1,0,S1-15427076,S3-239832857,S3,0
0,0.3555555555555555,0.35555555555555557,0.3555555555555555,0.0,0.0,1,0.9565217391304348,0,0.26086956521739135,0.318840579710145,0.3188405797101449,0.0,0.0,9,0.7692307692307693,0.0,1,0,S1-22587951,S3-674959572,S3,0
0,0.326530612244898,0.3265306122448979,0.326530612244898,0.0,0.0,7,0.75,0,0.32432432432432434,0.3513513513513513,0.3513513513513513,0.0,0.0,2,0.9473684210526315,0.0,1,0,S1-59179431,S3-683603090,S3,0
0,0.36734693877551017,0.3673469387755102,0.36734693877551017,0.0,0.022727272727272728,13,0.5806451612903226,0,0.4,0.43333333333333335,0.43333333333333335,0.0,0.037037037037037035,12,0.6666666666666666,0.0,1,0,S1-489947830,S2-611722696,S2,0
0,0.2727272727272727,0.27272727272727265,0.2727272727272727,0.0,0.02564102564102564,20,0.375,0,0.28301886792452835,0.29545454545454547,0.30188679245283023,0.0,0.012048192771084338,40,0.4520547945205479,0.0,0,0,S1-494192576,S3-217980645,S3,0
0,0.33333333333333337,0.4,0.4,0.0,0.0,10,0.5,0,0.3880597014925373,0.3582089552238806,0.35820895522388063,0.0,0.016129032258064516,13,0.675,0.0,1,0,S1-479941248,S2-755642989,S2,0
0,0.25806451612903225,0.19354838709677424,0.19354838709677424,0.0,0.0,19,0.24,0,0.31666666666666665,0.34545454545454546,0.31666666666666665,0.0,0.02857142857142857,36,0.5384615384615384,0.0,0,0,S1-68689017,S3-128314530,S3,0
0,0.4242424242424242,0.3214285714285714,0.33333333333333337,0.0,0.0,6,0.8333333333333334,0,0.2857142857142857,0.3177570093457943,0.3035714285714286,0.0,0.009900990099009901,30,0.5774647887323944,0.0,0,0,S1-266480900,S2-89267589,S2,0
0,0.31746031746031744,0.4230769230769231,0.38095238095238093,0.0,0.0,11,0.7027027027027027,0,0.0,0.0,0.0,0.0,0.0,29,0.0,0.0,0,0,S1-791455677,S2-964376376,S2,0
0,0.631578947368421,0.8070175438596491,0.7719298245614035,0.3333333333333333,0.43243243243243246,5,0.8387096774193549,0,0.39130434782608686,0.4094488188976378,0.42028985507246375,0.0,0.042735042735042736,30,0.6428571428571429,0.0,1,0,S1-159552950,S2-265959335,S2,0
0,0.375,0.29166666666666674,0.29166666666666663,0.0,0.0,0,1.0,0,0.23423423423423428,0.27027027027027034,0.2702702702702703,0.0,0.019230769230769232,49,0.3875,0.0,0,0,S1-666276137,S2-497355107,S2,0
0,0.3157894736842105,0.28070175438596495,0.2807017543859649,0.0,0.0,19,0.5,0,0.3529411764705882,0.38235294117647056,0.38235294117647056,0.0,0.0,2,0.9428571428571428,0.0,1,0,S1-612072805,S2-710923571,S2,0
0,0.38095238095238093,0.38095238095238093,0.38095238095238093,0.0,0.0,2,0.9090909090909091,0,0.3835616438356164,0.3561643835616438,0.3561643835616438,0.0,0.014705882352941176,25,0.4897959183673469,0.0,1,0,S1-672008361,S3-732085021,S3,0
0,0.15384615384615385,0.15384615384615385,0.15384615384615385,0.0,0.0,12,0.3684210526315789,0,0.4117647058823529,0.4411764705882353,0.4411764705882353,0.0,0.0,14,0.6585365853658537,0.0,1,0,S1-109835809,S2-575090652,S2,0
0,0.2222222222222222,0.3703703703703704,0.3703703703703704,0.0,0.0,5,0.6875,0,0.3137254901960784,0.33333333333333326,0.33333333333333337,0.0,0.0,28,0.5692307692307692,0.0,0,0,S1-338562196,S3-596175380,S3,0
0,0.19999999999999996,0.2,0.19999999999999996,0.0,0.0,2,0.8181818181818182,0,0.4705882352941176,0.4705882352941177,0.32352941176470584,0.09090909090909091,0.10526315789473684,6,0.8378378378378378,0.0,1,0,S1-87305922,S3-469521001,S3,0
0,0.23529411764705888,0.23529411764705885,0.23529411764705888,0.0,0.0,12,0.4782608695652174,0,0.33898305084745756,0.30508474576271183,0.30508474576271183,0.0,0.0,5,0.84375,0.0,1,0,S1-45065933,S2-557340688,S2,0
0,0.33333333333333337,0.3703703703703704,0.3703703703703704,0.0,0.0,6,0.8,0,0.24778761061946908,0.3137254901960784,0.2831858407079646,0.0,0.02,47,0.4125,0.0,0,0,S1-149338428,S2-336891411,S2,0
0,0.3589743589743589,0.3076923076923077,0.3076923076923077,0.0,0.0,1,0.95,0,0.2264150943396226,0.3018867924528301,0.30188679245283023,0.0,0.0,3,0.8928571428571429,0.0,1,0,S1-135081306,S2-730141099,S2,0
0,0.3846153846153846,0.2307692307692308,0.23076923076923073,0.0,0.0,6,0.625,0,0.33333333333333337,0.40476190476190477,0.40476190476190477,0.0,0.0,16,0.68,0.0,1,0,S1-899739722,S3-788386696,S3,0
0,0.4117647058823529,0.38235294117647056,0.38235294117647056,0.0,0.016666666666666666,12,0.7,0,0.28260869565217395,0.2666666666666667,0.26086956521739135,0.0,0.0,36,0.4375,0.0,1,0,S1-82658981,S3-318058217,S3,0
0,0.2857142857142857,0.2857142857142857,0.2857142857142857,0.0,0.0,2,0.9090909090909091,0,0.3380281690140845,0.39436619718309857,0.3943661971830986,0.0,0.015151515151515152,5,0.868421052631579,0.0,1,0,S1-768255703,S3-148911289,S3,0
0,0.11111111111111116,0.13043478260869562,0.11111111111111116,0.0,0.0,2,0.9285714285714286,0,0.31999999999999995,0.4,0.4,0.0,0.010638297872340425,20,0.6666666666666666,0.0,0,0,S1-264790469,S2-892381410,S2,0
0,0.3589743589743589,0.358974358974359,0.3589743589743589,0.0,0.029411764705882353,11,0.56,0,0.3896103896103897,0.33766233766233766,0.33766233766233766,0.0,0.028985507246376812,1,0.9743589743589743,0.0,1,0,S1-847257349,S3-405746099,S3,0
0,0.19999999999999996,0.24,0.24,0.0,0.0,12,0.6129032258064516,0,0.37254901960784315,0.3921568627450981,0.3921568627450981,0.0,0.0,14,0.7586206896551724,0.0,0,0,S1-332296866,S3-585247725,S3,0
0,0.3703703703703704,0.33333333333333326,0.33333333333333337,0.0,0.0,14,0.5882352941176471,0,0.4590163934426229,0.4918032786885246,0.4918032786885246,0.0,0.01818181818181818,5,0.8484848484848485,0.0,1,0,S1-625359775,S2-209665546,S2,0
0,0.2978723404255319,0.29787234042553196,0.2978723404255319,0.0,0.0,1,0.9583333333333334,0,0.2647058823529411,0.32352941176470595,0.32352941176470584,0.0,0.016129032258064516,16,0.6190476190476191,0.0,0,0,S1-342631812,S3-249299823,S3,0
0,0.33333333333333337,0.33333333333333326,0.33333333333333337,0.0,0.02127659574468085,12,0.6363636363636364,0,0.3076923076923077,0.3076923076923077,0.3076923076923077,0.0,0.016666666666666666,5,0.8571428571428571,0.0,1,0,S1-287198012,S2-788682926,S2,0
0,0.40816326530612246,0.3265306122448979,0.326530612244898,0.0,0.046511627906976744,19,0.4411764705882353,0,0.35820895522388063,0.44776119402985076,0.44776119402985076,0.0,0.05,11,0.717948717948718,0.0,1,0,S1-458140559,S2-655682601,S2,0
0,0.2666666666666667,0.33333333333333326,0.33333333333333337,0.0,0.0,6,0.6666666666666666,0,0.2941176470588235,0.411764705882353,0.4117647058823529,0.0,0.0,4,0.8888888888888888,0.0,1,0,S1-123264510,S3-601660536,S3,0
0,0.5161290322580645,0.5161290322580645,0.32258064516129037,0.2,0.08,3,0.8235294117647058,0,0.5625,0.5,0.5,0.1,0.1320754716981132,2,0.9393939393939394,0.0,1,0,S1-660321395,S2-1550441,S2,0
0,0.19999999999999996,0.25,0.25,0.0,0.0,22,0.2903225806451613,0,0.4,0.44776119402985076,0.42352941176470593,0.0,0.015873015873015872,23,0.5740740740740741,0.0,0,0,S1-115271395,S3-469521001,S3,0
0,0.30434782608695654,0.30434782608695654,0.30434782608695654,0.0,0.0,4,0.84,0,0.3529411764705882,0.38235294117647056,0.38235294117647056,0.0,0.01639344262295082,10,0.7435897435897436,0.0,1,0,S1-598829178,S3-405746099,S3,0
0,0.32258064516129037,0.2258064516129032,0.22580645161290325,0.0,0.0,26,0.4090909090909091,0,0.3119266055045872,0.3177570093457943,0.3302752293577982,0.0,0.0,29,0.5797101449275363,0.0,0,0,S1-751495380,S3-753127464,S3,0
0,0.3157894736842105,0.23529411764705885,0.26315789473684215,0.0,0.0,12,0.52,0,0.21818181818181814,0.36363636363636365,0.36363636363636365,0.0,0.0,1,0.9642857142857143,0.0,1,0,S1-339818775,S2-460771374,S2,0
0,0.2790697674418605,0.23255813953488372,0.23255813953488372,0.0,0.0,3,0.8695652173913043,0,0.3013698630136986,0.3076923076923077,0.3013698630136986,0.0,0.0,33,0.37735849056603776,0.0,0,0,S1-50607553,S2-827313926,S2,0
0,0.430379746835443,0.4415584415584416,0.430379746835443,0.0,0.028169014084507043,9,0.7954545454545454,0,0.36923076923076925,0.3692307692307692,0.36923076923076925,0.0,0.0,9,0.7567567567567568,0.0,1,0,S1-599136038,S3-26312400,S3,0
0,0.3728813559322034,0.33898305084745756,0.33898305084745756,0.0,0.0,9,0.7352941176470589,0,0.33333333333333337,0.3578947368421052,0.3529411764705882,0.0,0.0,32,0.5223880597014925,0.0,0,0,S1-427502778,S3-139739301,S3,0
0,0.36363636363636365,0.3181818181818181,0.31818181818181823,0.0,0.02564102564102564,8,0.6923076923076923,0,0.2564102564102564,0.33333333333333326,0.3076923076923077,0.0,0.0,30,0.4444444444444444,0.0,0,0,S1-531191263,S2-962061970,S2,0
0,0.16666666666666663,0.1666666666666667,0.16666666666666663,0.0,0.0,0,1.0,0,0.4444444444444444,0.5111111111111112,0.4444444444444444,0.07692307692307693,0.075,16,0.6981132075471698,0.0,1,0,S1-959289437,S3-583885205,S3,0
0,0.375,0.33333333333333326,0.33333333333333337,0.0,0.023255813953488372,8,0.7142857142857143,0,0.2823529411764706,0.3294117647058823,0.3294117647058824,0.0,0.0,1,0.9767441860465116,0.0,0,0,S1-736754426,S2-89138628,S2,0
0,0.09523809523809523,0.10526315789473685,0.09523809523809523,0.0,0.0,7,0.8,0,0.30000000000000004,0.3370786516853933,0.30000000000000004,0.0,0.0,48,0.35135135135135137,0.0,0,0,S1-924229836,S3-788881192,S3,0
0,0.4126984126984127,0.4761904761904762,0.38095238095238093,0.1111111111111111,0.05357142857142857,11,0.7027027027027027,0,0.31746031746031744,0.34920634920634924,0.3492063492063492,0.0,0.0,7,0.8,0.0,1,0,S1-161171371,S2-480164849,S2,0
0,0.19999999999999996,0.21739130434782608,0.19999999999999996,0.0,0.0,12,0.6129032258064516,0,0.28148148148148144,0.2790697674418605,0.2666666666666667,0.0,0.008264462809917356,65,0.35,0.0,0,0,S1-776907659,S3-786793824,S3,0
0,0.27586206896551724,0.2758620689655173,0.27586206896551724,0.0,0.0,5,0.7058823529411765,0,0.29885057471264365,0.3448275862068965,0.3448275862068966,0.0,0.012195121951219513,23,0.5818181818181818,0.0,1,0,S1-753655123,S3-287644101,S3,0
0,0.2807017543859649,0.31578947368421056,0.3157894736842105,0.0,0.0,19,0.5,0,0.375,0.375,0.375,0.0,0.0,12,0.6842105263157895,0.0,1,0,S1-303273153,S3-564713037,S3,0
0,0.3111111111111111,0.3111111111111111,0.3111111111111111,0.0,0.0,13,0.5517241379310345,0,0.26016260162601623,0.26016260162601623,0.26016260162601623,0.0,0.0,71,0.26804123711340205,0.0,0,0,S1-407500494,S2-99025101,S2,0
0,0.27586206896551724,0.3448275862068965,0.3448275862068966,0.0,0.0,20,0.48717948717948717,0,0.3928571428571429,0.39285714285714285,0.3928571428571429,0.0,0.04,0,1.0,0.0,1,0,S1-213466277,S2-711151910,S2,0
0,0.3157894736842105,0.368421052631579,0.368421052631579,0.0,0.014492753623188406,10,0.7674418604651163,0,0.2857142857142857,0.33333333333333326,0.33333333333333337,0.0,0.0,16,0.4482758620689655,0.0,0,0,S1-804210432,S3-408699026,S3,0
0,0.26315789473684215,0.26315789473684204,0.26315789473684215,0.0,0.0,10,0.5833333333333334,0,0.27826086956521734,0.33684210526315794,0.31304347826086953,0.0,0.0,45,0.4375,0.0,0,0,S1-193825619,S2-392848958,S2,0
0,0.2857142857142857,0.22857142857142862,0.22857142857142854,0.0,0.0,21,0.25,0,0.24347826086956526,0.2666666666666667,0.26086956521739135,0.0,0.0,59,0.3218390804597701,0.0,0,0,S1-533051470,S2-208831921,S2,0
0,0.303030303030303,0.303030303030303,0.303030303030303,0.0,0.0,3,0.8333333333333334,0,0.3580246913580247,0.3354838709677419,0.32098765432098764,0.0,0.02040816326530612,24,0.7419354838709677,0.0,1,0,S1-887359870,S3-753127464,S3,0
0,0.30188679245283023,0.2641509433962264,0.26415094339622647,0.0,0.0,3,0.8928571428571429,0,0.32258064516129037,0.3870967741935484,0.3870967741935484,0.0,0.0,2,0.9375,0.0,1,0,S1-716997516,S2-204672167,S2,0
0,0.5714285714285714,0.5714285714285715,0.5714285714285714,0.0,0.0,5,0.6153846153846154,0,0.2432432432432432,0.27027027027027034,0.2702702702702703,0.0,0.0,26,0.48,0.0,0,0,S1-303054601,S2-626350185,S2,0
0,0.3703703703703704,0.33333333333333326,0.33333333333333337,0.0,0.0,8,0.7419354838709677,0,0.2990654205607477,0.2803738317757009,0.28037383177570097,0.0,0.030303030303030304,43,0.4266666666666667,0.0,0,0,S1-754662493,S2-829894610,S2,0
0,0.2807017543859649,0.28070175438596495,0.2807017543859649,0.0,0.0,15,0.5833333333333334,0,0.39344262295081966,0.36065573770491804,0.36065573770491793,0.0,0.017857142857142856,5,0.8484848484848485,0.0,1,0,S1-255262879,S3-730691663,S3,0
0,0.32558139534883723,0.303030303030303,0.32558139534883723,0.0,0.0,11,0.5925925925925926,0,0.36923076923076925,0.4615384615384615,0.36923076923076925,0.1,0.09615384615384616,3,0.9117647058823529,0.0,1,0,S1-702795593,S2-26846529,S2,0
0,0.18181818181818177,0.18181818181818188,0.18181818181818177,0.0,0.0,19,0.2692307692307692,0,0.4,0.4,0.4,0.0,0.0,3,0.9117647058823529,0.0,1,0,S1-386162934,S3-307371430,S3,0
0,0.43137254901960786,0.3921568627450981,0.3921568627450981,0.0,0.021739130434782608,15,0.5454545454545454,0,0.3047619047619048,0.3495145631067962,0.34285714285714286,0.0,0.0,7,0.875,0.0,0,0,S1-373054382,S2-336524861,S2,0
0,0.64,0.7894736842105263,0.6,0.3333333333333333,0.4375,4,0.8518518518518519,0,0.33613445378151263,0.29545454545454547,0.31932773109243695,0.0,0.011494252873563218,15,0.7761194029850746,0.0,1,0,S1-109520461,S2-475647561,S2,0
0,0.3076923076923077,0.25641025641025633,0.2564102564102564,0.0,0.0,13,0.5,0,0.32727272727272727,0.29090909090909095,0.2909090909090909,0.0,0.0196078431372549,54,0.34146341463414637,0.0,0,0,S1-147099608,S2-473238965,S2,0
0,0.326530612244898,0.2857142857142857,0.2857142857142857,0.0,0.0,13,0.5806451612903226,0,0.33684210526315794,0.31460674157303375,0.3157894736842105,0.0,0.011627906976744186,25,0.5833333333333334,0.0,0,0,S1-214114777,S2-891274748,S2,0
0,0.31999999999999995,0.36,0.36,0.0,0.022222222222222223,10,0.6666666666666666,0,0.25225225225225223,0.38,0.3423423423423423,0.0,0.041666666666666664,49,0.3875,0.0,0,0,S1-64734995,S2-336891411,S2,0
0,0.2777777777777778,0.27777777777777773,0.2777777777777778,0.0,0.0,6,0.7142857142857143,0,0.40963855421686746,0.4358974358974359,0.3855421686746988,0.08333333333333333,0.056338028169014086,1,0.9761904761904762,0.0,1,0,S1-79862673,S3-92486901,S3,0
0,0.30508474576271183,0.4067796610169491,0.4067796610169492,0.0,0.0,1,0.9666666666666667,0,0.375,0.375,0.375,0.0,0.09090909090909091,6,0.8285714285714286,0.0,1,0,S1-316768007,S2-399136535,S2,0
0,0.2727272727272727,0.3181818181818181,0.31818181818181823,0.0,0.0,0,1.0,0,0.32258064516129037,0.27956989247311825,0.27956989247311825,0.0,0.011494252873563218,37,0.4307692307692308,0.0,0,0,S1-169963246,S2-54344989,S2,0
0,0.4444444444444444,0.4444444444444444,0.4126984126984127,0.14285714285714285,0.11320754716981132,9,0.75,0,0.3650793650793651,0.35593220338983045,0.39682539682539686,0.0,0.0,8,0.8805970149253731,0.0,1,0,S1-84455528,S3-257942996,S3,0
0,0.4242424242424242,0.303030303030303,0.303030303030303,0.0,0.03571428571428571,7,0.65,0,0.43478260869565216,0.463768115942029,0.46376811594202894,0.0,0.04918032786885246,5,0.8648648648648649,0.0,1,0,S1-239984662,S3-491916558,S3,0
0,0.1875,0.1875,0.1875,0.0,0.0,2,0.8823529411764706,0,0.2666666666666667,0.23333333333333328,0.23333333333333328,0.0,0.0,4,0.875,0.0,1,0,S1-91926422,S2-293242566,S2,0
0,0.16216216216216217,0.16216216216216212,0.16216216216216217,0.0,0.0,15,0.4230769230769231,0,0.26315789473684215,0.29310344827586204,0.25,0.0,0.0,84,0.288135593220339,0.0,0,0,S1-795348359,S2-423971590,S2,0
0,0.24489795918367352,0.2857142857142857,0.2857142857142857,0.0,0.022727272727272728,1,0.96,0,0.26315789473684215,0.27027027027027034,0.26315789473684215,0.0,0.0,56,0.3411764705882353,0.0,0,0,S1-87058908,S3-656974251,S3,0
0,0.28,0.24,0.24,0.0,0.022222222222222223,18,0.47058823529411764,0,0.28301886792452835,0.3018867924528301,0.30188679245283023,0.0,0.0,42,0.43243243243243246,0.0,0,0,S1-411723795,S2-150715610,S2,0
0,0.2162162162162162,0.21621621621621628,0.2162162162162162,0.0,0.0,3,0.85,0,0.339622641509434,0.3018867924528301,0.30188679245283023,0.0,0.0,13,0.6060606060606061,0.0,1,0,S1-183148106,S2-432379322,S2,0
0,0.3137254901960784,0.35294117647058826,0.3529411764705882,0.0,0.0,5,0.8214285714285714,0,0.36923076923076925,0.3076923076923077,0.3076923076923077,0.0,0.0,7,0.8055555555555556,0.0,1,0,S1-920194962,S3-683603090,S3,0
0,0.5172413793103448,0.3448275862068965,0.3448275862068966,0.0,0.019230769230769232,2,0.9333333333333333,0,0.368,0.3902439024390244,0.384,0.045454545454545456,0.00847457627118644,11,0.8382352941176471,0.0,1,0,S1-611942701,S3-663886690,S3,0
0,0.3728813559322034,0.33898305084745756,0.33898305084745756,0.0,0.0,13,0.6388888888888888,0,0.35502958579881666,0.4197530864197531,0.3905325443786982,0.041666666666666664,0.026143790849673203,21,0.7789473684210526,0.0,1,0,S1-918747337,S2-339435606,S2,0
0,0.04651162790697672,0.05128205128205124,0.04651162790697672,0.0,0.0,17,0.43333333333333335,0,0.26277372262773724,0.3114754098360656,0.2773722627737226,0.0,0.02608695652173913,69,0.3300970873786408,0.0,0,0,S1-276620420,S2-480996319,S2,0
0,0.26315789473684215,0.3421052631578948,0.34210526315789463,0.0,0.0,36,0.35714285714285715,0,0.2857142857142857,0.32,0.31999999999999995,0.0,0.012195121951219513,87,0.33587786259541985,0.0,0,0,S1-229914052,S3-819973495,S3,0
0,0.3555555555555555,0.2222222222222223,0.2222222222222222,0.0,0.0,11,0.6071428571428571,0,0.40540540540540543,0.3783783783783784,0.3783783783783784,0.0,0.0,2,0.9473684210526315,0.0,1,0,S1-844645543,S3-503244997,S3,0
0,0.23529411764705888,0.23529411764705885,0.23529411764705888,0.0,0.0,4,0.7894736842105263,0,0.2272727272727273,0.33333333333333326,0.31818181818181823,0.0,0.013333333333333334,24,0.5714285714285714,0.0,0,0,S1-424466290,S3-951385217,S3,0
0,0.2564102564102564,0.25641025641025633,0.2564102564102564,0.0,0.0,13,0.5,0,0.32692307692307687,0.34615384615384615,0.34615384615384615,0.0,0.010309278350515464,20,0.6774193548387096,0.2,0,0,S1-493578120,S3-69555495,S3,0
0,0.18181818181818177,0.2424242424242425,0.24242424242424243,0.0,0.0,17,0.32,0,0.2941176470588235,0.29473684210526313,0.3137254901960784,0.0,0.011111111111111112,32,0.5223880597014925,0.0,0,0,S1-848444845,S3-139739301,S3,0
0,0.2857142857142857,0.3571428571428571,0.3571428571428571,0.0,0.0,6,0.6470588235294118,0,0.38095238095238093,0.41269841269841273,0.4126984126984127,0.0,0.0,5,0.8529411764705882,0.0,1,0,S1-967511318,S3-602139367,S3,0
0,0.3544303797468354,0.4415584415584416,0.430379746835443,0.0,0.013888888888888888,9,0.7954545454545454,0,0.24390243902439024,0.2926829268292683,0.29268292682926833,0.0,0.0,26,0.5185185185185185,0.0,0,0,S1-385646355,S3-26312400,S3,0
0,0.21739130434782605,0.21739130434782608,0.21739130434782605,0.0,0.0,8,0.7037037037037037,0,0.34042553191489366,0.3829787234042554,0.3829787234042554,0.0,0.022727272727272728,30,0.5161290322580645,0.0,0,0,S1-446123592,S2-320527259,S2,0
0,0.04651162790697672,0.054054054054054036,0.04651162790697672,0.0,0.0,27,0.22857142857142856,0,0.4043715846994536,0.4357541899441341,0.42622950819672134,0.037037037037037035,0.054878048780487805,9,0.90625,0.0,1,0,S1-363657379,S2-824845379,S2,0
0,0.33333333333333337,0.3703703703703704,0.3703703703703704,0.0,0.02040816326530612,14,0.5882352941176471,0,0.29032258064516125,0.2580645161290323,0.25806451612903225,0.0,0.018867924528301886,8,0.7714285714285715,0.0,1,0,S1-945197591,S2-150011791,S2,0
0,0.31999999999999995,0.32,0.31999999999999995,0.0,0.0,18,0.47058823529411764,0,0.3157894736842105,0.3859649122807018,0.38596491228070173,0.0,0.019230769230769232,1,0.9655172413793104,0.0,1,0,S1-834204087,S2-209665546,S2,0
0,0.4,0.36666666666666664,0.3666666666666667,0.0,0.0,16,0.5789473684210527,0,0.30000000000000004,0.37606837606837606,0.35,0.038461538461538464,0.008849557522123894,6,0.9047619047619048,0.0,1,0,S1-94965545,S2-408379315,S2,0
0,0.29508196721311475,0.23728813559322035,0.2295081967213115,0.0,0.0,19,0.525,0,0.3584905660377359,0.36,0.37735849056603776,0.0,0.011111111111111112,30,0.5588235294117647,0.0,0,0,S1-218071411,S2-989523500,S2,0
0,0.30508474576271183,0.4067796610169491,0.4067796610169492,0.0,0.03773584905660377,17,0.5526315789473685,0,0.4615384615384615,0.4307692307692308,0.4307692307692308,0.1,0.10909090909090909,1,0.9696969696969697,0.0,1,0,S1-780860015,S2-710923571,S2,0
0,0.3529411764705882,0.35294117647058826,0.3529411764705882,0.0,0.0,17,0.5,0,0.4193548387096774,0.3548387096774194,0.3548387096774194,0.0,0.0,6,0.8235294117647058,0.0,1,0,S1-615576657,S2-209665546,S2,0
0,0.30188679245283023,0.3018867924528301,0.30188679245283023,0.0,0.0,17,0.5142857142857142,0,0.0,0.0,0.0,0.0,0.0,84,0.0,0.0,0,0,S1-945062061,S3-554277460,S3,0
0,0.2777777777777778,0.33333333333333326,0.33333333333333337,0.0,0.0,6,0.7142857142857143,0,0.2990654205607477,0.34615384615384615,0.33644859813084116,0.0,0.01020408163265306,47,0.38961038961038963,0.0,0,0,S1-32992932,S2-812482291,S2,0
0,0.339622641509434,0.3018867924528301,0.30188679245283023,0.0,0.020833333333333332,13,0.6060606060606061,0,0.3211678832116789,0.43410852713178294,0.35036496350364965,0.038461538461538464,0.05785123966942149,3,0.9571428571428572,0.0,1,0,S1-397541320,S3-185437584,S3,0
0,0.5106382978723405,0.3829787234042554,0.3829787234042554,0.0,0.0,13,0.5666666666666667,0,0.29585798816568043,0.37662337662337664,0.3668639053254438,0.0,0.006622516556291391,31,0.69,0.0,1,0,S1-706058463,S2-851724896,S2,0
0,0.36923076923076925,0.3076923076923077,0.3076923076923077,0.0,0.03389830508474576,7,0.8055555555555556,0,0.33766233766233766,0.3896103896103896,0.3896103896103897,0.0,0.029411764705882353,13,0.7111111111111111,0.0,1,0,S1-613213582,S3-49716225,S3,0
0,0.09523809523809523,0.09523809523809518,0.09523809523809523,0.0,0.0,15,0.16666666666666666,0,0.3291139240506329,0.32432432432432434,0.3291139240506329,0.0,0.029411764705882353,9,0.7954545454545454,0.0,1,0,S1-242103922,S3-104959557,S3,0
0,0.6885245901639344,0.6885245901639344,0.6557377049180328,0.3333333333333333,0.36585365853658536,3,0.90625,0,0.32432432432432434,0.41904761904761906,0.4144144144144144,0.0625,0.0425531914893617,25,0.6323529411764706,0.0,1,0,S1-309944195,S3-219945562,S3,0
0,0.2702702702702703,0.21621621621621628,0.2162162162162162,0.0,0.0,3,0.85,0,0.3768115942028986,0.34782608695652173,0.34782608695652173,0.0,0.0,7,0.8157894736842105,0.0,1,0,S1-348184983,S3-148911289,S3,0
0,0.36,0.44,0.43999999999999995,0.0,0.0,14,0.5625,0,0.35398230088495575,0.4403669724770642,0.4247787610619469,0.038461538461538464,0.06060606060606061,1,0.9824561403508771,0.0,1,0,S1-17074416,S2-361790699,S2,0
0,0.16666666666666663,0.11764705882352942,0.11111111111111116,0.0,0.0,28,0.125,0,0.3296703296703297,0.4175824175824176,0.41758241758241754,0.0,0.023529411764705882,11,0.7843137254901961,0.0,1,0,S1-696561321,S3-679191282,S3,0
0,0.3414634146341463,0.3902439024390244,0.3902439024390244,0.0,0.027777777777777776,15,0.4642857142857143,0,0.19672131147540983,0.22950819672131145,0.2295081967213115,0.0,0.0,27,0.38636363636363635,0.0,1,0,S1-525945292,S3-648631162,S3,0
0,0.2727272727272727,0.3181818181818181,0.31818181818181823,0.0,0.0,2,0.9130434782608695,0,0.31999999999999995,0.384,0.384,0.0,0.017699115044247787,35,0.5625,0.0,0,0,S1-579933177,S3-184589131,S3,0
0,0.36363636363636365,0.303030303030303,0.303030303030303,0.0,0.0,3,0.8333333333333334,0,0.3076923076923077,0.33846153846153837,0.3384615384615385,0.0,0.0,17,0.5853658536585366,0.0,0,0,S1-795532955,S3-921161801,S3,0
0,0.3076923076923077,0.2692307692307692,0.2692307692307693,0.0,0.0,14,0.5757575757575758,0,0.36065573770491793,0.36065573770491804,0.36065573770491793,0.0,0.05555555555555555,1,0.967741935483871,0.0,1,0,S1-80512994,S2-447784271,S2,0
0,0.3529411764705882,0.27450980392156865,0.27450980392156865,0.0,0.0,27,0.3076923076923077,0,0.3529411764705882,0.375,0.38235294117647056,0.0,0.016666666666666666,24,0.7,0.0,1,0,S1-639969605,S2-30878648,S2,0
0,0.3076923076923077,0.3076923076923077,0.3076923076923077,0.0,0.0,19,0.3448275862068966,0,0.4,0.4,0.43333333333333335,0.0,0.04,4,0.9354838709677419,0.0,1,0,S1-289808141,S3-911019429,S3,0
0,0.23529411764705888,0.23529411764705885,0.23529411764705888,0.0,0.0,4,0.7894736842105263,0,0.3291139240506329,0.32911392405063294,0.3291139240506329,0.0,0.0,1,0.975,0.0,1,0,S1-440939349,S3-666041636,S3,0
0,0.39130434782608686,0.34782608695652173,0.34782608695652173,0.0,0.0,12,0.5862068965517241,0,0.36363636363636365,0.37735849056603776,0.37575757575757573,0.0,0.0196078431372549,23,0.7553191489361702,0.0,1,0,S1-246007711,S3-641196357,S3,0
0,0.32258064516129037,0.5,0.19354838709677424,0.25,0.08,13,0.4090909090909091,0,0.3529411764705882,0.38235294117647056,0.38235294117647056,0.0,0.0,0,1.0,0.0,1,0,S1-165982313,S3-53302880,S3,0
0,0.40909090909090906,0.27272727272727265,0.2727272727272727,0.0,0.0,6,0.76,0,0.0,0.0,0.0,0.0,0.0,31,0.0,0.0,1,0,S1-817924174,S3-81372045,S3,0
0,0.3939393939393939,0.3939393939393939,0.3939393939393939,0.0,0.03333333333333333,16,0.6097560975609756,0,0.3661971830985915,0.39436619718309857,0.3943661971830986,0.0,0.0,5,0.868421052631579,0.0,1,0,S1-722214911,S2-296090369,S2,0
0,0.33898305084745756,0.30508474576271183,0.30508474576271183,0.0,0.0,7,0.7878787878787878,0,0.275,0.3687943262411348,0.32499999999999996,0.0,0.03076923076923077,72,0.3793103448275862,0.0,0,0,S1-687103504,S3-410298473,S3,0
0,0.2857142857142857,0.38888888888888884,0.33333333333333337,0.0,0.0,18,0.4,0,0.3384615384615385,0.33846153846153837,0.3384615384615385,0.0,0.0,13,0.6666666666666666,0.0,0,0,S1-881514014,S3-819532065,S3,0
0,0.3125,0.25,0.25,0.0,0.0,0,1.0,0,0.24561403508771928,0.3859649122807018,0.38596491228070173,0.0,0.0,1,0.9655172413793104,0.0,1,0,S1-101884975,S2-730533433,S2,0
0,0.26086956521739135,0.34782608695652173,0.34782608695652173,0.0,0.0,9,0.4375,0,0.33333333333333337,0.37362637362637363,0.375,0.0,0.03571428571428571,26,0.5737704918032787,0.0,1,0,S1-484688317,S3-75788039,S3,0
0,0.40909090909090906,0.27272727272727265,0.2727272727272727,0.0,0.0,10,0.6296296296296297,0,0.3125,0.34375,0.34375,0.0,0.008695652173913044,38,0.5421686746987951,0.0,0,0,S1-135232236,S2-200316083,S2,0
0,0.33333333333333337,0.5,0.41666666666666663,0.16666666666666666,0.07317073170731707,16,0.5,0,0.42500000000000004,0.45,0.44999999999999996,0.0,0.013333333333333334,10,0.7777777777777778,0.0,1,0,S1-317195843,S3-864202917,S3,0
0,0.31999999999999995,0.2933333333333333,0.29333333333333333,0.0,0.0,13,0.7045454545454546,0,0.27586206896551724,0.3448275862068965,0.3448275862068966,0.0,0.0,27,0.5263157894736842,0.0,0,0,S1-771270563,S3-655537117,S3,0
0,0.24489795918367352,0.3265306122448979,0.326530612244898,0.0,0.0,1,0.96,0,0.3076923076923077,0.3076923076923077,0.3076923076923077,0.0,0.016666666666666666,1,0.9696969696969697,0.0,1,0,S1-594172183,S3-963425362,S3,0
0,0.24489795918367352,0.2448979591836735,0.24489795918367352,0.0,0.0,11,0.6333333333333333,0,0.26086956521739135,0.2898550724637681,0.28985507246376807,0.0,0.0,3,0.9166666666666666,0.0,0,0,S1-522398236,S3-51612807,S3,0
0,0.36363636363636365,0.36363636363636365,0.36363636363636365,0.0,0.0,7,0.7741935483870968,0,0.34408602150537637,0.3655913978494624,0.3655913978494624,0.0,0.06172839506172839,27,0.55,0.0,0,0,S1-768991885,S2-824920303,S2,0
0,0.12,0.1363636363636364,0.12,0.0,0.0,14,0.5625,0,0.2148760330578512,0.25925925925925924,0.23140495867768596,0.0,0.020202020202020204,65,0.3010752688172043,0.0,0,0,S1-775958035,S2-612786119,S2,0
0,0.4444444444444444,0.41269841269841273,0.4126984126984127,0.0,0.05357142857142857,11,0.7027027027027027,0,0.3857142857142857,0.375,0.37142857142857144,0.0,0.01639344262295082,4,0.9444444444444444,0.0,1,0,S1-160890679,S2-300364783,S2,0
0,0.3157894736842105,0.31578947368421056,0.3157894736842105,0.0,0.0,0,1.0,0,0.33333333333333337,0.35555555555555557,0.3555555555555555,0.0,0.023809523809523808,26,0.5517241379310345,0.0,1,0,S1-962427234,S3-410858064,S3,0
0,0.10909090909090914,0.11320754716981128,0.10909090909090914,0.0,0.0,5,0.8333333333333334,0,0.3168316831683168,0.3366336633663366,0.3366336633663366,0.0,0.0,21,0.6557377049180327,0.0,0,0,S1-340863857,S2-963082472,S2,0
0,0.4444444444444444,0.4444444444444444,0.4444444444444444,0.0,0.03571428571428571,5,0.8529411764705882,0,0.3013698630136986,0.31746031746031744,0.3287671232876712,0.0,0.0,15,0.6590909090909091,0.0,0,0,S1-959591786,S3-42744356,S3,0
0,0.16216216216216217,0.16216216216216212,0.16216216216216217,0.0,0.0,29,0.12121212121212122,0,0.48484848484848486,0.45454545454545453,0.3939393939393939,0.1,0.14814814814814814,8,0.7837837837837838,0.0,1,0,S1-380465287,S2-515192548,S2,0
0,0.41666666666666663,0.5416666666666666,0.5416666666666667,0.0,0.07317073170731707,16,0.5,0,0.4079601990049751,0.418848167539267,0.4079601990049751,0.0,0.05084745762711865,27,0.7631578947368421,0.14285714285714285,1,0,S1-297168756,S2-193311097,S2,0
0,0.23076923076923073,0.19230769230769226,0.1923076923076923,0.0,0.0,8,0.7333333333333333,0,0.20560747663551404,0.303030303030303,0.2990654205607477,0.0,0.010416666666666666,45,0.40789473684210525,0.0,0,0,S1-887351247,S2-457350212,S2,0
0,0.3125,0.375,0.375,0.0,0.0,2,0.8823529411764706,0,0.3305785123966942,0.33057851239669417,0.3305785123966942,0.0,0.008849557522123894,41,0.49382716049382713,0.0,0,0,S1-672206836,S2-185882650,S2,0
0,0.09302325581395354,0.10256410256410263,0.09302325581395354,0.0,0.0,13,0.5357142857142857,0,0.3090909090909091,0.27272727272727265,0.2727272727272727,0.0,0.0,32,0.5492957746478874,0.0,0,0,S1-454721033,S2-727118763,S2,0
0,0.3492063492063492,0.34920634920634924,0.3492063492063492,0.0,0.0,1,0.96875,0,0.3939393939393939,0.3939393939393939,0.3939393939393939,0.0,0.03389830508474576,0,1.0,0.0,1,0,S1-468298755,S2-913296899,S2,0
0,0.11111111111111116,0.12,0.11111111111111116,0.0,0.0,2,0.9285714285714286,0,0.30188679245283023,0.34090909090909094,0.30188679245283023,0.0,0.0,56,0.30864197530864196,0.0,0,0,S1-331054846,S3-260433395,S3,0
0,0.3548387096774194,0.32258064516129037,0.32258064516129037,0.0,0.0,8,0.7714285714285715,0,0.27586206896551724,0.38,0.3448275862068966,0.06666666666666667,0.06666666666666667,42,0.46835443037974683,0.0,0,0,S1-965675483,S3-94578861,S3,0
0,0.36363636363636365,0.36363636363636365,0.36363636363636365,0.0,0.02564102564102564,8,0.6923076923076923,0,0.39344262295081966,0.44808743169398907,0.41530054644808745,0.0967741935483871,0.08917197452229299,45,0.6052631578947368,0.16666666666666666,1,0,S1-317312865,S2-21295845,S2,0
0,0.3278688524590164,0.26229508196721313,0.2622950819672131,0.0,0.0,13,0.6486486486486487,0,0.3035714285714286,0.32432432432432434,0.3035714285714286,0.0625,0.0625,50,0.38271604938271603,0.0,0,0,S1-997819733,S2-5546249,S2,0
0,0.2909090909090909,0.3272727272727273,0.32727272727272727,0.0,0.04081632653061224,5,0.8333333333333334,0,0.0,0.0,0.0,0.0,0.0,76,0.0,0.0,0,0,S1-863003671,S3-910909229,S3,0
0,0.3157894736842105,0.368421052631579,0.368421052631579,0.0,0.0,2,0.9,0,0.30612244897959184,0.3695652173913044,0.36734693877551017,0.0,0.0,24,0.6065573770491803,0.0,0,0,S1-57949796,S3-375389291,S3,0
0,0.2978723404255319,0.3829787234042554,0.3829787234042554,0.0,0.0,13,0.5666666666666667,0,0.24161073825503354,0.3111111111111111,0.2818791946308725,0.041666666666666664,0.0390625,73,0.34234234234234234,0.0,0,0,S1-356196541,S3-583741602,S3,0
0,0.4,0.4,0.4,0.0,0.0,11,0.3888888888888889,0,0.2857142857142857,0.3428571428571429,0.34285714285714286,0.0,0.0,8,0.7948717948717948,0.0,1,0,S1-401897828,S3-503146597,S3,0
0,0.2857142857142857,0.2857142857142857,0.2857142857142857,0.0,0.0625,24,0.4,0,0.2962962962962963,0.34615384615384615,0.33333333333333337,0.0,0.02040816326530612,2,0.9285714285714286,0.0,0,0,S1-159162101,S3-318058217,S3,0
0,0.17142857142857137,0.22857142857142862,0.22857142857142854,0.0,0.0,1,0.9444444444444444,0,0.28985507246376807,0.2898550724637681,0.28985507246376807,0.0,0.0,13,0.6829268292682927,0.0,1,0,S1-193144148,S3-120130086,S3,0
0,0.32558139534883723,0.37209302325581395,0.32558139534883723,0.125,0.05405405405405406,5,0.7916666666666666,0,0.5283018867924528,0.5660377358490566,0.45283018867924535,0.1111111111111111,0.06521739130434782,5,0.8275862068965517,0.0,1,0,S1-429223132,S2-527562592,S2,0
0,0.3291139240506329,0.32911392405063294,0.3291139240506329,0.0,0.013513513513513514,7,0.8372093023255814,0,0.3076923076923077,0.33027522935779813,0.3076923076923077,0.0,0.0,51,0.39285714285714285,0.0,0,0,S1-56126636,S3-440664631,S3,0
0,0.4,0.4761904761904762,0.4615384615384615,0.0,0.03571428571428571,13,0.6666666666666666,0,0.24427480916030533,0.24427480916030533,0.24427480916030533,0.0,0.008264462809917356,63,0.35051546391752575,0.0,0,0,S1-595973737,S2-750470718,S2,0
0,0.3793103448275862,0.3793103448275862,0.3793103448275862,0.1111111111111111,0.04,10,0.7058823529411765,0,0.3529411764705882,0.3137254901960784,0.3137254901960784,0.0,0.0,3,0.8888888888888888,0.0,1,0,S1-532675258,S2-527562592,S2,0
0,0.32432432432432434,0.3783783783783784,0.3783783783783784,0.0,0.03125,7,0.6818181818181818,0,0.2727272727272727,0.31683168316831684,0.2909090909090909,0.0,0.021052631578947368,60,0.29411764705882354,0.0,0,0,S1-530695792,S3-710758715,S3,0
0,0.3829787234042554,0.46808510638297873,0.46808510638297873,0.1111111111111111,0.04878048780487805,11,0.6206896551724138,0,0.29850746268656714,0.3283582089552239,0.32835820895522383,0.0,0.0,15,0.6341463414634146,0.0,1,0,S1-715994171,S3-120130086,S3,0
0,0.3142857142857143,0.37142857142857144,0.37142857142857144,0.0,0.0,18,0.5909090909090909,0,0.3058823529411765,0.2823529411764706,0.2823529411764706,0.0,0.0,13,0.7346938775510204,0.0,1,0,S1-711205898,S3-393953733,S3,0
0,0.33898305084745756,0.3921568627450981,0.4067796610169492,0.0,0.0,5,0.84375,0,0.34782608695652173,0.36585365853658536,0.34782608695652173,0.0,0.0,36,0.4375,0.0,0,0,S1-912023503,S3-810437122,S3,0
0,0.3157894736842105,0.3508771929824562,0.3508771929824561,0.0,0.0,9,0.7272727272727273,0,0.3076923076923077,0.27692307692307694,0.27692307692307694,0.0,0.0,13,0.6666666666666666,0.0,0,0,S1-188193942,S3-699584214,S3,0
0,0.2777777777777778,0.2222222222222223,0.2222222222222222,0.0,0.0,10,0.5652173913043478,0,0.4444444444444444,0.4761904761904762,0.4761904761904761,0.1111111111111111,0.017241379310344827,5,0.8529411764705882,0.0,1,0,S1-999670695,S2-6739649,S2,0
0,0.3111111111111111,0.3111111111111111,0.3111111111111111,0.0,0.0,19,0.40625,0,0.0,0.0,0.0,0.0,0.0,30,0.0,0.0,0,0,S1-19101805,S3-850591566,S3,0
0,0.29032258064516125,0.32258064516129037,0.32258064516129037,0.0,0.017543859649122806,0,1.0,0,0.3063063063063063,0.28828828828828834,0.28828828828828834,0.0,0.009523809523809525,49,0.3875,0.0,0,0,S1-323062930,S3-371894585,S3,0
0,0.2978723404255319,0.29787234042553196,0.2978723404255319,0.0,0.0,3,0.88,0,0.37142857142857144,0.3428571428571429,0.34285714285714286,0.0,0.0,0,1.0,0.0,1,0,S1-481140177,S3-399761353,S3,0
0,0.25,0.33333333333333326,0.33333333333333337,0.0,0.0,22,0.37142857142857144,0,0.3008849557522124,0.32075471698113206,0.31858407079646023,0.0,0.009900990099009901,43,0.44871794871794873,0.0,1,0,S1-996514303,S2-459751794,S2,0
0,0.29166666666666663,0.25,0.25,0.0,0.0,6,0.7777777777777778,0,0.28846153846153844,0.3269230769230769,0.32692307692307687,0.0,0.02040816326530612,36,0.4857142857142857,0.0,0,0,S1-246388684,S2-743720975,S2,0
0,0.3076923076923077,0.3076923076923077,0.3076923076923077,0.0,0.0,13,0.5,0,0.2990654205607477,0.2990654205607477,0.2990654205607477,0.0,0.02,19,0.6984126984126984,0.0,0,0,S1-573363240,S3-781057030,S3,0
0,0.07692307692307687,0.08695652173913046,0.07692307692307687,0.0,0.0,12,0.625,0,0.25806451612903225,0.2459016393442623,0.25806451612903225,0.0,0.008547008547008548,62,0.3333333333333333,0.0,1,0,S1-399198872,S3-586688398,S3,0
0,0.5666666666666667,0.43333333333333335,0.43333333333333335,0.0,0.05660377358490566,4,0.875,0,0.368,0.32,0.31999999999999995,0.0,0.02631578947368421,45,0.47058823529411764,0.0,0,0,S1-406488255,S3-823461968,S3,0
0,0.303030303030303,0.18181818181818188,0.18181818181818177,0.0,0.0,7,0.65,0,0.24637681159420288,0.24060150375939857,0.23188405797101452,0.0,0.00819672131147541,86,0.23214285714285715,0.0,0,0,S1-592552466,S2-234687004,S2,0
0,0.34042553191489366,0.2553191489361703,0.25531914893617025,0.0,0.0,13,0.5666666666666667,0,0.26206896551724135,0.30215827338129503,0.2896551724137931,0.0,0.015267175572519083,83,0.2719298245614035,0.0,0,0,S1-672570668,S2-142585279,S2,0
0,0.1875,0.1875,0.1875,0.0,0.0,8,0.6,0,0.35789473684210527,0.4,0.4,0.0,0.046511627906976744,15,0.7272727272727273,0.0,1,0,S1-424322192,S3-287644101,S3,0
0,0.44776119402985076,0.4776119402985075,0.4776119402985075,0.125,0.12962962962962962,9,0.7631578947368421,0,0.0,0.0,0.0,0.0,0.0,115,0.0,0.0,1,0,S1-509869038,S2-483212648,S2,0
0,0.050000000000000044,0.07142857142857138,0.050000000000000044,0.0,0.0,22,0.2903225806451613,0,0.2978723404255319,0.33734939759036137,0.3191489361702128,0.0,0.0,12,0.7735849056603774,0.0,0,0,S1-525600225,S2-598308423,S2,0
0,0.12121212121212122,0.12121212121212124,0.12121212121212122,0.0,0.0,11,0.5,0,0.29565217391304344,0.33333333333333326,0.33043478260869563,0.0,0.00980392156862745,1,0.9827586206896551,0.0,1,0,S1-936359205,S3-160213235,S3,0
0,0.29166666666666663,0.29166666666666674,0.29166666666666663,0.0,0.0,10,0.6551724137931034,0,0.23423423423423428,0.23529411764705885,0.2162162162162162,0.0,0.010526315789473684,63,0.27586206896551724,0.0,0,0,S1-846906743,S3-70543150,S3,0
0,0.32258064516129037,0.12903225806451615,0.12903225806451613,0.0,0.0,15,0.34782608695652173,0,0.26865671641791045,0.2758620689655173,0.29850746268656714,0.0,0.0,5,0.8611111111111112,0.0,0,0,S1-411739095,S3-254275834,S3,0
0,0.2978723404255319,0.29787234042553196,0.2978723404255319,0.0,0.0,15,0.5161290322580645,0,0.25210084033613445,0.26890756302521013,0.26890756302521013,0.0,0.008928571428571428,55,0.367816091954023,0.0,0,0,S1-394068648,S2-775196888,S2,0
0,0.3846153846153846,0.3846153846153846,0.3846153846153846,0.0,0.021739130434782608,14,0.5757575757575758,0,0.3870967741935484,0.3548387096774194,0.3548387096774194,0.0,0.03571428571428571,6,0.8235294117647058,0.0,1,0,S1-486595209,S2-711151910,S2,0
0,0.2727272727272727,0.27272727272727265,0.2727272727272727,0.0,0.0,14,0.5172413793103449,0,0.39097744360902253,0.37593984962406013,0.37593984962406013,0.0,0.015873015873015872,25,0.6835443037974683,0.0,1,0,S1-675768773,S3-93260904,S3,0
0,0.34782608695652173,0.318840579710145,0.3188405797101449,0.0,0.0,7,0.8157894736842105,0,0.36170212765957444,0.3829787234042554,0.3829787234042554,0.08333333333333333,0.09876543209876543,14,0.7407407407407407,0.0,1,0,S1-830987152,S3-595004993,S3,0
0,0.26415094339622647,0.23529411764705885,0.26415094339622647,0.0,0.0,11,0.65625,0,0.36363636363636365,0.36363636363636365,0.36363636363636365,0.0,0.013888888888888888,3,0.925,0.0,0,0,S1-512332356,S3-351483741,S3,0
0,0.35,0.3,0.30000000000000004,0.0,0.0,16,0.42857142857142855,0,0.273972602739726,0.3835616438356164,0.3835616438356164,0.0,0.0,1,0.972972972972973,0.0,1,0,S1-688884634,S2-829358391,S2,0
0,0.2692307692307693,0.3846153846153846,0.3846153846153846,0.0,0.02127659574468085,16,0.5294117647058824,0,0.15602836879432624,0.17910447761194034,0.17021276595744683,0.0,0.0,97,0.18487394957983194,0.0,0,0,S1-780632938,S2-713476688,S2,0
0,0.32727272727272727,0.43636363636363634,0.4363636363636364,0.0,0.02,13,0.6176470588235294,0,0.33333333333333337,0.38888888888888884,0.38888888888888884,0.0,0.0,6,0.8461538461538461,0.0,1,0,S1-999981767,S2-899577266,S2,0
0,0.33333333333333337,0.358974358974359,0.33333333333333337,0.0,0.0,8,0.7142857142857143,0,0.33898305084745756,0.3728813559322034,0.3728813559322034,0.0,0.018518518518518517,1,0.9666666666666667,0.0,1,0,S1-510729210,S3-12438564,S3,0
0,0.31999999999999995,0.28,0.28,0.0,0.0,10,0.6666666666666666,0,0.0,0.0,0.0,0.0,0.0,53,0.0,0.0,0,0,S1-146736650,S3-618457065,S3,0
0,0.11764705882352944,0.23529411764705885,0.23529411764705888,0.0,0.0,3,0.7,0,0.26168224299065423,0.2884615384615384,0.28037383177570097,0.0,0.0,47,0.38961038961038963,0.0,0,0,S1-867154504,S3-23762720,S3,0
0,0.36363636363636365,0.303030303030303,0.303030303030303,0.0,0.0,5,0.7368421052631579,0,0.30000000000000004,0.33333333333333326,0.33333333333333337,0.0,0.037037037037037035,8,0.7647058823529411,0.0,1,0,S1-707747018,S2-983836522,S2,0
0,0.3589743589743589,0.358974358974359,0.3589743589743589,0.0,0.0,1,0.95,0,0.32499999999999996,0.325,0.32499999999999996,0.0,0.02702702702702703,20,0.6,0.0,1,0,S1-888908917,S3-557777834,S3,0
0,0.33333333333333337,0.33333333333333326,0.33333333333333337,0.0,0.0,10,0.5652173913043478,0,0.4516129032258065,0.5483870967741935,0.5161290322580645,0.1,0.13725490196078433,2,0.9375,0.0,1,0,S1-338372698,S2-209238174,S2,0
0,0.6567164179104478,0.6976744186046511,0.6567164179104478,0.3333333333333333,0.3404255319148936,11,0.717948717948718,0,0.40522875816993464,0.4246575342465754,0.4183006535947712,0.037037037037037035,0.06766917293233082,21,0.7586206896551724,0.0,1,0,S1-686237084,S2-491549538,S2,0
0,0.38596491228070173,0.3508771929824562,0.3508771929824561,0.0,0.0,3,0.9,0,0.3362831858407079,0.4424778761061947,0.4424778761061947,0.05263157894736842,0.049019607843137254,1,0.9824561403508771,0.0,0,0,S1-420855978,S3-199820002,S3,0
0,0.33333333333333337,0.33333333333333326,0.33333333333333337,0.0,0.02702702702702703,2,0.9090909090909091,0,0.3661971830985915,0.45070422535211263,0.45070422535211263,0.0,0.08333333333333333,5,0.868421052631579,0.0,1,0,S1-865889664,S3-832265083,S3,0
0,0.24242424242424243,0.2424242424242425,0.24242424242424243,0.0,0.0,9,0.5714285714285714,0,0.2962962962962963,0.34615384615384615,0.33333333333333337,0.0,0.0,0,1.0,0.0,0,0,S1-792985397,S3-755957995,S3,0
0,0.2857142857142857,0.25925925925925924,0.25,0.0,0.0,0,1.0,0,0.2773722627737226,0.27692307692307694,0.26277372262773724,0.0,0.00819672131147541,79,0.26851851851851855,0.0,0,0,S1-147257462,S2-444914669,S2,0
0,0.25,0.25,0.25,0.0,0.0,18,0.45454545454545453,0,0.3783783783783784,0.3851851851851852,0.3918918918918919,0.041666666666666664,0.0603448275862069,6,0.922077922077922,0.0,1,0,S1-875075287,S3-887887524,S3,0
0,0.0,0.0,0.0,0.0,0.0,14,0.17647058823529413,0,0.27450980392156865,0.35294117647058826,0.3529411764705882,0.0,0.031578947368421054,28,0.5692307692307692,0.0,0,0,S1-413550690,S3-45578096,S3,0
0,0.48,0.48,0.48,0.14285714285714285,0.15,0,1.0,0,0.4065040650406504,0.4807692307692308,0.4878048780487805,0.05555555555555555,0.06521739130434782,11,0.835820895522388,0.0,1,0,S1-588244235,S3-798936923,S3,0
0,0.23255813953488372,0.23255813953488372,0.23255813953488372,0.0,0.0,11,0.5925925925925926,0,0.3063063063063063,0.3469387755102041,0.3063063063063063,0.0,0.0,41,0.4605263157894737,0.0,0,0,S1-353616659,S3-924500650,S3,0
0,0.3870967741935484,0.3548387096774194,0.3548387096774194,0.0,0.017543859649122806,2,0.9375,0,0.4225352112676056,0.4838709677419355,0.45070422535211263,0.0,0.017241379310344827,15,0.6511627906976745,0.0,1,0,S1-355145846,S2-430797670,S2,0
0,0.08163265306122447,0.09302325581395351,0.08163265306122447,0.0,0.0,17,0.48484848484848486,0,0.2465753424657534,0.41666666666666663,0.3287671232876712,0.07692307692307693,0.06153846153846154,31,0.40384615384615385,0.0,0,0,S1-894540807,S2-74109950,S2,0
0,0.4,0.4,0.4,0.0,0.0,7,0.5625,0,0.34375,0.375,0.375,0.0,0.0,6,0.8285714285714286,0.0,1,0,S1-770102800,S2-730533433,S2,0
0,0.30000000000000004,0.2666666666666667,0.2666666666666667,0.0,0.0,12,0.6666666666666666,0,0.26415094339622647,0.24528301886792447,0.24528301886792447,0.0,0.0,40,0.4520547945205479,0.0,0,0,S1-991756390,S2-824920303,S2,0
0,0.12903225806451613,0.12903225806451615,0.12903225806451613,0.0,0.0,13,0.4090909090909091,0,0.303030303030303,0.303030303030303,0.303030303030303,0.0,0.0,31,0.5230769230769231,0.0,0,0,S1-767520542,S2-68608323,S2,0
0,0.3076923076923077,0.3076923076923077,0.3076923076923077,0.0,0.0,4,0.8571428571428571,0,0.276595744680851,0.3953488372093023,0.3829787234042554,0.06666666666666667,0.06329113924050633,42,0.38235294117647056,0.0,0,0,S1-650084243,S2-123837937,S2,0
0,0.4285714285714286,0.5238095238095238,0.5238095238095238,0.0,0.0,0,1.0,0,0.3076923076923077,0.32478632478632474,0.32478632478632474,0.0,0.009174311926605505,39,0.5,0.0,0,0,S1-419387204,S3-971258275,S3,0
0,0.5185185185185186,0.5185185185185186,0.3703703703703704,0.25,0.1,9,0.5,0,0.4,0.34666666666666673,0.34666666666666673,0.0,0.0,7,0.8292682926829268,0.0,1,0,S1-383419314,S2-314584308,S2,0
0,0.3783783783783784,0.3783783783783784,0.3783783783783784,0.0,0.0,3,0.85,0,0.2716049382716049,0.345679012345679,0.345679012345679,0.0,0.0,29,0.4727272727272727,0.0,1,0,S1-131730144,S2-842057729,S2,0
0,0.10909090909090914,0.10909090909090907,0.10909090909090914,0.0,0.0,9,0.71875,0,0.273972602739726,0.3582089552238806,0.3287671232876712,0.0,0.04838709677419355,27,0.46,0.0,1,0,S1-762311162,S3-139019168,S3,0
0,0.25,0.1875,0.1875,0.0,0.037037037037037035,10,0.5238095238095238,0,0.3310344827586207,0.4460431654676259,0.44137931034482764,0.045454545454545456,0.046875,3,0.9594594594594594,0.0,1,0,S1-187794410,S2-825621250,S2,0
0,0.41025641025641024,0.358974358974359,0.3589743589743589,0.0,0.0,1,0.95,0,0.356020942408377,0.3655913978494624,0.3455497382198953,0.07142857142857142,0.049689440993788817,33,0.7053571428571429,0.0,1,0,S1-456039467,S2-234687004,S2,0
0,0.326530612244898,0.2448979591836735,0.24489795918367352,0.0,0.0,13,0.5806451612903226,0,0.31999999999999995,0.34782608695652173,0.31999999999999995,0.0,0.0,17,0.6304347826086957,0.0,0,0,S1-139204752,S2-468800806,S2,0
0,0.3829787234042554,0.29787234042553196,0.2978723404255319,0.0,0.023809523809523808,7,0.7407407407407407,0,0.2857142857142857,0.3265306122448979,0.326530612244898,0.05555555555555555,0.033707865168539325,32,0.5076923076923077,0.0,0,0,S1-750648002,S3-247316264,S3,0
0,0.33333333333333337,0.33333333333333326,0.33333333333333337,0.0,0.0,10,0.6153846153846154,0,0.27826086956521734,0.3047619047619048,0.29565217391304344,0.0,0.009900990099009901,55,0.35294117647058826,0.0,0,0,S1-587281392,S3-744611597,S3,0
0,0.24489795918367352,0.2857142857142857,0.2857142857142857,0.0,0.0,1,0.96,0,0.31007751937984496,0.46774193548387094,0.4651162790697675,0.08695652173913043,0.07079646017699115,9,0.8695652173913043,0.0,1,0,S1-633311975,S3-253173181,S3,0
0,0.2222222222222222,0.2222222222222223,0.2222222222222222,0.0,0.0,21,0.36363636363636365,0,0.45070422535211263,0.3380281690140845,0.3380281690140845,0.0,0.03076923076923077,3,0.918918918918919,0.0,1,0,S1-417137302,S3-109776662,S3,0
0,0.27450980392156865,0.27450980392156865,0.27450980392156865,0.0,0.0,27,0.3076923076923077,0,0.33333333333333337,0.3584905660377359,0.3508771929824561,0.0,0.009900990099009901,26,0.6285714285714286,0.0,0,0,S1-250208152,S3-451340566,S3,0
0,0.34615384615384615,0.3076923076923077,0.3076923076923077,0.0,0.0,12,0.625,0,0.4736842105263158,0.5263157894736842,0.5263157894736843,0.1,0.09230769230769231,8,0.8095238095238095,0.0,1,0,S1-201806019,S3-293912534,S3,0
0,0.23076923076923073,0.15384615384615385,0.15384615384615385,0.0,0.0,34,0.20930232558139536,0,0.28125,0.375,0.375,0.0,0.0,2,0.9393939393939394,0.0,1,0,S1-581840190,S3-440664631,S3,0
0,0.326530612244898,0.3673469387755102,0.36734693877551017,0.0,0.0,3,0.8846153846153846,0,0.2696629213483146,0.31325301204819284,0.2921348314606742,0.0,0.012658227848101266,35,0.43548387096774194,0.0,0,0,S1-399212365,S2-530063208,S2,0
0,0.4390243902439024,0.3414634146341463,0.3414634146341463,0.0,0.058823529411764705,3,0.8636363636363636,0,0.2777777777777778,0.3055555555555556,0.3055555555555556,0.0,0.014925373134328358,12,0.7142857142857143,0.0,1,0,S1-720685574,S3-901578339,S3,0
0,0.09230769230769231,0.10909090909090907,0.09230769230769231,0.0,0.0,13,0.6666666666666666,0,0.2692307692307693,0.3191489361702128,0.3076923076923077,0.0,0.01098901098901099,42,0.4246575342465753,0.0,0,0,S1-452867238,S3-181985369,S3,0
0,0.34615384615384615,0.3076923076923077,0.3076923076923077,0.0,0.021739130434782608,12,0.625,0,0.2816901408450704,0.2535211267605634,0.2535211267605634,0.0,0.0,3,0.918918918918919,0.0,0,0,S1-741585845,S3-823051565,S3,0
0,0.34285714285714286,0.3428571428571429,0.34285714285714286,0.0,0.0,1,0.9444444444444444,0,0.43333333333333335,0.33333333333333326,0.33333333333333337,0.0,0.0,6,0.8181818181818182,0.0,1,0,S1-303428054,S3-294159911,S3,0
0,0.34782608695652173,0.30434782608695654,0.30434782608695654,0.0,0.0,12,0.5862068965517241,0,0.32258064516129037,0.32258064516129037,0.32258064516129037,0.0,0.0,35,0.453125,0.0,0,0,S1-762323602,S2-538927986,S2,0
0,0.2941176470588235,0.23529411764705885,0.23529411764705888,0.0,0.0,8,0.6190476190476191,0,0.29729729729729726,0.3783783783783784,0.3783783783783784,0.0,0.0,8,0.8048780487804879,0.0,0,0,S1-895351766,S3-959455918,S3,0
0,0.2941176470588235,0.2941176470588235,0.2941176470588235,0.0,0.0,4,0.7894736842105263,0,0.32835820895522383,0.3283582089552239,0.32835820895522383,0.0,0.0,15,0.6341463414634146,0.0,1,0,S1-528098418,S2-554562999,S2,0
0,0.3278688524590164,0.2950819672131148,0.29508196721311475,0.0,0.0,15,0.6052631578947368,0,0.303030303030303,0.45454545454545453,0.4545454545454546,0.09090909090909091,0.10714285714285714,0,1.0,0.0,1,0,S1-197329448,S2-277702800,S2,0
0,0.3555555555555555,0.2666666666666667,0.2666666666666667,0.0,0.0,17,0.45161290322580644,0,0.27118644067796616,0.2711864406779661,0.27118644067796616,0.0,0.0,9,0.7352941176470589,0.0,1,0,S1-67718252,S2-280476396,S2,0
0,0.2142857142857143,0.2142857142857143,0.2142857142857143,0.0,0.0,10,0.47368421052631576,0,0.3188405797101449,0.34782608695652173,0.34782608695652173,0.0,0.0,1,0.9714285714285714,0.0,1,0,S1-601891455,S2-763637516,S2,0
0,0.18181818181818177,0.18181818181818188,0.18181818181818177,0.0,0.0,6,0.5714285714285714,0,0.23728813559322037,0.33898305084745756,0.33898305084745756,0.0,0.0,11,0.6857142857142857,0.0,1,0,S1-79940882,S2-385314635,S2,0
0,0.32727272727272727,0.36363636363636365,0.36363636363636365,0.0,0.02,5,0.8333333333333334,0,0.34285714285714286,0.3142857142857143,0.3142857142857143,0.0,0.015384615384615385,8,0.7948717948717948,0.0,1,0,S1-978427728,S2-341793475,S2,0
0,0.39344262295081966,0.4590163934426229,0.4590163934426229,0.0,0.03636363636363636,1,0.967741935483871,0,0.34285714285714286,0.3142857142857143,0.3142857142857143,0.0,0.0,2,0.9444444444444444,0.0,1,0,S1-960880025,S2-307045795,S2,0
0,0.30000000000000004,0.3,0.30000000000000004,0.0,0.02857142857142857,20,0.3333333333333333,0,0.3125,0.34883720930232553,0.33333333333333337,0.0,0.0,34,0.47692307692307695,0.0,0,0,S1-775841796,S3-111069691,S3,0
0,0.27586206896551724,0.29629629629629634,0.27586206896551724,0.0,0.0,1,0.9333333333333333,0,0.0,0.0,0.0,0.0,0.0,30,0.0,0.0,1,0,S1-867685292,S2-861852657,S2,0
0,0.25396825396825395,0.2857142857142857,0.2857142857142857,0.0,0.0,23,0.46511627906976744,0,0.33333333333333337,0.33333333333333326,0.33333333333333337,0.0,0.01818181818181818,0,1.0,0.0,1,0,S1-582451079,S2-975397961,S2,0
0,0.42307692307692313,0.3846153846153846,0.3076923076923077,0.14285714285714285,0.043478260869565216,8,0.7333333333333333,0,0.3529411764705882,0.32352941176470595,0.32352941176470584,0.0,0.0,6,0.8378378378378378,0.0,1,0,S1-665873552,S2-665514259,S2,0
0,0.31034482758620685,0.31034482758620685,0.31034482758620685,0.0,0.019230769230769232,2,0.9333333333333333,0,0.28,0.28,0.28,0.0,0.0,48,0.35135135135135137,0.0,0,0,S1-858027703,S2-518253530,S2,0
0,0.33333333333333337,0.33333333333333326,0.33333333333333337,0.0,0.0,6,0.7777777777777778,0,0.24096385542168675,0.26506024096385544,0.2650602409638554,0.0,0.0,23,0.5660377358490566,0.0,0,0,S1-582053487,S3-727603112,S3,0
0,0.34615384615384615,0.34615384615384615,0.34615384615384615,0.0,0.0,6,0.7931034482758621,0,0.2727272727272727,0.36363636363636365,0.36363636363636365,0.0,0.0,12,0.6923076923076923,0.0,1,0,S1-822125125,S3-336480125,S3,0
0,0.33333333333333337,0.42857142857142855,0.4285714285714286,0.0,0.0,10,0.6153846153846154,0,0.28985507246376807,0.318840579710145,0.3188405797101449,0.0,0.0,5,0.8648648648648649,0.0,1,0,S1-613346351,S3-596175380,S3,0
0,0.28985507246376807,0.318840579710145,0.3188405797101449,0.0,0.04838709677419355,11,0.725,0,0.2222222222222222,0.25,0.24691358024691357,0.0,0.014184397163120567,104,0.21804511278195488,0.0,0,0,S1-14229676,S3-311979641,S3,0
0,0.6268656716417911,0.7142857142857143,0.5373134328358209,0.2857142857142857,0.2857142857142857,13,0.675,0,0.4,0.40816326530612246,0.3733333333333333,0.038461538461538464,0.04065040650406504,30,0.6666666666666666,0.0,1,0,S1-208454061,S3-980134839,S3,0
0,0.4,0.4,0.4,0.0,0.0,0,1.0,0,0.26262626262626265,0.2680412371134021,0.26262626262626265,0.0,0.010752688172043012,41,0.4142857142857143,0.0,0,0,S1-27745063,S2-185457473,S2,0
0,0.1875,0.1875,0.1875,0.0,0.0,18,0.28,0,0.4375,0.4375,0.40625,0.1111111111111111,0.07142857142857142,14,0.6410256410256411,0.0,1,0,S1-292840168,S3-347116685,S3,0
0,0.3414634146341463,0.19512195121951223,0.19512195121951215,0.0,0.0,17,0.41379310344827586,0,0.4242424242424242,0.48484848484848486,0.48484848484848486,0.09090909090909091,0.03333333333333333,6,0.8333333333333334,0.0,1,0,S1-137248580,S2-83798249,S2,0
0,0.24242424242424243,0.2424242424242425,0.24242424242424243,0.0,0.0,15,0.375,0,0.0,0.0,0.0,0.0,0.0,66,0.0,0.0,0,0,S1-669032934,S3-454084383,S3,0
0,0.35,0.4,0.4,0.0,0.02857142857142857,2,0.9047619047619048,0,0.2588235294117647,0.3058823529411765,0.3058823529411765,0.0,0.0,21,0.6037735849056604,0.0,0,0,S1-775225406,S3-727603112,S3,0
0,0.4444444444444444,0.4444444444444444,0.4074074074074075,0.16666666666666666,0.06382978723404255,6,0.8,0,0.33333333333333337,0.4444444444444444,0.4444444444444444,0.0,0.030303030303030304,16,0.6363636363636364,0.0,1,0,S1-581375301,S3-421640680,S3,0
0,0.2592592592592593,0.25925925925925924,0.2592592592592593,0.0,0.0,8,0.7419354838709677,0,0.23255813953488372,0.25641025641025633,0.248062015503876,0.0,0.0,73,0.27722772277227725,0.0,0,0,S1-85715709,S3-684275953,S3,0
0,0.36363636363636365,0.36363636363636365,0.36363636363636365,0.0,0.0,4,0.6923076923076923,0,0.3928571428571429,0.3571428571428571,0.3571428571428571,0.0,0.02,2,0.9310344827586207,0.0,1,0,S1-977467102,S2-95888461,S2,0
0,0.4074074074074075,0.4074074074074074,0.4074074074074075,0.0,0.043478260869565216,6,0.8,0,0.339622641509434,0.3018867924528301,0.30188679245283023,0.0,0.02,42,0.43243243243243246,0.0,0,0,S1-964784464,S2-422635277,S2,0
0,0.38888888888888884,0.33333333333333326,0.33333333333333337,0.0,0.0,10,0.5652173913043478,0,0.3287671232876712,0.3013698630136986,0.3013698630136986,0.0,0.0,15,0.6590909090909091,0.0,1,0,S1-944322331,S3-168774518,S3,0
0,0.07692307692307687,0.09090909090909094,0.07692307692307687,0.0,0.0,8,0.7333333333333333,0,0.3157894736842105,0.32075471698113206,0.33333333333333337,0.0,0.0,0,1.0,0.0,1,0,S1-638696656,S2-966813378,S2,0
0,0.326530612244898,0.2857142857142857,0.2857142857142857,0.0,0.0,15,0.53125,0,0.339622641509434,0.37735849056603776,0.37735849056603776,0.0,0.0,7,0.7666666666666667,0.0,1,0,S1-18329390,S2-116746566,S2,0
0,0.21052631578947367,0.19607843137254904,0.21052631578947367,0.0,0.0,7,0.78125,0,0.3232323232323232,0.3838383838383838,0.38383838383838387,0.0,0.010869565217391304,19,0.6779661016949152,0.0,0,0,S1-310991350,S2-757313426,S2,0
0,0.18604651162790697,0.23255813953488372,0.23255813953488372,0.0,0.0,15,0.4827586206896552,0,0.2272727272727273,0.27272727272727265,0.2727272727272727,0.0,0.0,6,0.76,0.0,1,0,S1-481038488,S2-657766626,S2,0
0,0.3870967741935484,0.3548387096774194,0.3548387096774194,0.0,0.061224489795918366,6,0.8235294117647058,0,0.37241379310344824,0.38620689655172413,0.38620689655172413,0.0,0.014925373134328358,13,0.8354430379746836,0.0,1,0,S1-973975003,S2-635773817,S2,0
0,0.523076923076923,0.6666666666666665,0.5846153846153845,0.3333333333333333,0.24489795918367346,5,0.8571428571428571,0,0.2962962962962963,0.34328358208955223,0.32098765432098764,0.0,0.016129032258064516,20,0.7802197802197802,0.0,1,0,S1-28328789,S2-814046768,S2,0
0,0.31999999999999995,0.32,0.31999999999999995,0.0,0.0,5,0.6666666666666666,0,0.40336134453781514,0.3853211009174312,0.3697478991596639,0.0,0.038834951456310676,3,0.9508196721311475,0.0,1,0,S1-640281939,S3-911019429,S3,0
0,0.3076923076923077,0.25641025641025633,0.2564102564102564,0.0,0.0,9,0.625,0,0.4444444444444444,0.4444444444444444,0.4444444444444444,0.1,0.08064516129032258,10,0.7560975609756098,0.0,1,0,S1-206628495,S2-554562999,S2,0
0,0.3529411764705882,0.2941176470588235,0.2941176470588235,0.0,0.034482758620689655,4,0.7894736842105263,0,0.33613445378151263,0.40336134453781514,0.40336134453781514,0.0,0.03773584905660377,3,0.9508196721311475,0.0,1,0,S1-356826206,S2-49763754,S2,0
0,0.3829787234042554,0.3404255319148936,0.34042553191489366,0.0,0.0,3,0.88,0,0.35820895522388063,0.3880597014925373,0.3880597014925373,0.0,0.016129032258064516,5,0.8611111111111112,0.0,1,0,S1-698205799,S3-625641585,S3,0
0,0.3076923076923077,0.4,0.4,0.0,0.016666666666666666,5,0.8571428571428571,0,0.31746031746031744,0.34920634920634924,0.3492063492063492,0.0,0.017241379310344827,7,0.8,0.0,1,0,S1-848389492,S3-654910061,S3,0
0,0.2702702702702703,0.21621621621621628,0.2162162162162162,0.0,0.0,25,0.1935483870967742,0,0.5454545454545454,0.5454545454545454,0.5454545454545454,0.1111111111111111,0.09090909090909091,0,1.0,0.0,1,0,S1-767592924,S3-940267485,S3,0
0,0.32258064516129037,0.32258064516129037,0.32258064516129037,0.0,0.0,15,0.34782608695652173,0,0.25,0.33333333333333326,0.33333333333333337,0.0,0.0,32,0.38461538461538464,0.0,0,0,S1-10683283,S2-273189397,S2,0
0,0.2191780821917808,0.27397260273972607,0.273972602739726,0.0,0.014925373134328358,43,0.25862068965517243,0,0.3287671232876712,0.3561643835616438,0.3561643835616438,0.0,0.0,1,0.972972972972973,0.0,1,0,S1-576799103,S3-797272195,S3,0
0,0.3076923076923077,0.2692307692307692,0.2692307692307693,0.0,0.0,12,0.625,0,0.43333333333333335,0.4666666666666666,0.4666666666666666,0.0,0.0,2,0.9354838709677419,0.0,1,0,S1-446236212,S2-404316354,S2,0
0,0.23255813953488372,0.23255813953488372,0.23255813953488372,0.0,0.0,19,0.3870967741935484,0,0.2162162162162162,0.21621621621621628,0.2162162162162162,0.0,0.014492753623188406,42,0.27586206896551724,0.0,0,0,S1-307169516,S2-277620865,S2,0
0,0.4444444444444444,0.4444444444444444,0.4444444444444444,0.0,0.1111111111111111,5,0.8,0,0.2592592592592593,0.2448979591836735,0.2222222222222222,0.0,0.0,62,0.27058823529411763,0.0,0,0,S1-290720305,S3-740119517,S3,0
0,0.17391304347826086,0.17391304347826092,0.17391304347826086,0.0,0.0,1,0.9166666666666666,0,0.33333333333333337,0.375,0.375,0.0,0.0,16,0.7142857142857143,0.0,0,0,S1-869115085,S3-748622923,S3,0
0,0.27586206896551724,0.20689655172413793,0.2068965517241379,0.0,0.0,3,0.8125,0,0.38095238095238093,0.29729729729729726,0.30952380952380953,0.0,0.0,32,0.4482758620689655,0.0,0,0,S1-373768575,S3-6620814,S3,0
0,0.36363636363636365,0.36363636363636365,0.36363636363636365,0.0,0.0,16,0.4666666666666667,0,0.3023255813953488,0.3023255813953489,0.3023255813953488,0.0,0.012345679012345678,22,0.5925925925925926,0.0,0,0,S1-437081776,S3-809805333,S3,0
0,0.30000000000000004,0.3,0.30000000000000004,0.0,0.0,10,0.6,0,0.2666666666666667,0.28888888888888886,0.28888888888888886,0.0,0.0,38,0.40625,0.0,0,0,S1-35197554,S2-689481202,S2,0
0,0.26315789473684215,0.31578947368421056,0.3157894736842105,0.0,0.0,20,0.3103448275862069,0,0.29508196721311475,0.2950819672131148,0.29508196721311475,0.0,0.0,1,0.967741935483871,0.0,1,0,S1-537539264,S3-469521001,S3,0
0,0.2941176470588235,0.35294117647058826,0.3529411764705882,0.0,0.016129032258064516,6,0.8378378378378378,0,0.33333333333333337,0.36666666666666664,0.3666666666666667,0.0,0.0,12,0.6666666666666666,0.0,1,0,S1-930150583,S2-611722696,S2,0
0,0.40540540540540543,0.4324324324324324,0.4324324324324324,0.0,0.01639344262295082,4,0.8974358974358975,0,0.28125,0.3125,0.3125,0.0,0.0,10,0.7297297297297297,0.0,1,0,S1-914664911,S3-604790378,S3,0
0,0.3076923076923077,0.3076923076923077,0.3076923076923077,0.0,0.0,17,0.39285714285714285,0,0.28985507246376807,0.29629629629629634,0.28985507246376807,0.0,0.024193548387096774,66,0.35294117647058826,0.0,0,0,S1-256330278,S3-739778667,S3,0
0,0.2142857142857143,0.2142857142857143,0.2142857142857143,0.0,0.0,16,0.2727272727272727,0,0.505050505050505,0.736842105263158,0.5454545454545454,0.23076923076923078,0.2459016393442623,31,0.5230769230769231,0.0,1,0,S1-638602516,S2-270953808,S2,0
0,0.2909090909090909,0.35294117647058826,0.32727272727272727,0.0,0.0,1,0.9642857142857143,0,0.30000000000000004,0.24324324324324323,0.25,0.0,0.0,32,0.42857142857142855,0.0,0,0,S1-991940968,S2-341213443,S2,0
0,0.30508474576271183,0.3728813559322034,0.3728813559322034,0.0,0.018518518518518517,9,0.7352941176470589,0,0.31746031746031744,0.31746031746031744,0.31746031746031744,0.0,0.0,15,0.6153846153846154,0.0,1,0,S1-142456344,S3-405746099,S3,0
0,0.10344827586206895,0.11111111111111115,0.10344827586206895,0.0,0.0,2,0.9333333333333333,0,0.3529411764705882,0.379746835443038,0.3529411764705882,0.0,0.02666666666666667,11,0.7708333333333334,0.0,1,0,S1-517484408,S2-440760587,S2,0
0,0.3783783783783784,0.3783783783783784,0.3783783783783784,0.0,0.0,9,0.6086956521739131,0,0.28037383177570097,0.2990654205607477,0.2990654205607477,0.0,0.009900990099009901,45,0.40789473684210525,0.0,0,0,S1-589918406,S3-271798301,S3,0
0,0.19354838709677424,0.2758620689655173,0.25806451612903225,0.0,0.0,3,0.8235294117647058,0,0.42622950819672134,0.39344262295081966,0.39344262295081966,0.0,0.07547169811320754,7,0.7941176470588235,0.0,1,0,S1-349325146,S2-849191215,S2,0
0,0.32558139534883723,0.32558139534883723,0.32558139534883723,0.0,0.0,9,0.6538461538461539,0,0.2834645669291339,0.2857142857142857,0.26771653543307083,0.0,0.0,55,0.3956043956043956,0.0,0,0,S1-533711372,S3-965804252,S3,0
0,0.4,0.32,0.31999999999999995,0.0,0.0,8,0.7241379310344828,0,0.303030303030303,0.36363636363636365,0.36363636363636365,0.0,0.0,0,1.0,0.0,1,0,S1-254509022,S3-649391004,S3,0
0,0.2222222222222222,0.2222222222222223,0.2222222222222222,0.0,0.0,13,0.35,0,0.32258064516129037,0.3855421686746988,0.3655913978494624,0.0,0.012658227848101266,37,0.4307692307692308,0.0,0,0,S1-216156291,S3-976399922,S3,0
0,0.2727272727272727,0.36363636363636365,0.36363636363636365,0.0,0.02564102564102564,6,0.76,0,0.3776223776223776,0.36496350364963503,0.36363636363636365,0.045454545454545456,0.040983606557377046,9,0.881578947368421,0.0,1,0,S1-545533657,S2-102659865,S2,0
0,0.3076923076923077,0.32432432432432434,0.3589743589743589,0.0,0.0,5,0.7727272727272727,0,0.26890756302521013,0.29885057471264376,0.23529411764705888,0.0,0.012345679012345678,63,0.3076923076923077,0.0,0,0,S1-86209677,S3-806835002,S3,0
0,0.42105263157894735,0.456140350877193,0.45614035087719296,0.0,0.0392156862745098,7,0.78125,0,0.368421052631579,0.368421052631579,0.368421052631579,0.0,0.014084507042253521,4,0.9,0.0,1,0,S1-997502566,S3-293327988,S3,0
0,0.35,0.3,0.30000000000000004,0.0,0.0,6,0.7391304347826086,0,0.30000000000000004,0.37333333333333335,0.375,0.0,0.0,10,0.7777777777777778,0.0,1,0,S1-847030029,S3-700024961,S3,0
0,0.34285714285714286,0.4,0.4,0.0,0.03333333333333333,3,0.8421052631578947,0,0.2597402597402597,0.25974025974025977,0.2597402597402597,0.0,0.0,35,0.375,0.0,0,0,S1-750936570,S3-197685186,S3,0
0,0.23529411764705888,0.17647058823529405,0.17647058823529416,0.0,0.0,12,0.4782608695652174,0,0.34782608695652173,0.43478260869565216,0.43478260869565216,0.0,0.015625,3,0.9166666666666666,0.0,1,0,S1-38751665,S3-504510178,S3,0
0,0.36363636363636365,0.36363636363636365,0.36363636363636365,0.0,0.0,4,0.8333333333333334,0,0.3287671232876712,0.2950819672131148,0.3287671232876712,0.0,0.034482758620689655,15,0.6590909090909091,0.0,0,0,S1-458369902,S2-107646582,S2,0
0,0.4074074074074075,0.29629629629629634,0.2962962962962963,0.0,0.041666666666666664,2,0.9285714285714286,0,0.26086956521739135,0.391304347826087,0.39130434782608686,0.0,0.0,8,0.7037037037037037,0.0,0,0,S1-105992516,S3-524054847,S3,0
0,0.29166666666666663,0.33333333333333326,0.33333333333333337,0.0,0.023255813953488372,14,0.5483870967741935,0,0.31775700934579443,0.37383177570093457,0.3738317757009347,0.0,0.03,27,0.5970149253731343,0.0,0,0,S1-73696316,S3-776359303,S3,0
0,0.33333333333333337,0.33333333333333326,0.33333333333333337,0.0,0.0,2,0.8947368421052632,0,0.3008849557522124,0.3177570093457943,0.3362831858407079,0.0,0.0,21,0.6865671641791045,0.0,0,0,S1-432343302,S2-102659865,S2,0
0,0.5581395348837209,0.5581395348837209,0.32558139534883723,0.16666666666666666,0.18181818181818182,1,0.9545454545454546,0,0.3380281690140845,0.39436619718309857,0.3943661971830986,0.0,0.03125,1,0.9722222222222222,0.0,1,0,S1-760189051,S3-182732453,S3,0
0,0.11111111111111116,0.12903225806451615,0.11111111111111116,0.0,0.0,12,0.7142857142857143,0,0.4,0.35,0.35,0.0,0.0,6,0.7391304347826086,0.0,0,0,S1-399042223,S2-253727852,S2,0
0,0.24,0.32,0.31999999999999995,0.0,0.0,1,0.9230769230769231,0,0.3529411764705882,0.2941176470588235,0.2941176470588235,0.0,0.0,12,0.7,0.0,1,0,S1-53980326,S2-133963876,S2,0
0,0.34782608695652173,0.34782608695652173,0.34782608695652173,0.0,0.0,8,0.7037037037037037,0,0.2941176470588235,0.38235294117647056,0.38235294117647056,0.0,0.05,6,0.8378378378378378,0.0,1,0,S1-635051727,S3-584685362,S3,0
0,0.3829787234042554,0.3829787234042554,0.3829787234042554,0.0,0.023809523809523808,7,0.7407407407407407,0,0.3142857142857143,0.3142857142857143,0.3142857142857143,0.0,0.0,6,0.8421052631578947,0.0,1,0,S1-321472697,S2-968818582,S2,0
0,0.2909090909090909,0.3272727272727273,0.32727272727272727,0.0,0.0,11,0.6666666666666666,0,0.3783783783783784,0.29729729729729726,0.29729729729729726,0.0,0.0,18,0.6086956521739131,0.0,0,0,S1-637611991,S2-779101840,S2,0
0,0.34210526315789463,0.4,0.368421052631579,0.0,0.0,8,0.8095238095238095,0,0.27722772277227725,0.2772277227722772,0.27722772277227725,0.0,0.0,41,0.4225352112676056,0.0,0,0,S1-776409337,S3-524435670,S3,0
0,0.2142857142857143,0.2142857142857143,0.2142857142857143,0.0,0.0,4,0.75,0,0.3137254901960784,0.29473684210526313,0.27450980392156865,0.0,0.0,38,0.45714285714285713,0.0,0,0,S1-467760793,S3-622165938,S3,0
0,0.33333333333333337,0.2666666666666667,0.2666666666666667,0.0,0.0,16,0.30434782608695654,0,0.2666666666666667,0.3,0.30000000000000004,0.0,0.0,14,0.6216216216216216,0.0,1,0,S1-522430088,S2-754040844,S2,0
0,0.28,0.36,0.36,0.0,0.0,10,0.6666666666666666,0,0.28260869565217395,0.2826086956521739,0.28260869565217395,0.0,0.0,18,0.6727272727272727,0.0,0,0,S1-831325009,S3-414212906,S3,0
0,0.2666666666666667,0.2666666666666667,0.2666666666666667,0.0,0.0,13,0.5517241379310345,0,0.24242424242424243,0.22400000000000006,0.21212121212121215,0.0,0.0,56,0.40425531914893614,0.0,0,0,S1-404584412,S3-572156847,S3,0
0,0.3529411764705882,0.35294117647058826,0.3529411764705882,0.0,0.0,3,0.8888888888888888,0,0.26262626262626265,0.26262626262626254,0.26262626262626265,0.0,0.0,47,0.3561643835616438,0.0,0,0,S1-610448735,S2-756353666,S2,0
0,0.2142857142857143,0.18181818181818188,0.2142857142857143,0.0,0.0,8,0.5555555555555556,0,0.37086092715231783,0.3709677419354838,0.35761589403973515,0.0,0.03636363636363636,17,0.7976190476190477,0.0,1,0,S1-996480003,S2-55353154,S2,0
0,0.24242424242424243,0.36363636363636365,0.36363636363636365,0.0,0.0,7,0.65,0,0.3047619047619048,0.3047619047619048,0.3047619047619048,0.0,0.010101010101010102,31,0.5441176470588235,0.0,0,0,S1-802274260,S2-930359877,S2,0
0,0.3414634146341463,0.24390243902439024,0.24390243902439024,0.0,0.0,3,0.8636363636363636,0,0.34782608695652173,0.3768115942028985,0.3768115942028986,0.0,0.015873015873015872,5,0.8648648648648649,0.0,1,0,S1-651185354,S3-438174100,S3,0
0,0.3728813559322034,0.3728813559322034,0.3728813559322034,0.0,0.0,1,0.9666666666666667,0,0.3448275862068966,0.3448275862068965,0.3448275862068966,0.0,0.019230769230769232,8,0.7575757575757576,0.0,1,0,S1-815793485,S3-649391004,S3,0
0,0.27586206896551724,0.2758620689655173,0.27586206896551724,0.0,0.0,1,0.9333333333333333,0,0.2702702702702703,0.32432432432432434,0.32432432432432434,0.0,0.0,10,0.7619047619047619,0.0,1,0,S1-411974842,S3-96055730,S3,0
0,0.2777777777777778,0.33333333333333326,0.33333333333333337,0.0,0.0,6,0.7142857142857143,0,0.2941176470588235,0.2941176470588235,0.2941176470588235,0.0,0.016129032258064516,16,0.6190476190476191,0.0,1,0,S1-802023705,S3-96055730,S3,0
0,0.04347826086956519,0.058823529411764636,0.04347826086956519,0.0,0.0,14,0.5333333333333333,0,0.3508771929824561,0.3272727272727273,0.3508771929824561,0.0,0.0,3,0.9,0.0,0,0,S1-743069486,S2-801953778,S2,0
0,0.303030303030303,0.303030303030303,0.303030303030303,0.0,0.0,7,0.65,0,0.29268292682926833,0.3902439024390244,0.3902439024390244,0.0,0.0,8,0.8222222222222222,0.0,1,0,S1-636334488,S3-356682875,S3,0
0,0.36065573770491793,0.42622950819672134,0.42622950819672134,0.0,0.0,15,0.6052631578947368,0,0.32835820895522383,0.3880597014925373,0.3880597014925373,0.0,0.016129032258064516,1,0.9705882352941176,0.0,1,0,S1-577518172,S3-820704163,S3,0
0,0.24137931034482762,0.24137931034482762,0.24137931034482762,0.0,0.0,38,0.20833333333333334,0,0.29729729729729726,0.4057971014492754,0.3783783783783784,0.0,0.0,6,0.85,0.0,1,0,S1-606770404,S3-12577411,S3,0
0,0.3902439024390244,0.3902439024390244,0.3902439024390244,0.0,0.0,5,0.782608695652174,0,0.42105263157894735,0.3508771929824562,0.3508771929824561,0.0,0.0,1,0.9655172413793104,0.0,1,0,S1-284213744,S3-842818829,S3,0
0,0.31818181818181823,0.2857142857142857,0.2727272727272727,0.0,0.0,14,0.5172413793103449,0,0.29333333333333333,0.34666666666666673,0.34666666666666673,0.0,0.0,17,0.6304347826086957,0.0,1,0,S1-645176006,S2-346989887,S2,0
0,0.4642857142857143,0.4666666666666666,0.3928571428571429,0.2857142857142857,0.13043478260869565,10,0.696969696969697,0,0.3928571428571429,0.3789473684210526,0.375,0.0,0.0,22,0.6716417910447762,0.0,1,0,S1-706916783,S3-645235013,S3,0
0,0.36363636363636365,0.339622641509434,0.32727272727272727,0.0,0.0,3,0.896551724137931,0,0.3508771929824561,0.3859649122807018,0.38596491228070173,0.0,0.019230769230769232,1,0.9655172413793104,0.0,1,0,S1-16956022,S2-684477824,S2,0
0,0.4390243902439024,0.4390243902439025,0.4390243902439024,0.0,0.0,9,0.64,0,0.3448275862068966,0.41379310344827586,0.41379310344827597,0.0,0.0,2,0.9333333333333333,0.0,1,0,S1-664544964,S3-689252319,S3,0
0,0.26415094339622647,0.3018867924528301,0.30188679245283023,0.0,0.0,15,0.5588235294117647,0,0.31818181818181823,0.38636363636363635,0.38636363636363635,0.0,0.0375,2,0.9555555555555556,0.0,1,0,S1-947331604,S3-889358197,S3,0
0,0.6111111111111112,0.6,0.5277777777777778,0.2857142857142857,0.2830188679245283,2,0.9459459459459459,0,0.4242424242424242,0.4242424242424242,0.3939393939393939,0.04,0.01694915254237288,8,0.8857142857142857,0.0,1,0,S1-631106756,S2-537941201,S2,0
0,0.2857142857142857,0.2857142857142857,0.2857142857142857,0.0,0.0,10,0.6153846153846154,0,0.2823529411764706,0.275,0.2588235294117647,0.0,0.0,27,0.5178571428571429,0.0,1,0,S1-831878342,S2-676706867,S2,0
0,0.3278688524590164,0.36065573770491804,0.36065573770491793,0.0,0.017857142857142856,3,0.90625,0,0.23728813559322037,0.23728813559322035,0.23728813559322037,0.0,0.0,66,0.2826086956521739,0.0,0,0,S1-461117487,S2-505259941,S2,0
0,0.44999999999999996,0.3,0.30000000000000004,0.0,0.02857142857142857,0,1.0,0,0.41463414634146345,0.3902439024390244,0.3902439024390244,0.0,0.0410958904109589,2,0.9523809523809523,0.0,1,0,S1-871435027,S2-755642989,S2,0
0,0.38888888888888884,0.33333333333333326,0.33333333333333337,0.0,0.0,6,0.7142857142857143,0,0.43870967741935485,0.3972602739726028,0.4,0.04,0.043478260869565216,15,0.8235294117647058,0.0,1,0,S1-574334846,S2-185457473,S2,0
0,0.2545454545454545,0.29090909090909095,0.2909090909090909,0.0,0.0,7,0.7741935483870968,0,0.3111111111111111,0.2666666666666667,0.2666666666666667,0.0,0.012048192771084338,24,0.5789473684210527,0.0,0,0,S1-560636623,S3-582905240,S3,0
0,0.3589743589743589,0.358974358974359,0.3589743589743589,0.0,0.029411764705882353,1,0.95,0,0.2727272727272727,0.2522522522522523,0.25757575757575757,0.0,0.009259259259259259,56,0.40425531914893614,0.0,0,0,S1-323531556,S3-50947269,S3,0
0,0.36363636363636365,0.48484848484848486,0.48484848484848486,0.0,0.03571428571428571,7,0.65,0,0.28260869565217395,0.30434782608695654,0.30434782608695654,0.0,0.011764705882352941,38,0.4153846153846154,0.0,0,0,S1-45723762,S2-952208643,S2,0
0,0.2857142857142857,0.3571428571428571,0.3571428571428571,0.0,0.0,4,0.8666666666666667,0,0.27956989247311825,0.3655913978494624,0.3655913978494624,0.0,0.011494252873563218,41,0.3880597014925373,0.0,0,0,S1-754529828,S2-107344370,S2,0
0,0.30000000000000004,0.3,0.30000000000000004,0.0,0.0,6,0.7391304347826086,0,0.24390243902439024,0.2926829268292683,0.29268292682926833,0.0,0.0,2,0.9523809523809523,0.0,1,0,S1-255029863,S3-235364092,S3,0
0,0.2909090909090909,0.36363636363636365,0.36363636363636365,0.0,0.02,1,0.9642857142857143,0,0.2978723404255319,0.29787234042553196,0.2978723404255319,0.0,0.023255813953488372,36,0.4461538461538462,0.0,0,0,S1-700219685,S3-599812729,S3,0
0,0.3829787234042554,0.3829787234042554,0.3829787234042554,0.0,0.0,3,0.88,0,0.30612244897959184,0.391304347826087,0.36734693877551017,0.0,0.0,24,0.6065573770491803,0.0,0,0,S1-323325143,S3-892961538,S3,0
0,0.07272727272727275,0.08888888888888885,0.07272727272727275,0.0,0.0,5,0.8333333333333334,0,0.33333333333333337,0.33333333333333326,0.33333333333333337,0.0,0.01282051282051282,24,0.5555555555555556,0.0,0,0,S1-675792993,S2-411136294,S2,0
0,0.25531914893617025,0.29787234042553196,0.2978723404255319,0.0,0.0,5,0.8076923076923077,0,0.0,0.0,0.0,0.0,0.0,79,0.0,0.0,0,0,S1-409079638,S2-9276560,S2,0
0,0.33333333333333337,0.33333333333333326,0.33333333333333337,0.0,0.0,14,0.5483870967741935,0,0.3829787234042554,0.391304347826087,0.3829787234042554,0.0,0.05063291139240506,34,0.46875,0.0,0,0,S1-94582739,S2-423624110,S2,0
0,0.1071428571428571,0.125,0.1071428571428571,0.0,0.0,8,0.75,0,0.3375,0.3790849673202614,0.36250000000000004,0.043478260869565216,0.03496503496503497,40,0.6,0.0,1,0,S1-224597816,S2-144562920,S2,0
0,0.38095238095238093,0.4444444444444444,0.4444444444444444,0.0,0.05454545454545454,1,0.96875,0,0.3058823529411765,0.2823529411764706,0.2823529411764706,0.0,0.0,23,0.5740740740740741,0.0,0,0,S1-795611311,S2-178585211,S2,0
0,0.31818181818181823,0.36363636363636365,0.36363636363636365,0.0,0.0,12,0.5714285714285714,0,0.2777777777777778,0.3055555555555556,0.3055555555555556,0.0,0.0,14,0.6744186046511628,0.0,0,0,S1-986345641,S2-89138628,S2,0
0,0.28,0.28,0.28,0.0,0.0,20,0.42857142857142855,0,0.3516483516483516,0.4175824175824176,0.41758241758241754,0.0,0.0375,9,0.82,0.0,1,0,S1-260130291,S3-34189887,S3,0
0,0.34042553191489366,0.29787234042553196,0.2978723404255319,0.0,0.025,19,0.42424242424242425,0,0.27083333333333337,0.368421052631579,0.29166666666666663,0.0,0.0,42,0.391304347826087,0.0,0,0,S1-640473342,S2-975798007,S2,0
0,0.32727272727272727,0.36363636363636365,0.36363636363636365,0.0,0.02,9,0.71875,0,0.23913043478260865,0.3095238095238095,0.28260869565217395,0.0,0.0,22,0.6140350877192983,0.0,0,0,S1-443710507,S3-700024961,S3,0
0,0.21052631578947367,0.2105263157894737,0.21052631578947367,0.0,0.0,6,0.7272727272727273,0,0.24050632911392397,0.27210884353741494,0.25316455696202533,0.0,0.014705882352941176,78,0.3389830508474576,0.0,0,0,S1-347184610,S3-421907221,S3,0
0,0.33898305084745756,0.2711864406779661,0.27118644067796616,0.0,0.0,5,0.84375,0,0.44067796610169496,0.4067796610169491,0.4067796610169492,0.0,0.018518518518518517,11,0.6857142857142857,0.0,1,0,S1-581262590,S2-430171688,S2,0
0,0.33333333333333337,0.27777777777777773,0.2777777777777778,0.0,0.0,10,0.5652173913043478,0,0.4193548387096774,0.4516129032258065,0.4516129032258065,0.0,0.05454545454545454,8,0.7714285714285715,0.0,1,0,S1-893620848,S2-897562796,S2,0
0,0.46808510638297873,0.46808510638297873,0.46808510638297873,0.0,0.023809523809523808,11,0.6206896551724138,0,0.27118644067796616,0.3518518518518519,0.33898305084745756,0.0,0.0,38,0.5128205128205128,0.0,1,0,S1-613217275,S2-418169642,S2,0
0,0.3703703703703704,0.3703703703703704,0.3703703703703704,0.0,0.0,10,0.6875,0,0.0,0.0,0.0,0.0,0.0,75,0.0,0.0,1,0,S1-219615144,S3-236985523,S3,0
0,0.48,0.41666666666666663,0.4,0.125,0.045454545454545456,16,0.5151515151515151,0,0.32258064516129037,0.29032258064516125,0.29032258064516125,0.0,0.0,4,0.8787878787878788,0.0,1,0,S1-76152349,S3-972514628,S3,0
0,0.36363636363636365,0.3272727272727273,0.32727272727272727,0.0,0.0,15,0.5714285714285714,0,0.36363636363636365,0.36363636363636365,0.36363636363636365,0.0,0.0,8,0.7837837837837838,0.0,1,0,S1-277811958,S3-635110405,S3,0
0,0.2962962962962963,0.29629629629629634,0.2962962962962963,0.0,0.0,2,0.9285714285714286,0,0.26415094339622647,0.2641509433962264,0.26415094339622647,0.0,0.0,1,0.9629629629629629,0.0,0,0,S1-442020630,S2-110595569,S2,0
0,0.2666666666666667,0.3,0.30000000000000004,0.0,0.0,18,0.5384615384615384,0,0.2666666666666667,0.2666666666666667,0.2666666666666667,0.0,0.016666666666666666,67,0.33663366336633666,0.0,0,0,S1-851399163,S2-743720975,S2,0
0,0.64,0.7567567567567568,0.72,0.3333333333333333,0.375,4,0.8518518518518519,0,0.41509433962264153,0.41509433962264153,0.41509433962264153,0.0,0.020833333333333332,5,0.8275862068965517,0.0,1,0,S1-331440066,S2-430171688,S2,0
0,0.24390243902439024,0.24390243902439024,0.24390243902439024,0.0,0.0,3,0.8636363636363636,0,0.2682926829268293,0.3055555555555556,0.2682926829268293,0.0,0.0,24,0.5471698113207547,0.0,0,0,S1-447869477,S2-634147128,S2,0
0,0.07999999999999996,0.09090909090909094,0.07999999999999996,0.0,0.0,6,0.7857142857142857,0,0.3296703296703297,0.39285714285714285,0.39560439560439564,0.030303030303030304,0.03773584905660377,34,0.6851851851851852,0.0,1,0,S1-566741988,S3-788881192,S3,0
0,0.25,0.35,0.35,0.0,0.0,4,0.8181818181818182,0,0.34782608695652173,0.4271844660194175,0.3826086956521739,0.058823529411764705,0.04081632653061224,27,0.6197183098591549,0.25,0,0,S1-993577168,S3-287667594,S3,0
0,0.31999999999999995,0.32,0.31999999999999995,0.0,0.0,2,0.9230769230769231,0,0.303030303030303,0.3232323232323232,0.3232323232323232,0.0,0.0,27,0.5714285714285714,0.0,0,0,S1-530158287,S2-271731082,S2,0
0,0.3137254901960784,0.35294117647058826,0.3529411764705882,0.0,0.0,15,0.5454545454545454,0,0.28301886792452835,0.28301886792452835,0.28301886792452835,0.0,0.010101010101010102,32,0.5362318840579711,0.0,0,0,S1-987929900,S3-782910856,S3,0
0,0.2564102564102564,0.20512820512820512,0.20512820512820518,0.0,0.0,11,0.56,0,0.419047619047619,0.38,0.38095238095238093,0.0,0.03260869565217391,13,0.7796610169491526,0.0,1,0,S1-688506286,S3-947839618,S3,0
0,0.6666666666666667,0.7692307692307692,0.6296296296296297,0.3333333333333333,0.3888888888888889,6,0.8,0,0.36363636363636365,0.3795620437956205,0.3776223776223776,0.0,0.031746031746031744,1,0.9861111111111112,0.0,1,0,S1-633782067,S3-422881402,S3,0
0,0.16666666666666663,0.19047619047619052,0.16666666666666663,0.0,0.0,8,0.7142857142857143,0,0.4117647058823529,0.37362637362637363,0.3921568627450981,0.0,0.04819277108433735,26,0.59375,0.0,0,0,S1-784161301,S3-492670852,S3,0
0,0.34210526315789463,0.2894736842105263,0.2894736842105263,0.0,0.014285714285714285,16,0.6521739130434783,0,0.3564356435643564,0.3296703296703296,0.3564356435643564,0.0,0.0,7,0.8703703703703703,0.0,0,0,S1-657092238,S3-692541112,S3,0
0,0.3076923076923077,0.25641025641025633,0.2564102564102564,0.0,0.0,11,0.56,0,0.3902439024390244,0.3902439024390244,0.3902439024390244,0.0,0.0,12,0.7446808510638298,0.0,0,0,S1-554276967,S2-234787766,S2,0
0,0.42553191489361697,0.5106382978723404,0.5106382978723405,0.0,0.10526315789473684,11,0.6206896551724138,0,0.31304347826086953,0.3119266055045871,0.31304347826086953,0.0,0.009615384615384616,29,0.5972222222222222,0.0,1,0,S1-244679895,S3-219945562,S3,0
0,0.23529411764705888,0.23529411764705885,0.23529411764705888,0.0,0.0,18,0.3076923076923077,0,0.37777777777777777,0.4444444444444444,0.4222222222222223,0.08333333333333333,0.08860759493670886,12,0.7647058823529411,0.0,1,0,S1-58024125,S3-740607504,S3,0
0,0.3076923076923077,0.3076923076923077,0.3076923076923077,0.0,0.0,11,0.56,0,0.2909090909090909,0.4,0.4,0.0,0.0,5,0.8333333333333334,0.0,1,0,S1-35714907,S2-581072731,S2,0
0,0.33333333333333337,0.33333333333333326,0.33333333333333337,0.0,0.05555555555555555,12,0.5555555555555556,0,0.32558139534883723,0.32558139534883723,0.32558139534883723,0.0,0.02531645569620253,2,0.9545454545454546,0.0,1,0,S1-380757716,S3-96055730,S3,0
0,0.4067796610169492,0.4067796610169491,0.4067796610169492,0.0,0.03773584905660377,3,0.9032258064516129,0,0.26865671641791045,0.2644628099173553,0.23880597014925375,0.0,0.00847457627118644,74,0.28846153846153844,0.0,0,0,S1-837951659,S2-423624110,S2,0
0,0.3703703703703704,0.3703703703703704,0.3703703703703704,0.0,0.0,2,0.9285714285714286,0,0.2797202797202797,0.2941176470588235,0.2797202797202797,0.0,0.0,73,0.32407407407407407,0.0,0,0,S1-58929997,S2-444914669,S2,0
0,0.3111111111111111,0.32558139534883723,0.3111111111111111,0.0,0.0,3,0.875,0,0.34615384615384615,0.3076923076923077,0.3076923076923077,0.0,0.0,0,1.0,0.0,1,0,S1-831709485,S2-543626459,S2,0
0,0.2941176470588235,0.2941176470588235,0.2941176470588235,0.0,0.0,4,0.7894736842105263,0,0.3835616438356164,0.4383561643835616,0.410958904109589,0.08333333333333333,0.06349206349206349,15,0.6590909090909091,0.0,1,0,S1-906135408,S3-272115074,S3,0
0,0.30188679245283023,0.37735849056603776,0.37735849056603776,0.14285714285714285,0.043478260869565216,3,0.8928571428571429,0,0.2947368421052632,0.2857142857142857,0.3157894736842105,0.0,0.0,3,0.9387755102040817,0.0,1,0,S1-799679034,S2-235413556,S2,0
0,0.16216216216216217,0.16216216216216212,0.16216216216216217,0.0,0.0,9,0.6086956521739131,0,0.2622950819672131,0.3278688524590164,0.3278688524590164,0.0,0.0,5,0.8484848484848485,0.0,0,0,S1-62227826,S2-475850188,S2,0
0,0.19047619047619047,0.19047619047619052,0.19047619047619047,0.0,0.0,26,0.23529411764705882,0,0.4307692307692308,0.4307692307692308,0.36923076923076925,0.1111111111111111,0.1111111111111111,5,0.8571428571428571,0.0,1,0,S1-582763044,S2-844536886,S2,0
0,0.26315789473684215,0.2894736842105263,0.2894736842105263,0.0,0.0,30,0.4339622641509434,0,0.3023255813953488,0.34883720930232553,0.32558139534883723,0.07692307692307693,0.05194805194805195,22,0.5925925925925926,0.0,0,0,S1-715103900,S3-705175883,S3,0
0,0.36,0.36,0.36,0.0,0.046511627906976744,12,0.6129032258064516,0,0.37241379310344824,0.3829787234042554,0.38620689655172413,0.0,0.03875968992248062,11,0.8589743589743589,0.0,1,0,S1-400120814,S2-907774239,S2,0
0,0.2142857142857143,0.3571428571428571,0.3571428571428571,0.0,0.0,4,0.75,0,0.34782608695652173,0.3695652173913044,0.3695652173913043,0.07692307692307693,0.075,6,0.8775510204081632,0.0,1,0,S1-434701903,S2-924872751,S2,0
0,0.33333333333333337,0.2222222222222223,0.2222222222222222,0.0,0.0,12,0.5,0,0.26086956521739135,0.24528301886792447,0.24347826086956526,0.0,0.0,43,0.45569620253164556,0.0,0,0,S1-634629162,S2-367960405,S2,0
0,0.42553191489361697,0.4444444444444444,0.42553191489361697,0.1111111111111111,0.05,13,0.5666666666666667,0,0.4642857142857143,0.3571428571428571,0.3571428571428571,0.0,0.061224489795918366,2,0.9310344827586207,0.0,1,0,S1-666481699,S2-849191215,S2,0
0,0.05263157894736848,0.058823529411764636,0.05263157894736848,0.0,0.0,18,0.35714285714285715,0,0.17307692307692313,0.2553191489361703,0.23076923076923073,0.0,0.0,48,0.3684210526315789,0.0,0,0,S1-651221384,S2-83729528,S2,0
0,0.2857142857142857,0.2857142857142857,0.2857142857142857,0.0,0.0,6,0.75,0,0.339622641509434,0.41509433962264153,0.41509433962264153,0.0,0.020833333333333332,3,0.8928571428571429,0.0,0,0,S1-899700924,S3-710365262,S3,0
0,0.3076923076923077,0.3076923076923077,0.3076923076923077,0.0,0.0,6,0.625,0,0.42307692307692313,0.3846153846153846,0.3846153846153846,0.0,0.0,0,1.0,0.0,1,0,S1-681435356,S2-573051800,S2,0
0,0.2727272727272727,0.27272727272727265,0.2727272727272727,0.0,0.0,16,0.4666666666666667,0,0.0,0.0,0.0,0.0,0.0,41,0.0,0.0,1,0,S1-489240134,S2-467496543,S2,0
0,0.38596491228070173,0.4210526315789474,0.42105263157894735,0.0,0.019230769230769232,7,0.78125,0,0.2807017543859649,0.29824561403508765,0.29824561403508776,0.0,0.0,48,0.4074074074074074,0.0,0,0,S1-26044745,S3-401742213,S3,0
0,0.32432432432432434,0.32432432432432434,0.32432432432432434,0.0,0.0,3,0.85,0,0.33333333333333337,0.36111111111111116,0.36111111111111116,0.0,0.0,16,0.6363636363636364,0.0,1,0,S1-499611887,S2-730141099,S2,0
0,0.32558139534883723,0.32558139534883723,0.32558139534883723,0.0,0.0,5,0.7916666666666666,0,0.3448275862068966,0.3793103448275862,0.3793103448275862,0.0,0.0,6,0.8125,0.0,1,0,S1-633249684,S2-149254306,S2,0
0,0.2857142857142857,0.2857142857142857,0.2857142857142857,0.0,0.0,13,0.5806451612903226,0,0.2894736842105263,0.2894736842105263,0.2894736842105263,0.0,0.0,32,0.4074074074074074,0.0,0,0,S1-74140736,S2-310565366,S2,0
0,0.2295081967213115,0.2033898305084746,0.2295081967213115,0.0,0.0,15,0.6052631578947368,0,0.23703703703703705,0.27272727272727265,0.2666666666666667,0.0,0.01639344262295082,79,0.2616822429906542,0.0,0,0,S1-784130150,S2-360012450,S2,0
0,0.339622641509434,0.2641509433962264,0.26415094339622647,0.0,0.0,7,0.7666666666666667,0,0.23404255319148937,0.2553191489361703,0.25531914893617025,0.0,0.0,44,0.36231884057971014,0.0,0,0,S1-983606204,S2-523493016,S2,0
0,0.375,0.40625,0.40625,0.125,0.03571428571428571,4,0.8823529411764706,0,0.3943661971830986,0.39436619718309857,0.3943661971830986,0.0,0.03125,9,0.775,0.0,1,0,S1-611246352,S2-639712365,S2,0
0,0.3157894736842105,0.31578947368421056,0.3157894736842105,0.0,0.0,2,0.9,0,0.2222222222222222,0.31746031746031744,0.31746031746031744,0.0,0.017241379310344827,19,0.5365853658536586,0.0,1,0,S1-966283230,S2-310565366,S2,0
0,0.3448275862068966,0.3448275862068965,0.3448275862068966,0.0,0.018867924528301886,0,1.0,0,0.3870967741935484,0.3870967741935484,0.3870967741935484,0.0,0.0,2,0.9375,0.0,1,0,S1-172003515,S2-83798249,S2,0
0,0.22857142857142854,0.22857142857142862,0.22857142857142854,0.0,0.0,11,0.5217391304347826,0,0.35,0.325,0.32499999999999996,0.0,0.013333333333333334,18,0.6326530612244898,0.0,1,0,S1-951281552,S2-642842175,S2,0
0,0.4193548387096774,0.41935483870967744,0.32258064516129037,0.125,0.05454545454545454,8,0.7714285714285715,0,0.3548387096774194,0.29032258064516125,0.29032258064516125,0.0,0.0,4,0.8787878787878788,0.0,1,0,S1-510048584,S3-657458191,S3,0
0,0.36734693877551017,0.40816326530612246,0.40816326530612246,0.0,0.046511627906976744,1,0.96,0,0.33009708737864074,0.31067961165048547,0.3106796116504854,0.0,0.021052631578947368,35,0.4927536231884058,0.0,0,0,S1-326381243,S2-961259779,S2,0
0,0.3902439024390244,0.4878048780487805,0.4878048780487805,0.0,0.08823529411764706,3,0.8636363636363636,0,0.4285714285714286,0.3214285714285714,0.3214285714285714,0.0,0.0,2,0.9310344827586207,0.0,1,0,S1-161388077,S2-747386079,S2,0
0,0.33333333333333337,0.41666666666666663,0.41666666666666663,0.0,0.0,4,0.7142857142857143,0,0.32727272727272727,0.36363636363636365,0.36363636363636365,0.0,0.0,7,0.7741935483870968,0.0,1,0,S1-309924818,S2-373363932,S2,0
0,0.4242424242424242,0.3939393939393939,0.3939393939393939,0.0,0.07017543859649122,8,0.7837837837837838,0,0.25396825396825395,0.3298969072164948,0.2698412698412699,0.0,0.0,64,0.3263157894736842,0.0,0,0,S1-754061339,S2-10621391,S2,0
0,0.22857142857142854,0.22857142857142862,0.22857142857142854,0.0,0.0,19,0.2962962962962963,0,0.3392857142857143,0.375,0.375,0.0,0.019230769230769232,22,0.6716417910447762,0.0,0,0,S1-153680888,S3-452589578,S3,0
0,0.3529411764705882,0.27450980392156865,0.27450980392156865,0.0,0.0,19,0.45714285714285713,0,0.30000000000000004,0.32,0.31999999999999995,0.0,0.02127659574468085,40,0.42857142857142855,0.0,0,0,S1-997914151,S3-744611597,S3,0
0,0.33333333333333337,0.2,0.19999999999999996,0.0,0.0,16,0.30434782608695654,0,0.2678571428571429,0.3298969072164948,0.3035714285714286,0.0,0.0,58,0.3176470588235294,0.0,0,0,S1-134802503,S2-575090652,S2,0
0,0.2962962962962963,0.29629629629629634,0.2962962962962963,0.0,0.0,1,0.9285714285714286,0,0.0,0.0,0.0,0.0,0.0,33,0.0,0.0,0,0,S1-709549751,S3-139376241,S3,0
0,0.2857142857142857,0.3571428571428571,0.3571428571428571,0.0,0.0,2,0.8666666666666667,0,0.3728813559322034,0.3728813559322034,0.3728813559322034,0.0,0.018518518518518517,5,0.84375,0.0,1,0,S1-445076981,S2-897562796,S2,0
0,0.2666666666666667,0.33333333333333326,0.33333333333333337,0.0,0.0,6,0.6666666666666666,0,0.31746031746031744,0.38095238095238093,0.38095238095238093,0.0,0.0,3,0.9090909090909091,0.0,1,0,S1-662532436,S3-217980645,S3,0
0,0.2564102564102564,0.20512820512820512,0.20512820512820518,0.0,0.0,25,0.21875,0,0.32704402515723274,0.4647887323943662,0.44025157232704404,0.043478260869565216,0.08064516129032258,15,0.8275862068965517,0.0,1,0,S1-885401273,S2-208831921,S2,0
0,0.36363636363636365,0.3272727272727273,0.32727272727272727,0.0,0.02,11,0.6666666666666666,0,0.0,0.0,0.0,0.0,0.0,94,0.0,0.0,1,0,S1-155284243,S2-140279383,S2,0
0,0.3928571428571429,0.39285714285714285,0.3928571428571429,0.0,0.0196078431372549,8,0.75,0,0.3076923076923077,0.3469387755102041,0.3076923076923077,0.0,0.0,50,0.4444444444444444,0.0,0,0,S1-847460085,S3-823461968,S3,0
0,0.303030303030303,0.303030303030303,0.303030303030303,0.0,0.0,5,0.7368421052631579,0,0.3687943262411347,0.3703703703703704,0.3971631205673759,0.0,0.04878048780487805,7,0.9054054054054054,0.0,1,0,S1-316139240,S2-102659865,S2,0
0,0.4666666666666666,0.5,0.5,0.16666666666666666,0.14285714285714285,10,0.7142857142857143,0,0.31666666666666665,0.375,0.3666666666666667,0.0,0.0,30,0.6,0.0,0,0,S1-439731975,S3-591408300,S3,0
0,0.39130434782608686,0.391304347826087,0.39130434782608686,0.0,0.024390243902439025,4,0.84,0,0.36363636363636365,0.4,0.4,0.0,0.0,1,0.9642857142857143,0.0,1,0,S1-69884040,S3-730691663,S3,0
0,0.3125,0.3125,0.3125,0.0,0.0,12,0.45454545454545453,0,0.2702702702702703,0.28828828828828834,0.28828828828828834,0.0,0.0,13,0.7903225806451613,0.0,0,0,S1-901197845,S3-470667789,S3,0
0,0.27450980392156865,0.3137254901960784,0.3137254901960784,0.0,0.0,25,0.34210526315789475,0,0.0,0.0,0.0,0.0,0.0,48,0.0,0.0,0,0,S1-285012185,S2-27825770,S2,0
0,0.3529411764705882,0.35294117647058826,0.3529411764705882,0.0,0.07142857142857142,14,0.4166666666666667,0,0.0,0.0,0.0,0.0,0.0,42,0.0,0.0,0,0,S1-812724093,S2-995488135,S2,0
0,0.36363636363636365,0.36363636363636365,0.36363636363636365,0.0,0.0,1,0.9642857142857143,0,0.29885057471264365,0.29885057471264376,0.29885057471264365,0.0,0.0,5,0.8913043478260869,0.0,0,0,S1-161263836,S2-1034321,S2,0
0,0.36065573770491793,0.36065573770491804,0.36065573770491793,0.0,0.01818181818181818,19,0.525,0,0.3380281690140845,0.33333333333333326,0.3380281690140845,0.0,0.0,9,0.775,0.0,1,0,S1-930595552,S2-780466331,S2,0
0,0.11538461538461542,0.13043478260869562,0.11538461538461542,0.0,0.0,22,0.40540540540540543,0,0.2828282828282829,0.3058823529411765,0.26262626262626265,0.0,0.0125,37,0.45588235294117646,0.0,0,0,S1-884951634,S2-153978707,S2,0
0,0.2978723404255319,0.2553191489361703,0.25531914893617025,0.0,0.0,13,0.5666666666666667,0,0.31746031746031744,0.34920634920634924,0.3492063492063492,0.0,0.0,3,0.9090909090909091,0.0,0,0,S1-184711707,S3-51612807,S3,0
0,0.2666666666666667,0.2666666666666667,0.2666666666666667,0.0,0.0,20,0.2,0,0.3703703703703704,0.3703703703703704,0.3703703703703704,0.0,0.0,8,0.7419354838709677,0.0,0,0,S1-959515512,S3-526459565,S3,0
0,0.1132075471698113,0.12244897959183675,0.1132075471698113,0.0,0.0,15,0.5588235294117647,0,0.38095238095238093,0.4177215189873418,0.3928571428571429,0.037037037037037035,0.04054054054054054,0,1.0,0.25,1,0,S1-370499178,S2-876524952,S2,0
0,0.16666666666666663,0.1666666666666667,0.16666666666666663,0.0,0.0,20,0.2857142857142857,0,0.30612244897959184,0.4210526315789474,0.4285714285714286,0.0,0.0,30,0.53125,0.0,0,0,S1-211311074,S3-405459887,S3,0
0,0.2909090909090909,0.2545454545454545,0.2545454545454545,0.0,0.0,3,0.896551724137931,0,0.20618556701030932,0.3260869565217391,0.30927835051546393,0.0,0.0,55,0.27631578947368424,0.0,0,0,S1-760534485,S2-703243828,S2,0
0,0.326530612244898,0.3265306122448979,0.326530612244898,0.0,0.0,1,0.96,0,0.29729729729729726,0.27027027027027034,0.2702702702702703,0.0,0.0,12,0.7209302325581395,0.0,1,0,S1-79209786,S3-767061026,S3,0
0,0.2790697674418605,0.32558139534883723,0.32558139534883723,0.0,0.0,17,0.43333333333333335,0,0.4126984126984127,0.4444444444444444,0.4444444444444444,0.0,0.01818181818181818,9,0.75,0.0,1,0,S1-780987024,S2-342987729,S2,0
0,0.3278688524590164,0.36065573770491804,0.36065573770491793,0.0,0.0,13,0.6486486486486487,0,0.28099173553719003,0.30508474576271183,0.2975206611570248,0.0,0.008849557522123894,41,0.49382716049382713,0.0,0,0,S1-766867380,S3-742384441,S3,0
0,0.3125,0.3125,0.3125,0.0,0.0,8,0.6,0,0.23404255319148937,0.27659574468085113,0.276595744680851,0.0,0.0,26,0.5666666666666667,0.0,0,0,S1-984040127,S2-341564100,S2,0
0,0.28,0.36,0.36,0.0,0.0,8,0.7241379310344828,0,0.32478632478632474,0.3783783783783784,0.37606837606837606,0.0,0.0392156862745098,31,0.581081081081081,0.0,1,0,S1-544034399,S3-96658851,S3,0
0,0.34210526315789463,0.3421052631578948,0.34210526315789463,0.0,0.0,4,0.9,0,0.2666666666666667,0.28888888888888886,0.28888888888888886,0.0,0.0,30,0.5,0.0,0,0,S1-567556029,S3-980134839,S3,0
0,0.11764705882352944,0.17647058823529405,0.17647058823529416,0.0,0.0,20,0.25925925925925924,0,0.33684210526315794,0.3181818181818181,0.2947368421052632,0.0,0.0,27,0.5573770491803278,0.0,0,0,S1-33538646,S3-765271199,S3,0
0,0.19999999999999996,0.2,0.19999999999999996,0.0,0.0,4,0.6666666666666666,0,0.4444444444444444,0.38888888888888884,0.38888888888888884,0.0,0.030303030303030304,6,0.8461538461538461,0.0,1,0,S1-510655706,S3-559334986,S3,0
0,0.3666666666666667,0.33333333333333326,0.33333333333333337,0.0,0.01818181818181818,0,1.0,0,0.2417582417582418,0.3296703296703296,0.3296703296703297,0.0,0.0,33,0.46774193548387094,0.0,0,0,S1-698332871,S3-608115896,S3,0
0,0.36734693877551017,0.3673469387755102,0.36734693877551017,0.0,0.046511627906976744,5,0.8148148148148148,0,0.24,0.27350427350427353,0.256,0.0,0.009174311926605505,73,0.26262626262626265,0.0,0,0,S1-732378812,S2-38748808,S2,0
0,0.24390243902439024,0.3414634146341463,0.3414634146341463,0.0,0.0,15,0.4642857142857143,0,0.3768115942028986,0.3768115942028985,0.3768115942028986,0.0,0.03225806451612903,11,0.725,0.0,1,0,S1-889136192,S3-296695005,S3,0
0,0.3571428571428571,0.2857142857142857,0.2857142857142857,0.0,0.0,0,1.0,0,0.36363636363636365,0.3272727272727273,0.32727272727272727,0.0,0.0,1,0.9642857142857143,0.0,1,0,S1-223061499,S2-975798007,S2,0
0,0.04878048780487809,0.05714285714285708,0.04878048780487809,0.0,0.0,7,0.7083333333333334,0,0.36734693877551017,0.4148148148148148,0.40816326530612246,0.0,0.023255813953488372,1,0.9864864864864865,0.0,1,0,S1-182997083,S3-79462472,S3,0
0,0.5806451612903225,0.7096774193548387,0.6451612903225806,0.3333333333333333,0.3181818181818182,2,0.9375,0,0.3939393939393939,0.4102564102564103,0.40909090909090906,0.08695652173913043,0.03669724770642202,8,0.8857142857142857,0.2857142857142857,1,0,S1-554113730,S2-319696670,S2,0
0,0.3829787234042554,0.425531914893617,0.42553191489361697,0.0,0.0,9,0.6785714285714286,0,0.3125,0.40625,0.40625,0.0,0.034482758620689655,16,0.6,0.0,1,0,S1-609582645,S2-646587470,S2,0
0,0.19999999999999996,0.15,0.15000000000000002,0.0,0.0,22,0.2903225806451613,0,0.3801652892561983,0.34710743801652894,0.3471074380165289,0.0,0.0,29,0.6133333333333333,0.0,0,0,S1-445314702,S3-958056462,S3,0
0,0.3529411764705882,0.27450980392156865,0.27450980392156865,0.0,0.0,1,0.9615384615384616,0,0.2727272727272727,0.33333333333333326,0.33333333333333337,0.0,0.0,8,0.7837837837837838,0.0,1,0,S1-934463264,S3-944792231,S3,0
0,0.2777777777777778,0.27777777777777773,0.2777777777777778,0.0,0.0,4,0.8,0,0.345679012345679,0.345679012345679,0.345679012345679,0.0,0.0,11,0.7608695652173914,0.0,1,0,S1-958363335,S3-938789482,S3,0
0,0.27450980392156865,0.27450980392156865,0.27450980392156865,0.0,0.0,15,0.5454545454545454,0,0.0,0.0,0.0,0.0,0.0,47,0.0,0.0,0,0,S1-9877145,S3-519803077,S3,0
0,0.33333333333333337,0.33333333333333326,0.33333333333333337,0.0,0.0,10,0.6551724137931034,0,0.47887323943661975,0.45070422535211263,0.45070422535211263,0.0,0.06451612903225806,3,0.918918918918919,0.0,1,0,S1-396683965,S3-438174100,S3,0
0,0.32352941176470584,0.2941176470588235,0.2941176470588235,0.0,0.0,12,0.7,0,0.3142857142857143,0.3428571428571429,0.34285714285714286,0.0,0.0,6,0.8421052631578947,0.0,1,0,S1-386324108,S3-593392601,S3,0
0,0.38596491228070173,0.3859649122807018,0.38596491228070173,0.0,0.0196078431372549,13,0.6285714285714286,0,0.3168316831683168,0.29702970297029707,0.29702970297029707,0.0,0.010526315789473684,43,0.4027777777777778,0.0,0,0,S1-761443623,S3-185995352,S3,0
0,0.3188405797101449,0.318840579710145,0.3188405797101449,0.0,0.0,15,0.6428571428571429,0,0.31746031746031744,0.31746031746031744,0.31746031746031744,0.0,0.0,3,0.9090909090909091,0.0,1,0,S1-197681275,S3-701849117,S3,0
0,0.4,0.45714285714285713,0.34285714285714286,0.16666666666666666,0.06896551724137931,1,0.9444444444444444,0,0.32098765432098764,0.39473684210526316,0.3950617283950617,0.0,0.013888888888888888,19,0.62,0.0,1,0,S1-663912018,S2-253265719,S2,0
0,0.22857142857142854,0.22857142857142862,0.22857142857142854,0.0,0.0,19,0.2962962962962963,0,0.2857142857142857,0.33333333333333326,0.33333333333333337,0.0,0.0,12,0.75,0.0,1,0,S1-524889042,S3-445101592,S3,0
0,0.2162162162162162,0.21621621621621628,0.2162162162162162,0.0,0.0,13,0.48,0,0.3448275862068966,0.3448275862068965,0.3448275862068966,0.0,0.018867924528301886,10,0.7058823529411765,0.0,1,0,S1-371896212,S2-436008421,S2,0
0,0.24390243902439024,0.19512195121951223,0.19512195121951215,0.0,0.0,29,0.17142857142857143,0,0.3047619047619048,0.303030303030303,0.2857142857142857,0.0,0.010526315789473684,21,0.6666666666666666,0.0,0,0,S1-960597007,S3-128314530,S3,0
0,0.0625,0.0625,0.0625,0.0,0.0,20,0.23076923076923078,0,0.32608695652173914,0.30434782608695654,0.30434782608695654,0.0,0.011627906976744186,30,0.5081967213114754,0.0,0,0,S1-124049535,S2-830026308,S2,0
0,0.3125,0.3125,0.3125,0.0,0.0,8,0.6,0,0.3035714285714286,0.3119266055045871,0.3035714285714286,0.0,0.0196078431372549,46,0.4177215189873418,0.0,0,0,S1-897305540,S2-290766078,S2,0
0,0.17391304347826086,0.21739130434782608,0.21739130434782605,0.0,0.0,20,0.3939393939393939,0,0.33333333333333337,0.36111111111111116,0.36111111111111116,0.0,0.0,4,0.8947368421052632,0.0,1,0,S1-774744605,S3-762194583,S3,0
0,0.31034482758620685,0.3793103448275862,0.3793103448275862,0.0,0.0,0,1.0,0,0.3921568627450981,0.425531914893617,0.43137254901960786,0.058823529411764705,0.05952380952380952,0,1.0,0.0,1,0,S1-840539125,S2-686896201,S2,0
0,0.25,0.2,0.19999999999999996,0.0,0.0,20,0.3333333333333333,0,0.24242424242424243,0.2424242424242425,0.24242424242424243,0.0,0.0,12,0.6923076923076923,0.0,1,0,S1-33611613,S3-14354533,S3,0
0,0.2978723404255319,0.2553191489361703,0.25531914893617025,0.0,0.0,21,0.38235294117647056,0,0.26865671641791045,0.23333333333333328,0.23880597014925375,0.0,0.0,5,0.8611111111111112,0.0,0,0,S1-625875062,S2-1599689,S2,0
0,0.19999999999999996,0.2,0.19999999999999996,0.0,0.0,14,0.5625,0,0.2954545454545454,0.3181818181818181,0.31818181818181823,0.0,0.0,20,0.6296296296296297,0.0,0,0,S1-418075458,S2-208942704,S2,0
0,0.4,0.4,0.4,0.14285714285714285,0.045454545454545456,2,0.9230769230769231,0,0.32432432432432434,0.32432432432432434,0.32432432432432434,0.0,0.0,16,0.6444444444444445,0.0,1,0,S1-658329288,S3-217693041,S3,0
0,0.4666666666666666,0.4666666666666666,0.4666666666666666,0.0,0.018867924528301886,2,0.9354838709677419,0,0.35,0.325,0.32499999999999996,0.0,0.00684931506849315,34,0.6494845360824743,0.0,1,0,S1-681949432,S2-99025101,S2,0
0,0.4285714285714286,0.40476190476190477,0.3571428571428571,0.09090909090909091,0.11267605633802817,4,0.9090909090909091,0,0.33333333333333337,0.37878787878787873,0.37878787878787873,0.0,0.0,18,0.76,0.0,1,0,S1-634909644,S3-655537117,S3,0
0,0.5142857142857142,0.5142857142857143,0.34285714285714286,0.16666666666666666,0.06896551724137931,3,0.8421052631578947,0,0.379746835443038,0.45569620253164556,0.45569620253164556,0.0,0.0,3,0.926829268292683,0.0,1,0,S1-257628490,S3-50947269,S3,0
0,0.2162162162162162,0.16216216216216212,0.16216216216216217,0.0,0.0,11,0.5416666666666666,0,0.33333333333333337,0.3076923076923077,0.3076923076923077,0.0,0.013888888888888888,18,0.625,0.0,1,0,S1-381493537,S3-337148307,S3,0
0,0.3076923076923077,0.3076923076923077,0.3076923076923077,0.0,0.0,1,0.95,0,0.0,0.0,0.0,0.0,0.0,45,0.0,0.0,1,0,S1-34791877,S2-116742124,S2,0
0,0.3870967741935484,0.3870967741935484,0.3870967741935484,0.0,0.0,1,0.9375,0,0.34666666666666673,0.42666666666666664,0.42666666666666664,0.0,0.028985507246376812,7,0.8292682926829268,0.0,1,0,S1-777144550,S3-828994416,S3,0
0,0.34042553191489366,0.425531914893617,0.42553191489361697,0.0,0.0,1,0.9583333333333334,0,0.43333333333333335,0.4,0.4,0.0,0.01818181818181818,12,0.6666666666666666,0.0,1,0,S1-143883138,S3-985626491,S3,0
0,0.2702702702702703,0.27027027027027034,0.2702702702702703,0.0,0.03125,5,0.7619047619047619,0,0.3943661971830986,0.3661971830985915,0.3661971830985915,0.0,0.0,7,0.8205128205128205,0.0,1,0,S1-973120640,S2-899577266,S2,0
0,0.24489795918367352,0.2857142857142857,0.2857142857142857,0.0,0.0,17,0.48484848484848486,0,0.0,0.0,0.0,0.0,0.0,104,0.0,0.0,1,0,S1-293541341,S3-292881614,S3,0
0,0.2978723404255319,0.3829787234042554,0.3829787234042554,0.0,0.0,7,0.7407407407407407,0,0.3055555555555556,0.4444444444444444,0.4444444444444444,0.0,0.015151515151515152,8,0.8,0.0,1,0,S1-912730736,S3-688464044,S3,0
0,0.35,0.3,0.30000000000000004,0.0,0.0,4,0.8181818181818182,0,0.3571428571428571,0.3214285714285714,0.3214285714285714,0.0,0.0,8,0.75,0.0,1,0,S1-979848436,S2-962061970,S2,0
0,0.37209302325581395,0.32558139534883723,0.32558139534883723,0.0,0.02702702702702703,15,0.4827586206896552,0,0.25,0.3125,0.3125,0.0,0.0,8,0.7777777777777778,0.0,1,0,S1-422289339,S3-5060090,S3,0
0,0.08695652173913049,0.10169491525423723,0.08695652173913049,0.0,0.0,1,0.9714285714285714,0,0.2978723404255319,0.31404958677685957,0.3262411347517731,0.037037037037037035,0.00819672131147541,39,0.5666666666666667,0.125,1,0,S1-422268340,S2-343651347,S2,0
0,0.34375,0.375,0.375,0.0,0.01694915254237288,14,0.6410256410256411,0,0.34210526315789463,0.368421052631579,0.368421052631579,0.0,0.0,8,0.8095238095238095,0.0,0,0,S1-955433405,S3-580845326,S3,0
0,0.30000000000000004,0.25,0.25,0.0,0.0,8,0.6666666666666666,0,0.2857142857142857,0.25925925925925924,0.25396825396825395,0.0,0.0,7,0.8,0.0,0,0,S1-692161076,S3-557198125,S3,0
0,0.24137931034482762,0.31034482758620685,0.31034482758620685,0.0,0.0,4,0.8709677419354839,0,0.3287671232876712,0.3561643835616438,0.3561643835616438,0.0,0.0,9,0.7804878048780488,0.0,0,0,S1-190235756,S3-716297249,S3,0
0,0.25,0.25,0.25,0.0,0.0,8,0.6666666666666666,0,0.3146067415730337,0.2921348314606742,0.2921348314606742,0.0,0.011904761904761904,29,0.5084745762711864,0.0,0,0,S1-255030577,S3-572699035,S3,0
0,0.13636363636363635,0.15,0.13636363636363635,0.0,0.0,8,0.6923076923076923,0,0.28,0.28,0.28,0.0,0.0,42,0.4084507042253521,0.0,0,0,S1-141050813,S2-997224323,S2,0
0,0.25,0.1875,0.1875,0.0,0.0,18,0.28,0,0.2962962962962963,0.34375,0.3111111111111111,0.045454545454545456,0.06086956521739131,67,0.33663366336633666,0.0,0,0,S1-781378465,S2-628067531,S2,0
0,0.4,0.4307692307692308,0.4307692307692308,0.0,0.016666666666666666,5,0.8571428571428571,0,0.33684210526315794,0.3578947368421052,0.35789473684210527,0.0,0.011363636363636364,3,0.9387755102040817,0.0,0,0,S1-901836981,S2-263544248,S2,0
0,0.3728813559322034,0.3728813559322034,0.3728813559322034,0.0,0.018867924528301886,1,0.9666666666666667,0,0.3098591549295775,0.3661971830985915,0.3661971830985915,0.0,0.0,3,0.918918918918919,0.0,0,0,S1-71053974,S2-3740239,S2,0
0,0.2941176470588235,0.35294117647058826,0.3529411764705882,0.0,0.0,6,0.7,0,0.3448275862068966,0.31034482758620685,0.31034482758620685,0.0,0.0196078431372549,8,0.7575757575757576,0.0,1,0,S1-213056729,S2-5972031,S2,0
0,0.2962962962962963,0.33333333333333326,0.33333333333333337,0.0,0.0,10,0.6875,0,0.34437086092715236,0.3401360544217687,0.34437086092715236,0.0,0.03007518796992481,53,0.4803921568627451,0.0,1,0,S1-323816150,S3-946549632,S3,0
0,0.07999999999999996,0.08695652173913046,0.07999999999999996,0.0,0.0,0,1.0,0,0.4086021505376344,0.3655913978494624,0.3655913978494624,0.0,0.011627906976744186,13,0.7547169811320755,0.0,1,0,S1-33006825,S2-757313426,S2,0
0,0.22857142857142854,0.17142857142857137,0.17142857142857137,0.0,0.0,1,0.9444444444444444,0,0.3703703703703704,0.38,0.3703703703703704,0.0,0.021052631578947368,14,0.7704918032786885,0.25,0,0,S1-196460713,S3-887024708,S3,0
0,0.2727272727272727,0.27272727272727265,0.2727272727272727,0.0,0.0,14,0.5172413793103449,0,0.25806451612903225,0.32258064516129037,0.32258064516129037,0.0,0.0,18,0.55,0.0,1,0,S1-317716690,S2-489702427,S2,0
0,0.04761904761904767,0.058823529411764636,0.04761904761904767,0.0,0.0,16,0.4482758620689655,0,0.2857142857142857,0.32432432432432434,0.30952380952380953,0.0,0.014492753623188406,30,0.47368421052631576,0.0,0,0,S1-407704425,S2-433737064,S2,0
0,0.34042553191489366,0.29787234042553196,0.2978723404255319,0.0,0.023809523809523808,13,0.5666666666666667,0,0.3023255813953488,0.3023255813953489,0.3023255813953488,0.0,0.0,34,0.43333333333333335,0.0,0,0,S1-501121895,S3-746628894,S3,0
0,0.46808510638297873,0.29787234042553196,0.2978723404255319,0.0,0.023809523809523808,7,0.7407407407407407,0,0.47457627118644063,0.3728813559322034,0.3728813559322034,0.0,0.0,5,0.84375,0.0,1,0,S1-707347495,S2-10378499,S2,0
0,0.31034482758620685,0.29629629629629634,0.27586206896551724,0.0,0.02,4,0.8709677419354839,0,0.2857142857142857,0.3142857142857143,0.3142857142857143,0.0,0.0,22,0.5217391304347826,0.0,0,0,S1-916884490,S2-341213443,S2,0
0,0.30000000000000004,0.3,0.30000000000000004,0.0,0.0,2,0.9047619047619048,0,0.33898305084745756,0.33898305084745756,0.33898305084745756,0.0,0.0,9,0.7352941176470589,0.0,1,0,S1-176126068,S2-108676041,S2,0
0,0.24390243902439024,0.2926829268292683,0.29268292682926833,0.0,0.0,3,0.8636363636363636,0,0.27692307692307694,0.33846153846153837,0.3384615384615385,0.0,0.0,3,0.9117647058823529,0.0,1,0,S1-305449743,S3-348666127,S3,0
0,0.326530612244898,0.3265306122448979,0.326530612244898,0.0,0.0,5,0.8148148148148148,0,0.326530612244898,0.33333333333333326,0.326530612244898,0.0,0.0,24,0.6065573770491803,0.0,0,0,S1-803076388,S2-229976993,S2,0
0,0.25806451612903225,0.32258064516129037,0.32258064516129037,0.0,0.0,5,0.7222222222222222,0,0.44067796610169496,0.4745762711864407,0.4067796610169492,0.1,0.1,1,0.9666666666666667,0.0,1,0,S1-531051733,S2-137073008,S2,0
0,0.16393442622950816,0.1754385964912281,0.16393442622950816,0.0,0.0,1,0.967741935483871,0,0.26027397260273977,0.31007751937984496,0.3287671232876712,0.0,0.00819672131147541,54,0.46,0.0,0,0,S1-631896758,S3-786793824,S3,0
0,0.32727272727272727,0.3272727272727273,0.32727272727272727,0.0,0.0,13,0.6176470588235294,0,0.24489795918367352,0.32258064516129037,0.30612244897959184,0.0,0.0,32,0.5076923076923077,0.0,0,0,S1-325466730,S3-508664791,S3,0
0,0.6557377049180328,0.7142857142857143,0.4918032786885246,0.3333333333333333,0.3783783783783784,7,0.7941176470588235,0,0.35862068965517246,0.4,0.4,0.0,0.022727272727272728,3,0.9594594594594594,0.0,1,0,S1-606780842,S3-157204631,S3,0
0,0.15873015873015872,0.16393442622950816,0.15873015873015872,0.0,0.0,9,0.75,0,0.2857142857142857,0.2653061224489795,0.26530612244897955,0.0,0.0,44,0.38028169014084506,0.0,1,0,S1-273335668,S3-840562545,S3,0
0,0.31034482758620685,0.2758620689655173,0.27586206896551724,0.0,0.018867924528301886,10,0.7058823529411765,0,0.2295081967213115,0.21311475409836064,0.21311475409836067,0.0,0.0,58,0.35555555555555557,0.0,0,0,S1-870768719,S2-205210471,S2,0
0,0.19047619047619047,0.2380952380952381,0.23809523809523814,0.0,0.0,28,0.2,0,0.4074074074074075,0.3703703703703704,0.3703703703703704,0.0,0.041666666666666664,8,0.7419354838709677,0.0,1,0,S1-78539587,S2-754040844,S2,0
0,0.38095238095238093,0.2857142857142857,0.2857142857142857,0.0,0.0,8,0.68,0,0.3697478991596639,0.40336134453781514,0.40336134453781514,0.0,0.02702702702702703,45,0.45121951219512196,0.0,0,0,S1-658865943,S2-186466821,S2,0
0,0.3921568627450981,0.35294117647058826,0.3529411764705882,0.0,0.0,3,0.8888888888888888,0,0.24561403508771928,0.31578947368421056,0.3157894736842105,0.0,0.0,3,0.9,0.0,1,0,S1-976253545,S3-107276199,S3,0
0,0.326530612244898,0.3265306122448979,0.326530612244898,0.0,0.0,17,0.48484848484848486,0,0.39473684210526316,0.4210526315789474,0.42105263157894735,0.0,0.02857142857142857,2,0.9487179487179487,0.0,1,0,S1-457659203,S3-109776662,S3,0
0,0.11111111111111116,0.125,0.11111111111111116,0.0,0.0,10,0.6875,0,0.339622641509434,0.4217687074829932,0.41509433962264153,0.0,0.02112676056338028,9,0.8928571428571429,0.0,1,0,S1-393728449,S2-438027357,S2,0
0,0.4,0.44,0.43999999999999995,0.0,0.022222222222222223,10,0.6666666666666666,0,0.44776119402985076,0.4776119402985075,0.4776119402985075,0.0,0.03278688524590164,7,0.8108108108108109,0.0,1,0,S1-721496583,S2-178254581,S2,0
0,0.37209302325581395,0.4186046511627907,0.41860465116279066,0.0,0.02631578947368421,3,0.8695652173913043,0,0.2857142857142857,0.2857142857142857,0.2857142857142857,0.0,0.0,9,0.75,0.0,1,0,S1-591990291,S3-8344058,S3,0
0,0.30000000000000004,0.35,0.35,0.0,0.0,6,0.7391304347826086,0,0.5040650406504066,0.46601941747572817,0.4878048780487805,0.047619047619047616,0.050505050505050504,1,0.9838709677419355,0.0,1,0,S1-266590835,S3-887024708,S3,0
0,0.22857142857142854,0.22857142857142862,0.22857142857142854,0.0,0.0,7,0.6666666666666666,0,0.4,0.3692307692307692,0.36923076923076925,0.0,0.016666666666666666,21,0.5116279069767442,0.0,1,0,S1-264310741,S2-355863559,S2,0
0,0.4,0.35,0.35,0.0,0.0,6,0.7391304347826086,0,0.25,0.28125,0.28125,0.0,0.008333333333333333,64,0.3333333333333333,0.0,0,0,S1-188107122,S2-209238174,S2,0
0,0.3666666666666667,0.33333333333333326,0.33333333333333337,0.0,0.0,4,0.875,0,0.28915662650602414,0.33734939759036137,0.3373493975903614,0.0,0.0,21,0.5961538461538461,0.0,0,0,S1-531260561,S3-889465745,S3,0
0,0.23529411764705888,0.2941176470588235,0.2941176470588235,0.0,0.0,4,0.7894736842105263,0,0.41509433962264153,0.41509433962264153,0.41509433962264153,0.0,0.0425531914893617,3,0.8928571428571429,0.0,1,0,S1-655643231,S2-396659519,S2,0
0,0.2666666666666667,0.2666666666666667,0.2666666666666667,0.0,0.0,6,0.6666666666666666,0,0.36363636363636365,0.36363636363636365,0.36363636363636365,0.0,0.0,3,0.896551724137931,0.0,1,0,S1-51946744,S3-363093591,S3,0
0,0.13953488372093026,0.1395348837209302,0.13953488372093026,0.0,0.0,29,0.19444444444444445,0,0.30000000000000004,0.2666666666666667,0.2666666666666667,0.0,0.0,6,0.8181818181818182,0.0,1,0,S1-606570030,S3-372395036,S3,0
0,0.10256410256410253,0.20512820512820512,0.20512820512820518,0.0,0.0,23,0.25806451612903225,0,0.3132530120481928,0.33734939759036137,0.3373493975903614,0.0,0.0,13,0.7291666666666666,0.0,0,0,S1-276468974,S2-844536886,S2,0
0,0.32558139534883723,0.4186046511627907,0.41860465116279066,0.0,0.02631578947368421,11,0.5925925925925926,0,0.2471910112359551,0.28915662650602414,0.2696629213483146,0.0,0.0,31,0.48333333333333334,0.0,0,0,S1-263287296,S3-838147641,S3,0
0,0.2222222222222222,0.2222222222222223,0.2222222222222222,0.0,0.0,1,0.9285714285714286,0,0.3132530120481928,0.3144654088050315,0.3012048192771084,0.0,0.034013605442176874,84,0.328,0.0,0,0,S1-24812978,S2-679093622,S2,0
0,0.2909090909090909,0.2545454545454545,0.2545454545454545,0.0,0.0,15,0.5714285714285714,0,0.2680412371134021,0.28865979381443296,0.28865979381443296,0.0,0.011111111111111112,53,0.29333333333333333,0.0,0,0,S1-277382907,S2-714443523,S2,0
0,0.2962962962962963,0.29629629629629634,0.2962962962962963,0.0,0.0,16,0.5428571428571428,0,0.4482758620689655,0.3793103448275862,0.3793103448275862,0.0,0.058823529411764705,2,0.9333333333333333,0.0,1,0,S1-871939556,S2-625504057,S2,0
0,0.3157894736842105,0.2105263157894737,0.21052631578947367,0.0,0.0,22,0.26666666666666666,0,0.41025641025641024,0.3835616438356164,0.3589743589743589,0.0,0.045454545454545456,14,0.6956521739130435,0.0,1,0,S1-768906139,S3-502369934,S3,0
0,0.25,0.3,0.30000000000000004,0.0,0.0,8,0.6666666666666666,0,0.28125,0.3125,0.3125,0.0,0.0,12,0.6842105263157895,0.0,1,0,S1-205977765,S3-908085541,S3,0
0,0.26415094339622647,0.27450980392156865,0.26415094339622647,0.0,0.02127659574468085,21,0.43243243243243246,0,0.0,0.0,0.0,0.0,0.0,40,0.0,0.0,1,0,S1-323089441,S3-920457072,S3,0
0,0.42307692307692313,0.5,0.42307692307692313,0.14285714285714285,0.043478260869565216,2,0.9259259259259259,0,0.25396825396825395,0.31746031746031744,0.31746031746031744,0.0,0.0,3,0.9090909090909091,0.0,1,0,S1-566820607,S2-872787733,S2,0
0,0.3529411764705882,0.43137254901960786,0.43137254901960786,0.0,0.0,3,0.8888888888888888,0,0.29885057471264365,0.32183908045977005,0.3218390804597702,0.0,0.0,27,0.5263157894736842,0.0,0,0,S1-277749597,S2-322004751,S2,0
0,0.36363636363636365,0.36363636363636365,0.36363636363636365,0.0,0.0,12,0.5714285714285714,0,0.3111111111111111,0.33333333333333326,0.33333333333333337,0.0,0.024691358024691357,22,0.6071428571428571,0.0,0,0,S1-190677273,S3-197685186,S3,0
0,0.2790697674418605,0.32558139534883723,0.32558139534883723,0.0,0.0,1,0.9545454545454546,0,0.31858407079646023,0.3185840707964601,0.31858407079646023,0.0,0.009345794392523364,47,0.4125,0.0,0,0,S1-420402268,S3-645906140,S3,0
0,0.29166666666666663,0.29166666666666674,0.29166666666666663,0.0,0.023255813953488372,16,0.5,0,0.3278688524590164,0.36065573770491804,0.36065573770491793,0.0,0.09615384615384616,1,0.967741935483871,0.0,1,0,S1-525752772,S3-228195977,S3,0
0,0.43478260869565216,0.34782608695652173,0.34782608695652173,0.0,0.0,7,0.5333333333333333,0,0.2682926829268293,0.24390243902439024,0.24390243902439024,0.0,0.013333333333333334,12,0.7446808510638298,0.0,0,0,S1-291561336,S3-498143365,S3,0
0,0.2962962962962963,0.29629629629629634,0.2962962962962963,0.0,0.02040816326530612,8,0.7419354838709677,0,0.3287671232876712,0.3835616438356164,0.3835616438356164,0.0,0.015151515151515152,11,0.7380952380952381,0.0,0,0,S1-413503764,S3-735146951,S3,0
0,0.36363636363636365,0.36363636363636365,0.36363636363636365,0.0,0.020833333333333332,3,0.896551724137931,0,0.17948717948717952,0.19230769230769226,0.1923076923076923,0.0,0.0,106,0.19083969465648856,0.0,0,0,S1-511659515,S2-215165953,S2,0
0,0.339622641509434,0.339622641509434,0.339622641509434,0.0,0.0,7,0.7666666666666667,0,0.38636363636363635,0.36111111111111116,0.36363636363636365,0.0,0.0,6,0.8723404255319149,0.0,0,0,S1-885331396,S2-204564428,S2,0
0,0.32258064516129037,0.32258064516129037,0.32258064516129037,0.0,0.0,5,0.7222222222222222,0,0.3076923076923077,0.33846153846153837,0.3384615384615385,0.0,0.017543859649122806,7,0.8055555555555556,0.0,1,0,S1-165678465,S2-277683956,S2,0
0,0.3589743589743589,0.358974358974359,0.3589743589743589,0.0,0.0,5,0.7727272727272727,0,0.36144578313253023,0.4197530864197531,0.40963855421686746,0.0,0.02702702702702703,3,0.9302325581395349,0.0,0,0,S1-847448304,S3-620504429,S3,0
0,0.4126984126984127,0.38095238095238093,0.38095238095238093,0.0,0.017241379310344827,3,0.9090909090909091,0,0.2857142857142857,0.318840579710145,0.29931972789115646,0.0,0.007518796992481203,51,0.48484848484848486,0.0,0,0,S1-722711679,S3-239632838,S3,0
0,0.2666666666666667,0.2666666666666667,0.2666666666666667,0.0,0.025,5,0.8,0,0.3380281690140845,0.2816901408450704,0.2816901408450704,0.0,0.0,11,0.7317073170731707,0.0,0,0,S1-261993391,S2-357224841,S2,0
0,0.24390243902439024,0.2926829268292683,0.29268292682926833,0.0,0.0,1,0.9523809523809523,0,0.3548387096774194,0.32258064516129037,0.32258064516129037,0.0,0.0,2,0.9375,0.0,1,0,S1-912259903,S2-178254581,S2,0
0,0.25806451612903225,0.2580645161290323,0.25806451612903225,0.0,0.0,1,0.9375,0,0.32352941176470584,0.32352941176470595,0.32352941176470584,0.0,0.0,6,0.8378378378378378,0.0,1,0,S1-657805122,S2-198937586,S2,0
0,0.30434782608695654,0.34782608695652173,0.34782608695652173,0.0,0.0,8,0.7037037037037037,0,0.3013698630136986,0.32876712328767127,0.3287671232876712,0.0,0.015151515151515152,7,0.825,0.0,1,0,S1-227627993,S2-897240469,S2,0
0,0.3555555555555555,0.4,0.4,0.0,0.1388888888888889,15,0.5,0,0.23880597014925375,0.2388059701492537,0.23880597014925375,0.0,0.0,5,0.8611111111111112,0.0,1,0,S1-372631763,S3-531193253,S3,0
0,0.2777777777777778,0.27777777777777773,0.2777777777777778,0.0,0.0,8,0.6363636363636364,0,0.36641221374045807,0.34645669291338577,0.33587786259541985,0.0,0.008064516129032258,3,0.9552238805970149,0.0,1,0,S1-466912001,S2-705665414,S2,0
0,0.09999999999999998,0.10526315789473685,0.09999999999999998,0.0,0.0,2,0.9047619047619048,0,0.30434782608695654,0.33333333333333326,0.33333333333333337,0.0,0.007936507936507936,26,0.6829268292682927,0.0,0,0,S1-791183100,S3-404501185,S3,0
0,0.2857142857142857,0.2857142857142857,0.2857142857142857,0.0,0.0,8,0.68,0,0.3013698630136986,0.3561643835616438,0.3561643835616438,0.0,0.014925373134328358,3,0.9210526315789473,0.0,1,0,S1-206571164,S3-904450186,S3,0
0,0.4,0.43333333333333335,0.43333333333333335,0.0,0.0784313725490196,2,0.9354838709677419,0,0.2535211267605634,0.3278688524590164,0.3098591549295775,0.0,0.017543859649122806,17,0.6136363636363636,0.0,0,0,S1-943564975,S3-42744356,S3,0
0,0.3157894736842105,0.31578947368421056,0.3157894736842105,0.0,0.0,2,0.9,0,0.33766233766233766,0.2666666666666667,0.2597402597402597,0.0,0.013888888888888888,17,0.6382978723404256,0.0,0,0,S1-5303877,S2-488514213,S2,0
0,0.0,0.0,0.0,0.0,0.0,10,0.375,0,0.3218390804597702,0.29885057471264376,0.29885057471264365,0.0,0.012195121951219513,31,0.4745762711864407,0.0,0,0,S1-89998985,S2-688319194,S2,0
0,0.46808510638297873,0.5531914893617021,0.5531914893617021,0.16666666666666666,0.17142857142857143,5,0.8076923076923077,0,0.31007751937984496,0.3410852713178295,0.3410852713178295,0.0,0.042735042735042736,19,0.7432432432432432,0.0,1,0,S1-520557149,S2-825621250,S2,0
0,0.3214285714285714,0.3571428571428571,0.3571428571428571,0.0,0.0,6,0.8064516129032258,0,0.2702702702702703,0.34234234234234234,0.3063063063063063,0.05263157894736842,0.038834951456310676,51,0.37037037037037035,0.0,0,0,S1-476148518,S2-69861284,S2,0
0,0.3870967741935484,0.3870967741935484,0.3870967741935484,0.0,0.05555555555555555,4,0.8787878787878788,0,0.34615384615384615,0.3440860215053763,0.34615384615384615,0.0,0.0,32,0.5294117647058824,0.0,0,0,S1-166802680,S3-776788340,S3,0
0,0.32432432432432434,0.27027027027027034,0.2702702702702703,0.0,0.0,13,0.48,0,0.36363636363636365,0.4675324675324676,0.4675324675324676,0.07142857142857142,0.04411764705882353,5,0.8780487804878049,0.0,1,0,S1-942406446,S3-600839600,S3,0
0,0.43137254901960786,0.35294117647058826,0.3529411764705882,0.0,0.0,5,0.8214285714285714,0,0.28865979381443296,0.3711340206185567,0.3711340206185567,0.0,0.02247191011235955,33,0.49230769230769234,0.0,0,0,S1-527359728,S3-669784629,S3,0
0,0.46875,0.46875,0.46875,0.1111111111111111,0.11320754716981132,8,0.7777777777777778,0,0.28800000000000003,0.26315789473684204,0.256,0.0,0.0,65,0.3157894736842105,0.0,0,0,S1-616029794,S2-755790179,S2,0
0,0.23076923076923073,0.2307692307692308,0.23076923076923073,0.0,0.0,2,0.8571428571428571,0,0.29850746268656714,0.3582089552238806,0.35820895522388063,0.0,0.0,1,0.9705882352941176,0.0,1,0,S1-814133607,S2-341564100,S2,0
0,0.3492063492063492,0.2857142857142857,0.2857142857142857,0.0,0.017857142857142856,7,0.8,0,0.4057971014492754,0.3768115942028985,0.3768115942028986,0.0,0.015873015873015872,11,0.725,0.0,1,0,S1-596608722,S3-620211082,S3,0
0,0.36,0.44,0.43999999999999995,0.0,0.045454545454545456,0,1.0,0,0.0,0.0,0.0,0.0,0.0,43,0.0,0.0,1,0,S1-149191073,S3-349732738,S3,0
0,0.13793103448275867,0.14814814814814808,0.13793103448275867,0.0,0.0,10,0.7058823529411765,0,0.23880597014925375,0.2741935483870968,0.22388059701492538,0.043478260869565216,0.03418803418803419,78,0.2641509433962264,0.0,1,0,S1-422582968,S2-995335878,S2,0
0,0.33333333333333337,0.2142857142857143,0.19999999999999996,0.0,0.0,10,0.5,0,0.0,0.0,0.0,0.0,0.0,46,0.0,0.0,1,0,S1-302180191,S2-322957572,S2,0
0,0.40625,0.375,0.375,0.0,0.03508771929824561,4,0.8823529411764706,0,0.21052631578947367,0.28125,0.2706766917293233,0.0,0.01639344262295082,77,0.26666666666666666,0.0,0,0,S1-46082448,S2-209665546,S2,0
0,0.1428571428571429,0.1428571428571429,0.1428571428571429,0.0,0.0,16,0.2727272727272727,0,0.39583333333333337,0.39583333333333337,0.39583333333333337,0.058823529411764705,0.06976744186046512,34,0.47692307692307695,0.0,0,0,S1-735912861,S3-577624241,S3,0
0,0.17910447761194026,0.19047619047619052,0.17910447761194026,0.0,0.0,5,0.8611111111111112,0,0.39306358381502887,0.4,0.4161849710982659,0.0,0.046052631578947366,19,0.8020833333333334,0.3333333333333333,1,0,S1-899891154,S2-905533666,S2,0
0,0.42105263157894735,0.36363636363636365,0.3508771929824561,0.0,0.04,17,0.5405405405405406,0,0.19672131147540983,0.36065573770491804,0.36065573770491793,0.0,0.017857142857142856,1,0.967741935483871,0.0,1,0,S1-710745336,S2-806752386,S2,0
0,0.3555555555555555,0.3111111111111111,0.3111111111111111,0.0,0.0,17,0.45161290322580644,0,0.29702970297029707,0.31683168316831684,0.3168316831683168,0.0,0.010526315789473684,29,0.5538461538461539,0.0,0,0,S1-935576790,S3-5060090,S3,0
0,0.3125,0.25,0.25,0.0,0.0,8,0.6,0,0.29508196721311475,0.36065573770491804,0.36065573770491793,0.0,0.0,3,0.90625,0.0,1,0,S1-318703652,S3-782166608,S3,0
0,0.30000000000000004,0.2,0.19999999999999996,0.0,0.02857142857142857,16,0.42857142857142855,0,0.29059829059829057,0.3518518518518519,0.32478632478632474,0.0,0.020202020202020204,57,0.3448275862068966,0.0,0,0,S1-688634742,S3-955527179,S3,0
0,0.29032258064516125,0.32258064516129037,0.32258064516129037,0.0,0.0,16,0.5897435897435898,0,0.20370370370370375,0.2291666666666667,0.20370370370370375,0.0,0.010869565217391304,70,0.21348314606741572,0.0,0,0,S1-111060533,S3-904936506,S3,0
0,0.3137254901960784,0.35294117647058826,0.3529411764705882,0.0,0.044444444444444446,5,0.8214285714285714,0,0.38636363636363635,0.40909090909090906,0.38636363636363635,0.06666666666666667,0.05128205128205128,28,0.5172413793103449,0.0,0,0,S1-549081128,S2-815691165,S2,0
0,0.26315789473684215,0.31578947368421056,0.3157894736842105,0.0,0.0,12,0.52,0,0.30927835051546393,0.31707317073170727,0.30927835051546393,0.0,0.012987012987012988,43,0.38571428571428573,0.0,0,0,S1-478554403,S3-851447131,S3,0
0,0.32558139534883723,0.37209302325581395,0.37209302325581395,0.0,0.0,9,0.6538461538461539,0,0.47457627118644063,0.4807692307692308,0.5254237288135593,0.10526315789473684,0.12087912087912088,4,0.9344262295081968,0.0,1,0,S1-187252081,S3-887024708,S3,0
0,0.29268292682926833,0.4390243902439025,0.4390243902439024,0.0,0.027777777777777776,13,0.5185185185185185,0,0.3058823529411765,0.3294117647058823,0.3294117647058824,0.0,0.0,25,0.5454545454545454,0.0,0,0,S1-836792421,S2-155289861,S2,0
0,0.19999999999999996,0.2,0.19999999999999996,0.0,0.0,6,0.6666666666666666,0,0.3098591549295775,0.3380281690140845,0.3380281690140845,0.0,0.0,3,0.918918918918919,0.0,1,0,S1-456603986,S3-347803454,S3,0
0,0.43478260869565216,0.34782608695652173,0.34782608695652173,0.0,0.0,4,0.84,0,0.34782608695652173,0.3768115942028985,0.3768115942028986,0.0,0.0,1,0.9714285714285714,0.0,1,0,S1-601319040,S3-187604653,S3,0
0,0.2790697674418605,0.23255813953488372,0.23255813953488372,0.0,0.0,13,0.5357142857142857,0,0.34615384615384615,0.34615384615384615,0.34615384615384615,0.0,0.020833333333333332,26,0.6,0.0,0,0,S1-698531062,S3-669784629,S3,0
0,0.21052631578947367,0.28070175438596495,0.2807017543859649,0.0,0.019230769230769232,33,0.26666666666666666,0,0.3076923076923077,0.3269230769230769,0.32692307692307687,0.0,0.0,18,0.7049180327868853,0.0,0,0,S1-164155586,S2-598815814,S2,0
0,0.41379310344827597,0.3793103448275862,0.3793103448275862,0.0,0.038461538461538464,10,0.7058823529411765,0,0.296875,0.296875,0.296875,0.0,0.025423728813559324,32,0.6,0.0,0,0,S1-256042493,S3-174723850,S3,0
0,0.3513513513513513,0.32432432432432434,0.29729729729729726,0.09090909090909091,0.045454545454545456,42,0.27586206896551724,0,0.3157894736842105,0.31578947368421056,0.3157894736842105,0.0,0.0,2,0.9487179487179487,0.0,1,0,S1-802880515,S3-797272195,S3,0
0,0.23529411764705888,0.2941176470588235,0.2941176470588235,0.0,0.0,6,0.7,0,0.3793103448275862,0.3448275862068965,0.3448275862068966,0.0,0.0392156862745098,2,0.9333333333333333,0.0,1,0,S1-980221821,S2-425117147,S2,0
0,0.3529411764705882,0.23529411764705885,0.23529411764705888,0.0,0.0,2,0.8888888888888888,0,0.4,0.42,0.4200000000000001,0.0,0.02127659574468085,6,0.8867924528301887,0.0,1,0,S1-715829078,S3-60240557,S3,0
0,0.3492063492063492,0.41269841269841273,0.38095238095238093,0.1111111111111111,0.03508771929824561,11,0.7027027027027027,0,0.32258064516129037,0.3548387096774194,0.3548387096774194,0.0,0.017857142857142856,0,1.0,0.0,1,0,S1-794894494,S3-905700617,S3,0
0,0.25,0.25,0.25,0.0,0.02857142857142857,18,0.3793103448275862,0,0.25225225225225223,0.27027027027027034,0.2702702702702703,0.0,0.00980392156862745,61,0.29069767441860467,0.0,0,0,S1-705315349,S2-657766626,S2,0
0,0.19354838709677424,0.19354838709677424,0.19354838709677424,0.0,0.0,9,0.55,0,0.3287671232876712,0.3013698630136986,0.3013698630136986,0.0,0.014925373134328358,9,0.7804878048780488,0.0,1,0,S1-102345719,S3-975435468,S3,0
0,0.22857142857142854,0.22857142857142862,0.22857142857142854,0.0,0.0,17,0.34615384615384615,0,0.30434782608695654,0.375,0.3695652173913043,0.0,0.0,22,0.6140350877192983,0.0,0,0,S1-551212769,S2-886548576,S2,0
0,0.39344262295081966,0.36065573770491804,0.36065573770491793,0.0,0.018518518518518517,3,0.90625,0,0.30188679245283023,0.339622641509434,0.339622641509434,0.1111111111111111,0.020833333333333332,1,0.9629629629629629,0.0,1,0,S1-677218174,S2-296309600,S2,0
0,0.4126984126984127,0.34920634920634924,0.3492063492063492,0.0,0.017543859649122806,7,0.8,0,0.3571428571428571,0.3571428571428571,0.3571428571428571,0.0,0.0,8,0.75,0.0,1,0,S1-383810390,S2-825262237,S2,0
0,0.29268292682926833,0.24390243902439024,0.24390243902439024,0.0,0.0,1,0.9523809523809523,0,0.3076923076923077,0.34615384615384615,0.34615384615384615,0.0,0.0,16,0.5294117647058824,0.0,1,0,S1-140281985,S3-230543331,S3,0
0,0.25,0.25,0.25,0.0,0.0,12,0.5384615384615384,0,0.23529411764705888,0.275,0.2588235294117647,0.0,0.0,31,0.46551724137931033,0.0,0,0,S1-431544872,S3-345603985,S3,0
0,0.42622950819672134,0.4590163934426229,0.4590163934426229,0.0,0.017857142857142856,5,0.8484848484848485,0,0.26190476190476186,0.2857142857142857,0.2857142857142857,0.0,0.0,26,0.5272727272727272,0.0,0,0,S1-454282819,S2-225902648,S2,0
0,0.45283018867924535,0.5283018867924528,0.5283018867924528,0.16666666666666666,0.13953488372093023,5,0.8275862068965517,0,0.34090909090909094,0.27272727272727265,0.2727272727272727,0.0,0.0,34,0.4426229508196721,0.0,1,0,S1-52402650,S2-812274068,S2,0
0,0.46808510638297873,0.46808510638297873,0.34042553191489366,0.16666666666666666,0.04878048780487805,9,0.6785714285714286,0,0.23376623376623373,0.25974025974025977,0.2597402597402597,0.0,0.0,21,0.5714285714285714,0.0,1,0,S1-307767174,S3-180319103,S3,0
0,0.33898305084745756,0.3728813559322034,0.3728813559322034,0.0,0.0,11,0.6857142857142857,0,0.375,0.38235294117647056,0.375,0.0,0.007874015748031496,18,0.7777777777777778,0.25,1,0,S1-93217003,S2-271731082,S2,0
0,0.3137254901960784,0.4705882352941177,0.4705882352941176,0.0,0.022222222222222223,5,0.8214285714285714,0,0.3013698630136986,0.3013698630136986,0.3013698630136986,0.0,0.014705882352941176,9,0.7804878048780488,0.0,1,0,S1-405589287,S3-826043494,S3,0
0,0.31818181818181823,0.36363636363636365,0.36363636363636365,0.0,0.05263157894736842,12,0.5714285714285714,0,0.2894736842105263,0.3768115942028985,0.34210526315789463,0.0,0.0,18,0.6170212765957447,0.0,0,0,S1-178440333,S2-730533433,S2,0
0,0.2857142857142857,0.2142857142857143,0.2142857142857143,0.0,0.0,14,0.3333333333333333,0,0.32258064516129037,0.3548387096774194,0.3548387096774194,0.0,0.03636363636363636,8,0.7714285714285715,0.0,1,0,S1-904353803,S2-575090652,S2,0
0,0.6153846153846154,0.6153846153846154,0.4615384615384615,0.14285714285714285,0.2,4,0.8571428571428571,0,0.31818181818181823,0.3181818181818181,0.31818181818181823,0.0,0.012987012987012988,10,0.7959183673469388,0.0,1,0,S1-107028135,S3-699584214,S3,0
0,0.34782608695652173,0.43478260869565216,0.43478260869565216,0.0,0.0,6,0.7692307692307693,0,0.3098591549295775,0.375,0.3661971830985915,0.0,0.03278688524590164,11,0.7317073170731707,0.0,0,0,S1-930998406,S3-496548401,S3,0
0,0.38596491228070173,0.31578947368421056,0.3157894736842105,0.0,0.019230769230769232,1,0.9655172413793104,0,0.3116883116883117,0.3896103896103896,0.3896103896103897,0.0,0.0,11,0.75,0.0,1,0,S1-477321272,S3-648631162,S3,0
0,0.34615384615384615,0.34615384615384615,0.34615384615384615,0.0,0.0,2,0.9259259259259259,0,0.339622641509434,0.37735849056603776,0.37735849056603776,0.0,0.0,5,0.8275862068965517,0.0,1,0,S1-270897923,S3-900995771,S3,0
0,0.2807017543859649,0.2456140350877193,0.24561403508771928,0.0,0.0,21,0.46153846153846156,0,0.3098591549295775,0.30985915492957744,0.3098591549295775,0.0,0.0,9,0.775,0.0,1,0,S1-272973833,S3-257957769,S3,0
0,0.4,0.4,0.4,0.0,0.02040816326530612,7,0.7741935483870968,0,0.27083333333333337,0.27083333333333326,0.27083333333333337,0.0,0.011235955056179775,36,0.45454545454545453,0.0,0,0,S1-82449581,S2-668971442,S2,0
0,0.34375,0.40625,0.40625,0.0,0.0,0,1.0,0,0.2962962962962963,0.37623762376237624,0.3703703703703704,0.0,0.02127659574468085,32,0.5428571428571428,0.25,0,0,S1-830741863,S2-980982227,S2,0
0,0.2807017543859649,0.28070175438596495,0.2807017543859649,0.0,0.04,3,0.9,0,0.4444444444444444,0.41269841269841273,0.4126984126984127,0.0,0.07407407407407407,3,0.9090909090909091,0.0,1,0,S1-863815673,S3-772633318,S3,0
0,0.35,0.3,0.30000000000000004,0.0,0.0,10,0.6,0,0.0,0.0,0.0,0.0,0.0,30,0.0,0.0,0,0,S1-257891788,S3-806566401,S3,0
0,0.6764705882352942,0.6521739130434783,0.5294117647058824,0.25,0.30612244897959184,6,0.8378378378378378,0,0.34615384615384615,0.351145038167939,0.33333333333333337,0.0,0.024390243902439025,30,0.6774193548387096,0.0,1,0,S1-93726789,S2-364755434,S2,0
0,0.2909090909090909,0.29090909090909095,0.2909090909090909,0.0,0.02,13,0.6176470588235294,0,0.35185185185185186,0.3148148148148148,0.31481481481481477,0.0,0.019801980198019802,30,0.5652173913043478,0.0,0,0,S1-760657363,S3-971258275,S3,0
0,0.36363636363636365,0.40909090909090906,0.40909090909090906,0.0,0.02564102564102564,4,0.8333333333333334,0,0.41428571428571426,0.41791044776119407,0.3857142857142857,0.08695652173913043,0.10256410256410256,28,0.6666666666666666,0.25,1,0,S1-674779819,S3-349069052,S3,0
0,0.29508196721311475,0.26229508196721313,0.2622950819672131,0.0,0.0,15,0.6052631578947368,0,0.3294117647058824,0.379746835443038,0.3529411764705882,0.0,0.0,17,0.6666666666666666,0.0,0,0,S1-15702810,S3-820704163,S3,0
0,0.36923076923076925,0.3692307692307692,0.36923076923076925,0.0,0.016666666666666666,7,0.8055555555555556,0,0.375,0.35,0.35,0.0,0.014285714285714285,10,0.7777777777777778,0.0,1,0,S1-2307259,S3-49716225,S3,0
0,0.23809523809523814,0.33333333333333326,0.33333333333333337,0.0,0.0,6,0.75,0,0.3877551020408163,0.3469387755102041,0.34693877551020413,0.0,0.011904761904761904,30,0.53125,0.0,0,0,S1-764150920,S3-144042104,S3,0
0,0.4736842105263158,0.4210526315789474,0.42105263157894735,0.0,0.0967741935483871,0,1.0,0,0.4117647058823529,0.4444444444444444,0.42647058823529416,0.045454545454545456,0.07079646017699115,2,0.9710144927536232,0.0,1,0,S1-471905136,S2-893531662,S2,0
0,0.36363636363636365,0.36363636363636365,0.36363636363636365,0.0,0.0,3,0.8333333333333334,0,0.27956989247311825,0.3370786516853933,0.32258064516129037,0.0,0.011764705882352941,21,0.631578947368421,0.0,0,0,S1-6232617,S2-361790699,S2,0
0,0.3529411764705882,0.3137254901960784,0.3137254901960784,0.0,0.021739130434782608,7,0.7586206896551724,0,0.28865979381443296,0.30927835051546393,0.30927835051546393,0.0,0.022727272727272728,43,0.38571428571428573,0.0,0,0,S1-238826231,S2-218902558,S2,0
0,0.2909090909090909,0.4,0.4,0.0,0.0,5,0.8333333333333334,0,0.375,0.375,0.375,0.0,0.0,0,1.0,0.0,1,0,S1-752581484,S3-19410006,S3,0
0,0.10344827586206895,0.11538461538461534,0.10344827586206895,0.0,0.0,4,0.8709677419354839,0,0.2857142857142857,0.2857142857142857,0.2857142857142857,0.0,0.046511627906976744,56,0.2727272727272727,0.0,1,0,S1-579542801,S3-158119920,S3,0
0,0.26315789473684215,0.31578947368421056,0.3157894736842105,0.0,0.0,16,0.4074074074074074,0,0.32727272727272727,0.36,0.34545454545454546,0.0625,0.031578947368421054,32,0.5492957746478874,0.3333333333333333,0,0,S1-910659934,S3-986720385,S3,0
0,0.3589743589743589,0.358974358974359,0.3589743589743589,0.0,0.0,9,0.625,0,0.2816901408450704,0.2535211267605634,0.2535211267605634,0.0,0.0,5,0.868421052631579,0.0,1,0,S1-553509144,S3-843601276,S3,0
0,0.2222222222222222,0.2222222222222223,0.2222222222222222,0.0,0.0,19,0.17391304347826086,0,0.5142857142857142,0.4857142857142857,0.48571428571428577,0.09090909090909091,0.08196721311475409,4,0.8918918918918919,0.0,1,0,S1-989989835,S2-515192548,S2,0
0,0.3529411764705882,0.32352941176470595,0.32352941176470584,0.0,0.0,18,0.5813953488372093,0,0.27826086956521734,0.27826086956521734,0.27826086956521734,0.0,0.018518518518518517,65,0.2777777777777778,0.0,0,0,S1-949546876,S2-635593603,S2,0
0,0.3278688524590164,0.44067796610169496,0.42622950819672134,0.0,0.07692307692307693,5,0.8484848484848485,0,0.34951456310679613,0.4,0.38834951456310685,0.0,0.010869565217391304,27,0.5846153846153846,0.0,1,0,S1-92296769,S3-357762240,S3,0
0,0.34615384615384615,0.3076923076923077,0.3076923076923077,0.0,0.0,4,0.8571428571428571,0,0.2264150943396226,0.303030303030303,0.28301886792452835,0.05555555555555555,0.03225806451612903,54,0.325,0.0,0,0,S1-415679281,S2-123837937,S2,0
0,0.4285714285714286,0.5,0.5,0.14285714285714285,0.13043478260869565,6,0.8064516129032258,0,0.3652173913043478,0.3669724770642202,0.3826086956521739,0.0,0.021739130434782608,3,0.9491525423728814,0.0,1,0,S1-67413509,S3-798936923,S3,0
0,0.6086956521739131,0.6382978723404256,0.43478260869565216,0.3333333333333333,0.27450980392156865,5,0.8648648648648649,0,0.375,0.3571428571428571,0.3571428571428571,0.0,0.0,4,0.9310344827586207,0.0,1,0,S1-327731304,S2-115485022,S2,0
0,0.35,0.35,0.35,0.0,0.0,8,0.6666666666666666,0,0.3157894736842105,0.2456140350877193,0.24561403508771928,0.0,0.0,13,0.6285714285714286,0.0,0,0,S1-688524446,S3-784332974,S3,0
0,0.30952380952380953,0.33333333333333326,0.33333333333333337,0.0,0.0,12,0.75,0,0.31775700934579443,0.3366336633663366,0.31775700934579443,0.0,0.010526315789473684,35,0.5070422535211268,0.0,0,0,S1-695359749,S3-34592550,S3,0
0,0.3111111111111111,0.35555555555555557,0.3555555555555555,0.0,0.0,3,0.875,0,0.3090909090909091,0.3364485981308411,0.32727272727272727,0.0,0.019801980198019802,32,0.5492957746478874,0.0,0,0,S1-9172181,S2-205908580,S2,0
0,0.3076923076923077,0.2692307692307692,0.2692307692307693,0.0,0.0,2,0.9259259259259259,0,0.3870967741935484,0.3870967741935484,0.3870967741935484,0.0,0.017857142857142856,2,0.9375,0.0,1,0,S1-89911089,S2-10378499,S2,0
0,0.3589743589743589,0.4102564102564103,0.41025641025641024,0.0,0.0,1,0.95,0,0.18803418803418803,0.16216216216216212,0.1709401709401709,0.0,0.0,77,0.20618556701030927,0.0,1,0,S1-333546710,S3-913368026,S3,0
0,0.43478260869565216,0.4782608695652174,0.30434782608695654,0.16666666666666666,0.07692307692307693,4,0.84,0,0.3793103448275862,0.31034482758620685,0.31034482758620685,0.0,0.019230769230769232,8,0.7575757575757576,0.0,1,0,S1-307473555,S2-635593603,S2,0
0,0.038461538461538436,0.04347826086956516,0.038461538461538436,0.0,0.0,8,0.7333333333333333,0,0.2784810126582279,0.30379746835443044,0.30379746835443033,0.0,0.0,11,0.7555555555555555,0.0,0,0,S1-773519942,S2-686234417,S2,0
0,0.3571428571428571,0.39285714285714285,0.3928571428571429,0.0,0.04,2,0.9310344827586207,0,0.2644628099173554,0.27350427350427353,0.2644628099173554,0.0,0.0,61,0.32967032967032966,0.0,0,0,S1-20559742,S2-201998308,S2,0
0,0.23529411764705888,0.2941176470588235,0.2941176470588235,0.0,0.0,6,0.7,0,0.26415094339622647,0.3018867924528301,0.30188679245283023,0.0,0.0,1,0.9629629629629629,0.0,1,0,S1-826246185,S2-952208643,S2,0
0,0.17647058823529416,0.17647058823529405,0.17647058823529416,0.0,0.0,16,0.36,0,0.2692307692307693,0.2692307692307692,0.2692307692307693,0.0,0.0,50,0.35064935064935066,0.0,0,0,S1-585926630,S2-249713646,S2,0
0,0.3125,0.3125,0.3125,0.0,0.0,14,0.391304347826087,0,0.32608695652173914,0.3448275862068965,0.34782608695652173,0.0,0.0,6,0.8775510204081632,0.0,1,0,S1-529527834,S3-976215977,S3,0
0,0.3076923076923077,0.3076923076923077,0.3076923076923077,0.0,0.02127659574468085,12,0.625,0,0.3783783783783784,0.3513513513513513,0.3513513513513513,0.0,0.0,4,0.8974358974358975,0.0,1,0,S1-336378138,S3-139688787,S3,0
0,0.326530612244898,0.3265306122448979,0.326530612244898,0.0,0.0,17,0.48484848484848486,0,0.27350427350427353,0.3076923076923077,0.3076923076923077,0.0,0.027522935779816515,45,0.4444444444444444,0.0,0,0,S1-400994126,S2-161478936,S2,0
0,0.09090909090909094,0.1,0.09090909090909094,0.0,0.0,8,0.6923076923076923,0,0.35820895522388063,0.3582089552238806,0.35820895522388063,0.0,0.0,9,0.7631578947368421,0.0,0,0,S1-967466826,S2-812046608,S2,0
0,0.32432432432432434,0.27027027027027034,0.2702702702702703,0.0,0.0,7,0.6818181818181818,0,0.3214285714285714,0.3571428571428571,0.3571428571428571,0.0,0.0,2,0.9310344827586207,0.0,1,0,S1-736164692,S2-700832863,S2,0
0,0.34285714285714286,0.3428571428571429,0.34285714285714286,0.0,0.0,11,0.5217391304347826,0,0.3561643835616438,0.32876712328767127,0.3287671232876712,0.0,0.045454545454545456,5,0.8717948717948718,0.0,1,0,S1-501828044,S3-674959572,S3,0
0,0.20512820512820518,0.25641025641025633,0.2564102564102564,0.0,0.0,11,0.56,0,0.4117647058823529,0.4411764705882353,0.4411764705882353,0.08333333333333333,0.10344827586206896,6,0.8378378378378378,0.0,1,0,S1-161453893,S2-261476511,S2,0
0,0.368421052631579,0.368421052631579,0.368421052631579,0.0,0.0,4,0.8095238095238095,0,0.3146067415730337,0.35955056179775285,0.35955056179775285,0.0,0.011904761904761904,11,0.78,0.0,1,0,S1-109374060,S3-789348229,S3,0
0,0.26086956521739135,0.34782608695652173,0.34782608695652173,0.0,0.0,5,0.6428571428571429,0,0.3571428571428571,0.3214285714285714,0.3214285714285714,0.0,0.0,6,0.8064516129032258,0.0,1,0,S1-806932052,S2-552247873,S2,0
0,0.47272727272727283,0.4727272727272727,0.47272727272727283,0.125,0.06382978723404255,5,0.8333333333333334,0,0.29729729729729726,0.32432432432432434,0.32432432432432434,0.0,0.0,4,0.8974358974358975,0.0,1,0,S1-912866420,S3-329465435,S3,0
0,0.2857142857142857,0.2857142857142857,0.2857142857142857,0.0,0.0,8,0.5555555555555556,0,0.3076923076923077,0.4358974358974359,0.4358974358974359,0.0,0.07246376811594203,12,0.7333333333333333,0.0,1,0,S1-634682940,S3-543853803,S3,0
0,0.36363636363636365,0.3181818181818181,0.31818181818181823,0.0,0.0,14,0.5172413793103449,0,0.29702970297029707,0.39583333333333337,0.37623762376237624,0.0,0.0,5,0.9056603773584906,0.0,0,0,S1-41709865,S3-536829096,S3,0
0,0.37209302325581395,0.3414634146341463,0.32558139534883723,0.0,0.0,15,0.4827586206896552,0,0.28985507246376807,0.34782608695652173,0.34782608695652173,0.0,0.01639344262295082,13,0.6829268292682927,0.0,1,0,S1-29458063,S3-345284235,S3,0
0,0.303030303030303,0.2424242424242425,0.24242424242424243,0.0,0.0,9,0.5714285714285714,0,0.2666666666666667,0.25974025974025977,0.2666666666666667,0.0,0.0,28,0.5254237288135594,0.0,0,0,S1-217800067,S3-8704569,S3,0
0,0.2222222222222222,0.2222222222222223,0.2222222222222222,0.0,0.0,12,0.5,0,0.339622641509434,0.41509433962264153,0.41509433962264153,0.0,0.0,1,0.9629629629629629,0.0,0,0,S1-303136742,S3-819532065,S3,0
0,0.29729729729729726,0.29729729729729726,0.29729729729729726,0.0,0.014492753623188406,4,0.8974358974358975,0,0.34042553191489366,0.3191489361702128,0.3191489361702128,0.0,0.011627906976744186,32,0.49206349206349204,0.0,0,0,S1-137133318,S3-117173610,S3,0
0,0.33333333333333337,0.33333333333333326,0.33333333333333337,0.0,0.03225806451612903,10,0.5652173913043478,0,0.32352941176470584,0.35294117647058826,0.3529411764705882,0.0,0.015873015873015872,6,0.8378378378378378,0.0,1,0,S1-29180445,S2-642842175,S2,0
0,0.36363636363636365,0.4,0.4,0.0,0.0,13,0.6176470588235294,0,0.2947368421052632,0.31578947368421056,0.3157894736842105,0.0,0.034482758620689655,31,0.5079365079365079,0.0,0,0,S1-84752451,S2-255959637,S2,0
0,0.24242424242424243,0.303030303030303,0.303030303030303,0.0,0.0,13,0.43478260869565216,0,0.34615384615384615,0.3076923076923077,0.3076923076923077,0.0,0.0,12,0.625,0.0,0,0,S1-678154755,S3-789775372,S3,0
0,0.2790697674418605,0.32558139534883723,0.32558139534883723,0.0,0.0,5,0.7916666666666666,0,0.29702970297029707,0.367816091954023,0.3366336633663366,0.0,0.024096385542168676,51,0.32894736842105265,0.0,0,0,S1-821819130,S2-969456581,S2,0
0,0.3414634146341463,0.3414634146341463,0.3414634146341463,0.0,0.0,7,0.7083333333333334,0,0.33766233766233766,0.41558441558441556,0.41558441558441556,0.0,0.028169014084507043,11,0.75,0.0,1,0,S1-85147732,S3-663394036,S3,0
0,0.43333333333333335,0.36666666666666664,0.3666666666666667,0.0,0.0,2,0.9354838709677419,0,0.33898305084745756,0.3783783783783784,0.3728813559322034,0.05555555555555555,0.04,14,0.7878787878787878,0.0,0,0,S1-907430467,S3-697309597,S3,0
0,0.32432432432432434,0.27027027027027034,0.2702702702702703,0.0,0.0,13,0.48,0,0.28099173553719003,0.33027522935779813,0.31404958677685946,0.0,0.0,49,0.4235294117647059,0.0,0,0,S1-508508795,S2-367960405,S2,0
0,0.39130434782608686,0.34782608695652173,0.34782608695652173,0.0,0.0,2,0.9166666666666666,0,0.31999999999999995,0.35294117647058826,0.352,0.0,0.008771929824561403,35,0.5625,0.0,1,0,S1-176775084,S3-174723850,S3,0
0,0.326530612244898,0.3673469387755102,0.36734693877551017,0.0,0.0,9,0.6896551724137931,0,0.2654867256637168,0.2654867256637168,0.2654867256637168,0.0,0.0,45,0.43037974683544306,0.0,0,0,S1-39405438,S2-511638389,S2,0
0,0.2295081967213115,0.26229508196721313,0.2622950819672131,0.0,0.0,29,0.35555555555555557,0,0.27722772277227725,0.25742574257425743,0.25742574257425743,0.0,0.0,39,0.44285714285714284,0.0,0,0,S1-317760314,S3-77632149,S3,0
0,0.42105263157894735,0.3508771929824562,0.3508771929824561,0.0,0.019230769230769232,9,0.7272727272727273,0,0.27586206896551724,0.25287356321839083,0.25287356321839083,0.0,0.0,1,0.9772727272727273,0.0,0,0,S1-511804334,S3-767061026,S3,0
0,0.2978723404255319,0.29787234042553196,0.2978723404255319,0.0,0.023809523809523808,11,0.6206896551724138,0,0.46376811594202894,0.43478260869565216,0.43478260869565216,0.0,0.015625,7,0.8157894736842105,0.0,1,0,S1-28195755,S2-448415018,S2,0
0,0.2790697674418605,0.32558139534883723,0.32558139534883723,0.0,0.0,17,0.43333333333333335,0,0.25,0.2758620689655173,0.22368421052631582,0.0,0.009345794392523364,90,0.256198347107438,0.0,1,0,S1-206007534,S3-855990456,S3,0
0,0.42622950819672134,0.39344262295081966,0.39344262295081966,0.0,0.017857142857142856,5,0.8484848484848485,0,0.0,0.0,0.0,0.0,0.0,29,0.0,0.0,1,0,S1-107993979,S2-341015571,S2,0
0,0.3529411764705882,0.3137254901960784,0.3137254901960784,0.0,0.0,13,0.59375,0,0.3125,0.33333333333333326,0.3125,0.0,0.02531645569620253,28,0.5483870967741935,0.0,0,0,S1-280911401,S2-319696670,S2,0
0,0.44999999999999996,0.4,0.4,0.0,0.058823529411764705,8,0.6666666666666666,0,0.0,0.0,0.0,0.0,0.0,30,0.0,0.0,1,0,S1-924499508,S2-804127133,S2,0
0,0.10526315789473684,0.11764705882352942,0.10526315789473684,0.0,0.0,3,0.9,0,0.36170212765957444,0.3829787234042554,0.3829787234042554,0.0,0.0,4,0.9183673469387755,0.0,1,0,S1-95131711,S2-686234417,S2,0
0,0.25,0.25,0.25,0.0,0.0,20,0.47368421052631576,0,0.2692307692307693,0.3653846153846154,0.3653846153846154,0.0,0.0,30,0.5522388059701493,0.0,0,0,S1-459747995,S3-347803454,S3,0
0,0.4,0.33333333333333326,0.33333333333333337,0.0,0.0,10,0.5,0,0.0,0.0,0.0,0.0,0.0,29,0.0,0.0,0,0,S1-423734688,S2-995488135,S2,0
0,0.25806451612903225,0.2580645161290323,0.25806451612903225,0.0,0.017543859649122806,30,0.34782608695652173,0,0.36923076923076925,0.33846153846153837,0.3384615384615385,0.0,0.0,15,0.625,0.0,1,0,S1-322055674,S2-350187029,S2,0
0,0.32258064516129037,0.3548387096774194,0.3548387096774194,0.0,0.0,4,0.8787878787878788,0,0.3076923076923077,0.3025210084033614,0.29230769230769227,0.0,0.017699115044247787,52,0.42857142857142855,0.0,0,0,S1-278402374,S3-180601134,S3,0
0,0.24137931034482762,0.24137931034482762,0.24137931034482762,0.0,0.0,26,0.38095238095238093,0,0.3733333333333333,0.37333333333333335,0.3733333333333333,0.1,0.07692307692307693,9,0.7857142857142857,0.0,1,0,S1-953669814,S3-390991418,S3,0
0,0.29268292682926833,0.2926829268292683,0.29268292682926833,0.0,0.0,13,0.5185185185185185,0,0.26530612244897955,0.30612244897959184,0.30612244897959184,0.0,0.01098901098901099,36,0.4626865671641791,0.0,0,0,S1-776922619,S2-888947406,S2,0
0,0.36734693877551017,0.3265306122448979,0.326530612244898,0.0,0.022727272727272728,17,0.48484848484848486,0,0.2947368421052632,0.31578947368421056,0.3157894736842105,0.0,0.011111111111111112,21,0.6379310344827587,0.0,0,0,S1-961361110,S2-533237554,S2,0
0,0.39344262295081966,0.36363636363636365,0.36065573770491793,0.0,0.0,5,0.8484848484848485,0,0.27118644067796616,0.27522935779816504,0.27118644067796616,0.0,0.00980392156862745,58,0.3409090909090909,0.0,0,0,S1-80719270,S2-732621302,S2,0
0,0.36363636363636365,0.40909090909090906,0.40909090909090906,0.0,0.0,10,0.6296296296296297,0,0.3207547169811321,0.3265306122448979,0.30188679245283023,0.0,0.0,32,0.5362318840579711,0.0,0,0,S1-247055753,S3-969850475,S3,0
0,0.24137931034482762,0.24137931034482762,0.24137931034482762,0.0,0.018867924528301886,26,0.38095238095238093,0,0.33333333333333337,0.36666666666666664,0.3666666666666667,0.0,0.0,2,0.9672131147540983,0.0,1,0,S1-321782680,S3-572699035,S3,0
0,0.41025641025641024,0.358974358974359,0.3589743589743589,0.0,0.0,9,0.625,0,0.35820895522388063,0.3283582089552239,0.32835820895522383,0.0,0.0,3,0.9142857142857143,0.0,1,0,S1-29414118,S2-12331327,S2,0
0,0.3928571428571429,0.39285714285714285,0.3928571428571429,0.0,0.0196078431372549,0,1.0,0,0.25531914893617025,0.3023255813953489,0.2978723404255319,0.0,0.0,40,0.40298507462686567,0.0,0,0,S1-796519163,S2-393565900,S2,0
0,0.21052631578947367,0.2105263157894737,0.21052631578947367,0.0,0.0,18,0.35714285714285715,0,0.3548387096774194,0.3548387096774194,0.3548387096774194,0.0,0.0,4,0.8787878787878788,0.0,1,0,S1-256721351,S2-956054514,S2,0
0,0.25531914893617025,0.3404255319148936,0.34042553191489366,0.0,0.0,1,0.9583333333333334,0,0.2678571428571429,0.2935779816513761,0.2857142857142857,0.0,0.0,60,0.3023255813953488,0.0,0,0,S1-745744072,S2-559361530,S2,0
0,0.3529411764705882,0.23529411764705885,0.23529411764705888,0.0,0.0,8,0.6190476190476191,0,0.4,0.44,0.43999999999999995,0.0,0.07142857142857142,14,0.5625,0.0,1,0,S1-175467667,S2-897140229,S2,0
0,0.38095238095238093,0.33333333333333326,0.33333333333333337,0.0,0.027777777777777776,24,0.2727272727272727,0,0.24528301886792447,0.2448979591836735,0.2264150943396226,0.0,0.0,56,0.30864197530864196,0.0,0,0,S1-108741324,S2-552247873,S2,0
0,0.3137254901960784,0.43137254901960786,0.43137254901960786,0.0,0.021739130434782608,7,0.7586206896551724,0,0.38636363636363635,0.4105960264900662,0.38636363636363635,0.0,0.00684931506849315,56,0.5172413793103449,0.0,1,0,S1-835982922,S3-513735972,S3,0
0,0.32727272727272727,0.29090909090909095,0.2909090909090909,0.0,0.0,15,0.5714285714285714,0,0.3544303797468354,0.32911392405063294,0.3291139240506329,0.0,0.0,5,0.8809523809523809,0.0,0,0,S1-413198791,S3-604790378,S3,0
0,0.10169491525423723,0.11764705882352942,0.10169491525423723,0.0,0.0,7,0.7878787878787878,0,0.23913043478260865,0.24390243902439024,0.23913043478260865,0.0,0.0125,32,0.4838709677419355,0.0,0,0,S1-202703179,S2-367737787,S2,0
0,0.2777777777777778,0.27777777777777773,0.2777777777777778,0.0,0.0,10,0.5652173913043478,0,0.3908045977011494,0.41379310344827586,0.41379310344827597,0.0,0.038461538461538464,35,0.4262295081967213,0.0,0,0,S1-876327241,S2-709083125,S2,0
0,0.37209302325581395,0.3414634146341463,0.32558139534883723,0.0,0.0,3,0.8695652173913043,0,0.275,0.25,0.25,0.0,0.0,20,0.6,0.0,0,0,S1-65702065,S2-739778368,S2,0
0,0.3921568627450981,0.35294117647058826,0.3529411764705882,0.0,0.0,3,0.8888888888888888,0,0.3571428571428571,0.41904761904761906,0.4107142857142857,0.0,0.02040816326530612,12,0.8064516129032258,0.0,1,0,S1-403246856,S3-17047591,S3,0
0,0.3013698630136986,0.3561643835616438,0.3561643835616438,0.0,0.0,11,0.7380952380952381,0,0.3023255813953488,0.2790697674418605,0.2790697674418605,0.0,0.0,2,0.9545454545454546,0.0,0,0,S1-970323940,S3-390991418,S3,0
0,0.2857142857142857,0.2857142857142857,0.2857142857142857,0.0,0.0,19,0.4411764705882353,0,0.2678571428571429,0.3214285714285714,0.3214285714285714,0.0,0.0,46,0.4177215189873418,0.0,0,0,S1-53528794,S2-635773817,S2,0
0,0.36363636363636365,0.36363636363636365,0.36363636363636365,0.0,0.02,9,0.71875,0,0.4,0.375,0.375,0.0,0.013513513513513514,20,0.6,0.0,1,0,S1-750705664,S3-914337482,S3,0
0,0.1875,0.1875,0.1875,0.0,0.0,8,0.6,0,0.29508196721311475,0.3278688524590164,0.3278688524590164,0.0,0.03636363636363636,9,0.7428571428571429,0.0,1,0,S1-78615518,S3-139688787,S3,0
0,0.24390243902439024,0.3902439024390244,0.29268292682926833,0.2,0.027777777777777776,5,0.782608695652174,0,0.36065573770491793,0.42622950819672134,0.42622950819672134,0.0,0.017857142857142856,13,0.6486486486486487,0.0,1,0,S1-810755505,S3-347803454,S3,0
0,0.3666666666666667,0.43333333333333335,0.43333333333333335,0.0,0.037037037037037035,12,0.6666666666666666,0,0.3411764705882353,0.2933333333333333,0.3294117647058824,0.0,0.021739130434782608,48,0.5596330275229358,0.0,1,0,S1-594810215,S3-732948784,S3,0
0,0.3829787234042554,0.29787234042553196,0.2978723404255319,0.0,0.0,1,0.9583333333333334,0,0.30000000000000004,0.3,0.30000000000000004,0.0,0.02702702702702703,4,0.9047619047619048,0.0,1,0,S1-748255989,S3-360460685,S3,0
0,0.38095238095238093,0.38095238095238093,0.38095238095238093,0.0,0.0,3,0.75,0,0.3508771929824561,0.4210526315789474,0.42105263157894735,0.0,0.019230769230769232,3,0.9,0.0,1,0,S1-265568163,S2-249713646,S2,0
0,0.40909090909090906,0.5,0.5,0.0,0.02564102564102564,4,0.8333333333333334,0,0.37142857142857144,0.3428571428571429,0.34285714285714286,0.0,0.047619047619047616,6,0.8421052631578947,0.0,1,0,S1-403666099,S3-991773386,S3,0
0,0.4057971014492754,0.4057971014492754,0.4057971014492754,0.0,0.0,3,0.9166666666666666,0,0.2666666666666667,0.358974358974359,0.3555555555555555,0.0,0.013333333333333334,20,0.6363636363636364,0.0,0,0,S1-231051286,S2-782997999,S2,0
0,0.35820895522388063,0.44776119402985076,0.44776119402985076,0.0,0.0,3,0.9142857142857143,0,0.32258064516129037,0.41935483870967744,0.4193548387096774,0.0,0.0,8,0.7714285714285715,0.0,1,0,S1-911212874,S2-296309600,S2,0
0,0.2702702702702703,0.21621621621621628,0.2162162162162162,0.0,0.0,13,0.48,0,0.24,0.25287356321839083,0.21999999999999997,0.0,0.0,36,0.47058823529411764,0.0,0,0,S1-48203229,S3-293956815,S3,0
0,0.1875,0.1875,0.1875,0.0,0.0,6,0.6842105263157895,0,0.32352941176470584,0.31007751937984496,0.2941176470588235,0.0,0.016260162601626018,70,0.32038834951456313,0.0,0,0,S1-497062329,S3-539679918,S3,0
0,0.2222222222222222,0.11111111111111115,0.11111111111111116,0.0,0.0,20,0.2857142857142857,0,0.31746031746031744,0.34920634920634924,0.3492063492063492,0.0,0.0,7,0.8,0.0,1,0,S1-989914393,S2-844536886,S2,0
0,0.34042553191489366,0.3404255319148936,0.34042553191489366,0.0,0.0,3,0.88,0,0.34615384615384615,0.3846153846153846,0.3846153846153846,0.0,0.022222222222222223,18,0.4857142857142857,0.0,0,0,S1-372395022,S3-473310940,S3,0
0,0.10526315789473684,0.2105263157894737,0.21052631578947367,0.0,0.0,26,0.1875,0,0.22857142857142854,0.19047619047619052,0.19047619047619047,0.0,0.0,55,0.3125,0.0,0,0,S1-931382952,S3-438611985,S3,0
0,0.32558139534883723,0.37209302325581395,0.37209302325581395,0.0,0.0,1,0.9545454545454546,0,0.3508771929824561,0.31578947368421056,0.3157894736842105,0.0,0.019230769230769232,5,0.8387096774193549,0.0,1,0,S1-926135554,S3-625641585,S3,0
0,0.375,0.33333333333333326,0.33333333333333337,0.0,0.047619047619047616,6,0.7777777777777778,0,0.30000000000000004,0.33333333333333326,0.33333333333333337,0.0,0.0,8,0.7647058823529411,0.0,1,0,S1-678919813,S2-543626459,S2,0
0,0.3902439024390244,0.3902439024390244,0.3902439024390244,0.0,0.027777777777777776,17,0.41379310344827586,0,0.29702970297029707,0.3564356435643565,0.3564356435643564,0.0,0.0,19,0.6833333333333333,0.0,0,0,S1-337059920,S2-265507444,S2,0
0,0.6551724137931035,0.75,0.6206896551724138,0.2857142857142857,0.35,8,0.7575757575757576,0,0.41237113402061853,0.4473684210526316,0.47422680412371127,0.0,0.08571428571428572,3,0.94,0.0,1,0,S1-434670037,S3-742515108,S3,0
0,0.34782608695652173,0.391304347826087,0.39130434782608686,0.0,0.024390243902439025,12,0.5862068965517241,0,0.25263157894736843,0.2526315789473684,0.25263157894736843,0.0,0.011235955056179775,43,0.37681159420289856,0.0,0,0,S1-884809594,S2-842057729,S2,0
0,0.3783783783783784,0.4324324324324324,0.4324324324324324,0.0,0.0,1,0.9473684210526315,0,0.36734693877551017,0.3877551020408163,0.3877551020408163,0.047619047619047616,0.010752688172043012,18,0.6896551724137931,0.2,1,0,S1-963531308,S2-418169642,S2,0
0,0.3589743589743589,0.3783783783783784,0.3589743589743589,0.0,0.0,1,0.95,0,0.27722772277227725,0.2772277227722772,0.27722772277227725,0.0,0.0,21,0.6557377049180327,0.0,0,0,S1-696482803,S2-49763754,S2,0
0,0.4761904761904761,0.6818181818181819,0.6031746031746033,0.3333333333333333,0.2553191489361702,5,0.8529411764705882,0,0.3026315789473685,0.41791044776119407,0.39473684210526316,0.0,0.0234375,26,0.7078651685393258,0.0,1,0,S1-683502696,S2-638948445,S2,0
0,0.38095238095238093,0.38095238095238093,0.38095238095238093,0.0,0.0,6,0.75,0,0.35051546391752575,0.34883720930232553,0.35051546391752575,0.0,0.0,7,0.8653846153846154,0.0,0,0,S1-227971109,S2-86861126,S2,0
0,0.4918032786885246,0.5245901639344263,0.4590163934426229,0.14285714285714285,0.14,5,0.8484848484848485,0,0.3970588235294118,0.3937007874015748,0.36764705882352944,0.043478260869565216,0.024793388429752067,22,0.7215189873417721,0.0,1,0,S1-716743711,S2-352817472,S2,0
0,0.3555555555555555,0.4444444444444444,0.4444444444444444,0.0,0.02564102564102564,7,0.7307692307692307,0,0.0,0.0,0.0,0.0,0.0,35,0.0,0.0,0,0,S1-10833317,S3-896526204,S3,0
0,0.36363636363636365,0.303030303030303,0.303030303030303,0.0,0.03571428571428571,5,0.7368421052631579,0,0.288135593220339,0.28301886792452835,0.288135593220339,0.0,0.0,52,0.38823529411764707,0.0,0,0,S1-828266079,S2-334458869,S2,0
0,0.23076923076923073,0.2307692307692308,0.23076923076923073,0.0,0.0,12,0.625,0,0.34375,0.28125,0.28125,0.0,0.0,2,0.9393939393939394,0.0,1,0,S1-630584951,S2-40087600,S2,0
0,0.3137254901960784,0.35294117647058826,0.3529411764705882,0.0,0.021739130434782608,9,0.7,0,0.34090909090909094,0.3953488372093023,0.38636363636363635,0.0,0.0,26,0.543859649122807,0.0,0,0,S1-785841276,S2-741315116,S2,0
0,0.71875,0.71875,0.59375,0.2857142857142857,0.3111111111111111,2,0.9393939393939394,0,0.4,0.384,0.3571428571428571,0.047619047619047616,0.034482758620689655,4,0.9444444444444444,0.0,1,0,S1-573179121,S2-112899334,S2,0
0,0.41860465116279066,0.37209302325581395,0.37209302325581395,0.0,0.0,5,0.7916666666666666,0,0.28260869565217395,0.2826086956521739,0.28260869565217395,0.0,0.011904761904761904,34,0.4603174603174603,0.0,0,0,S1-832442914,S2-271731082,S2,0
0,0.09836065573770492,0.10526315789473685,0.09836065573770492,0.0,0.0,11,0.6944444444444444,0,0.3106796116504854,0.37362637362637363,0.33009708737864074,0.0,0.011235955056179775,23,0.6349206349206349,0.0,1,0,S1-98392954,S2-757313426,S2,0
0,0.23809523809523814,0.33333333333333326,0.33333333333333337,0.0,0.0,20,0.3548387096774194,0,0.3711340206185567,0.3296703296703296,0.30927835051546393,0.0,0.011494252873563218,3,0.94,0.0,0,0,S1-235453574,S2-502248959,S2,0
0,0.25,0.25,0.25,0.0,0.0,10,0.5238095238095238,0,0.31707317073170727,0.31707317073170727,0.31707317073170727,0.0,0.0,32,0.43859649122807015,0.0,0,0,S1-571213294,S2-459775636,S2,0
0,0.38596491228070173,0.4210526315789474,0.42105263157894735,0.0,0.0196078431372549,3,0.9,0,0.2807017543859649,0.31578947368421056,0.3157894736842105,0.0,0.0,11,0.6764705882352942,0.0,1,0,S1-475863298,S2-970879344,S2,0
0,0.33333333333333337,0.375,0.375,0.0,0.023255813953488372,0,1.0,0,0.3661971830985915,0.39436619718309857,0.3943661971830986,0.0,0.0,1,0.9722222222222222,0.0,1,0,S1-523067125,S3-162721702,S3,0
0,0.36734693877551017,0.3265306122448979,0.326530612244898,0.0,0.0,11,0.6333333333333333,0,0.3928571428571429,0.39285714285714285,0.3928571428571429,0.1111111111111111,0.02,6,0.8064516129032258,0.0,1,0,S1-769720092,S2-639712365,S2,0
0,0.3870967741935484,0.32258064516129037,0.32258064516129037,0.0,0.038461538461538464,3,0.8235294117647058,0,0.3508771929824561,0.3508771929824562,0.3508771929824561,0.0,0.019230769230769232,7,0.78125,0.0,1,0,S1-271276171,S2-78985177,S2,0
0,0.5,0.5789473684210527,0.5,0.1111111111111111,0.19642857142857142,18,0.6,0,0.35820895522388063,0.3582089552238806,0.35820895522388063,0.0,0.05172413793103448,5,0.8611111111111112,0.0,1,0,S1-879204537,S3-394111189,S3,0
0,0.29166666666666663,0.29166666666666674,0.29166666666666663,0.0,0.0,12,0.6,0,0.5263157894736843,0.5416666666666666,0.49122807017543857,0.15789473684210525,0.17073170731707318,16,0.7538461538461538,0.0,1,0,S1-173014114,S2-424806036,S2,0
0,0.303030303030303,0.36363636363636365,0.36363636363636365,0.0,0.07407407407407407,7,0.65,0,0.3310344827586207,0.3496503496503496,0.3448275862068966,0.0,0.015503875968992248,47,0.5104166666666666,0.0,1,0,S1-796223998,S3-600202232,S3,0
0,0.36363636363636365,0.36363636363636365,0.36363636363636365,0.0,0.0,11,0.6666666666666666,0,0.0,0.0,0.0,0.0,0.0,28,0.0,0.0,1,0,S1-583957624,S3-858719733,S3,0
0,0.31034482758620685,0.3448275862068965,0.3448275862068966,0.0,0.0,2,0.9333333333333333,0,0.29268292682926833,0.31707317073170727,0.31707317073170727,0.0,0.0,14,0.7083333333333334,0.0,0,0,S1-491893703,S3-593557045,S3,0
0,0.48888888888888893,0.4,0.4,0.0,0.025,3,0.875,0,0.34328358208955223,0.42857142857142855,0.3731343283582089,0.05,0.06956521739130435,8,0.8873239436619719,0.0,1,0,S1-87833060,S2-255959637,S2,0
0,0.2941176470588235,0.35294117647058826,0.3529411764705882,0.0,0.034482758620689655,6,0.7,0,0.2696629213483146,0.30379746835443044,0.2921348314606742,0.0,0.013157894736842105,31,0.48333333333333334,0.0,0,0,S1-663502219,S2-66709237,S2,0
0,0.2592592592592593,0.29629629629629634,0.2962962962962963,0.0,0.02040816326530612,12,0.6363636363636364,0,0.3058823529411765,0.2823529411764706,0.2823529411764706,0.0,0.0,33,0.4406779661016949,0.0,0,0,S1-761985783,S3-607908672,S3,0
0,0.36734693877551017,0.3673469387755102,0.36734693877551017,0.0,0.0,1,0.96,0,0.273972602739726,0.3013698630136986,0.3013698630136986,0.0,0.0,9,0.7804878048780488,0.0,0,0,S1-197957551,S3-336678919,S3,0
0,0.2272727272727273,0.27272727272727265,0.2727272727272727,0.0,0.0,4,0.8333333333333334,0,0.3296703296703297,0.379746835443038,0.3516483516483516,0.0,0.013157894736842105,23,0.5964912280701754,0.0,0,0,S1-485689307,S2-511638389,S2,0
0,0.33333333333333337,0.33333333333333326,0.33333333333333337,0.0,0.0,10,0.5652173913043478,0,0.25531914893617025,0.25287356321839083,0.23404255319148937,0.0,0.0,42,0.38235294117647056,0.0,0,0,S1-381079292,S2-659077882,S2,0
0,0.3278688524590164,0.3076923076923077,0.29508196721311475,0.0,0.0,33,0.2978723404255319,0,0.3125,0.27083333333333326,0.27083333333333337,0.0,0.0,22,0.6271186440677966,0.0,0,0,S1-369521056,S2-412337479,S2,0
0,0.19354838709677424,0.2580645161290323,0.25806451612903225,0.0,0.0,7,0.631578947368421,0,0.0,0.0,0.0,0.0,0.0,29,0.0,0.0,1,0,S1-748207936,S2-895857313,S2,0
0,0.32558139534883723,0.2790697674418605,0.2790697674418605,0.0,0.0,17,0.43333333333333335,0,0.36065573770491793,0.3278688524590164,0.3278688524590164,0.0,0.018518518518518517,11,0.6944444444444444,0.0,1,0,S1-996398157,S2-342987729,S2,0
0,0.06779661016949157,0.08510638297872347,0.06779661016949157,0.0,0.0,23,0.43902439024390244,0,0.3125,0.29166666666666674,0.29166666666666663,0.0,0.0,12,0.7777777777777778,0.0,0,0,S1-754925019,S2-932529645,S2,0
0,0.06557377049180324,0.07272727272727267,0.06557377049180324,0.0,0.0,7,0.7941176470588235,0,0.32061068702290074,0.36363636363636365,0.351145038167939,0.0,0.008695652173913044,37,0.5595238095238095,0.0,0,0,S1-242175101,S2-12454821,S2,0
0,0.2807017543859649,0.2456140350877193,0.24561403508771928,0.0,0.0,15,0.5833333333333334,0,0.28125,0.3015873015873016,0.296875,0.041666666666666664,0.03361344537815126,62,0.3473684210526316,0.0,0,0,S1-700096530,S2-678892641,S2,0
0,0.43999999999999995,0.4,0.36,0.16666666666666666,0.045454545454545456,12,0.6129032258064516,0,0.3296703296703297,0.39560439560439564,0.39560439560439564,0.0,0.011764705882352941,9,0.82,0.0,1,0,S1-828088697,S3-406937582,S3,0
0,0.3214285714285714,0.2857142857142857,0.2857142857142857,0.0,0.0,20,0.47368421052631576,0,0.33333333333333337,0.33333333333333326,0.30952380952380953,0.0,0.0273972602739726,34,0.423728813559322,0.0,0,0,S1-752442435,S2-988350471,S2,0
0,0.38888888888888884,0.33333333333333326,0.33333333333333337,0.0,0.0,8,0.6363636363636364,0,0.3448275862068966,0.3448275862068965,0.3448275862068966,0.0,0.018867924528301886,12,0.6571428571428571,0.0,1,0,S1-492424522,S2-312209290,S2,0
0,0.2622950819672131,0.2950819672131148,0.29508196721311475,0.0,0.0,25,0.4186046511627907,0,0.36363636363636365,0.33333333333333326,0.33333333333333337,0.0,0.0,0,1.0,0.0,1,0,S1-117183923,S3-440664631,S3,0
0,0.5454545454545454,0.7142857142857143,0.4545454545454546,0.2857142857142857,0.24489795918367346,12,0.6923076923076923,0,0.3313609467455622,0.4625850340136054,0.43786982248520717,0.034482758620689655,0.050359712230215826,37,0.6407766990291263,0.0,1,0,S1-155505370,S3-3930637,S3,0
0,0.6779661016949151,0.7692307692307692,0.576271186440678,0.2857142857142857,0.35,11,0.6857142857142857,0,0.36111111111111116,0.37878787878787873,0.36111111111111116,0.0,0.032520325203252036,6,0.92,0.0,1,0,S1-364147773,S2-961259779,S2,0
0,0.3448275862068966,0.31034482758620685,0.31034482758620685,0.0,0.0,4,0.8709677419354839,0,0.3492063492063492,0.3902439024390244,0.33333333333333337,0.08333333333333333,0.05504587155963303,66,0.3125,0.16666666666666666,1,0,S1-654023743,S2-840197013,S2,0
0,0.417910447761194,0.44776119402985076,0.44776119402985076,0.0,0.03333333333333333,5,0.8611111111111112,0,0.3373493975903614,0.3855421686746988,0.3855421686746988,0.0,0.0,9,0.8043478260869565,0.0,1,0,S1-798878355,S3-665815481,S3,0
0,0.3728813559322034,0.3728813559322034,0.3728813559322034,0.0,0.0,11,0.6857142857142857,0,0.27450980392156865,0.27450980392156865,0.27450980392156865,0.0,0.0,40,0.43661971830985913,0.0,0,0,S1-349559668,S2-814046768,S2,0
0,0.29166666666666663,0.29166666666666674,0.29166666666666663,0.0,0.0,4,0.8461538461538461,0,0.29885057471264365,0.3703703703703704,0.367816091954023,0.0,0.0,17,0.6730769230769231,0.0,0,0,S1-833727762,S3-285171372,S3,0
0,0.22857142857142854,0.17142857142857137,0.17142857142857137,0.0,0.0,11,0.5217391304347826,0,0.0,0.0,0.0,0.0,0.0,62,0.0,0.0,0,0,S1-885849843,S2-895857313,S2,0
0,0.3571428571428571,0.2857142857142857,0.2857142857142857,0.0,0.0196078431372549,2,0.9310344827586207,0,0.2831858407079646,0.3185840707964601,0.31858407079646023,0.0,0.018691588785046728,51,0.3780487804878049,0.0,0,0,S1-116496712,S2-536246286,S2,0
0,0.34615384615384615,0.3846153846153846,0.3846153846153846,0.0,0.0,4,0.8571428571428571,0,0.27586206896551724,0.29310344827586204,0.2586206896551724,0.05,0.04716981132075472,64,0.28888888888888886,0.0,0,0,S1-866081494,S2-123837937,S2,0
0,0.24390243902439024,0.24390243902439024,0.24390243902439024,0.0,0.0,7,0.7083333333333334,0,0.0,0.0,0.0,0.0,0.0,25,0.0,0.0,1,0,S1-878006512,S3-454084383,S3,0
0,0.4444444444444444,0.4,0.4,0.0,0.05128205128205128,9,0.6666666666666666,0,0.23728813559322037,0.30508474576271183,0.30508474576271183,0.0,0.0,15,0.5945945945945946,0.0,1,0,S1-493109121,S2-310565366,S2,0
0,0.32432432432432434,0.32432432432432434,0.32432432432432434,0.0,0.0,9,0.6086956521739131,0,0.33333333333333337,0.33333333333333326,0.33333333333333337,0.0,0.0,22,0.56,0.0,1,0,S1-518382246,S3-412647181,S3,0
0,0.5263157894736843,0.736842105263158,0.368421052631579,0.25,0.21428571428571427,14,0.46153846153846156,0,0.4,0.475,0.475,0.0,0.0410958904109589,4,0.9047619047619048,0.0,1,0,S1-711134007,S3-531721866,S3,0
0,0.32558139534883723,0.32558139534883723,0.32558139534883723,0.0,0.0,7,0.72,0,0.3218390804597702,0.29885057471264376,0.29885057471264365,0.0,0.0,25,0.5535714285714286,0.0,0,0,S1-118473493,S3-798936923,S3,0
0,0.2222222222222222,0.2222222222222223,0.2222222222222222,0.0,0.0,14,0.44,0,0.3561643835616438,0.42857142857142855,0.410958904109589,0.037037037037037035,0.030534351145038167,6,0.9210526315789473,0.0,1,0,S1-53226216,S3-481447062,S3,0
0,0.30508474576271183,0.30508474576271183,0.30508474576271183,0.0,0.0,9,0.7352941176470589,0,0.32835820895522383,0.3428571428571429,0.29850746268656714,0.0,0.021052631578947368,58,0.3958333333333333,0.0,0,0,S1-483519960,S3-227147241,S3,0
0,0.34782608695652173,0.26086956521739124,0.26086956521739135,0.0,0.0,6,0.7692307692307693,0,0.30000000000000004,0.4,0.4,0.1111111111111111,0.09803921568627451,2,0.9354838709677419,0.0,1,0,S1-118852297,S2-347845201,S2,0
0,0.3137254901960784,0.3137254901960784,0.3137254901960784,0.0,0.0,1,0.9615384615384616,0,0.29850746268656714,0.3283582089552239,0.32835820895522383,0.0,0.016129032258064516,9,0.7631578947368421,0.0,1,0,S1-100890532,S2-296090369,S2,0
0,0.36923076923076925,0.3692307692307692,0.36923076923076925,0.0,0.05263157894736842,1,0.9696969696969697,0,0.2962962962962963,0.3703703703703704,0.3703703703703704,0.0,0.0,13,0.723404255319149,0.0,0,0,S1-321165711,S3-823051565,S3,0
0,0.22857142857142854,0.22857142857142862,0.22857142857142854,0.0,0.0,3,0.8421052631578947,0,0.32432432432432434,0.3783783783783784,0.3783783783783784,0.0,0.0,0,1.0,0.0,1,0,S1-424780731,S2-957425873,S2,0
0,0.2857142857142857,0.3571428571428571,0.3571428571428571,0.0,0.0196078431372549,12,0.6470588235294118,0,0.3802816901408451,0.39436619718309857,0.3661971830985915,0.047619047619047616,0.03007518796992481,16,0.7974683544303798,0.0,1,0,S1-826416824,S2-638948445,S2,0
0,0.32558139534883723,0.32558139534883723,0.32558139534883723,0.0,0.0,9,0.6538461538461539,0,0.2807017543859649,0.2456140350877193,0.24561403508771928,0.0,0.0,11,0.6764705882352942,0.0,0,0,S1-530676646,S3-947781677,S3,0
0,0.368421052631579,0.368421052631579,0.368421052631579,0.0,0.0625,12,0.52,0,0.38095238095238093,0.31746031746031744,0.31746031746031744,0.0,0.017543859649122806,11,0.7027027027027027,0.0,1,0,S1-26281045,S2-944011155,S2,0
0,0.33333333333333337,0.29629629629629634,0.2962962962962963,0.0,0.0,6,0.8,0,0.30000000000000004,0.28,0.28,0.0,0.0,28,0.5625,0.0,0,0,S1-194681690,S3-306103663,S3,0
0,0.19512195121951215,0.24390243902439024,0.24390243902439024,0.0,0.0,5,0.782608695652174,0,0.0,0.0,0.0,0.0,0.0,26,0.0,0.0,1,0,S1-853735708,S2-107623984,S2,0
0,0.09230769230769231,0.11320754716981128,0.09230769230769231,0.0,0.0,9,0.7567567567567568,0,0.367816091954023,0.379746835443038,0.3448275862068966,0.0,0.0,15,0.7058823529411765,0.0,0,0,S1-333441579,S2-511539509,S2,0
0,0.2807017543859649,0.3859649122807018,0.38596491228070173,0.0,0.0,5,0.8387096774193549,0,0.33333333333333337,0.33333333333333326,0.33333333333333337,0.0,0.0,20,0.6153846153846154,0.0,1,0,S1-687647016,S3-697309597,S3,0
0,0.26086956521739135,0.26086956521739124,0.26086956521739135,0.0,0.0,10,0.6428571428571429,0,0.3287671232876712,0.32876712328767127,0.3287671232876712,0.0,0.0,17,0.6222222222222222,0.0,1,0,S1-280408882,S3-81043972,S3,0
0,0.3783783783783784,0.3783783783783784,0.3783783783783784,0.0,0.0,13,0.48,0,0.2912621359223301,0.4077669902912621,0.4077669902912622,0.0,0.03125,29,0.5606060606060606,0.0,0,0,S1-475293295,S2-201199806,S2,0
0,0.368421052631579,0.368421052631579,0.368421052631579,0.0,0.0,0,1.0,0,0.3278688524590164,0.3278688524590164,0.3278688524590164,0.0,0.017857142857142856,7,0.7941176470588235,0.0,1,0,S1-216615080,S2-763637516,S2,0
0,0.31818181818181823,0.3181818181818181,0.31818181818181823,0.0,0.0,8,0.6923076923076923,0,0.24742268041237114,0.20618556701030927,0.20618556701030932,0.0,0.0,47,0.3472222222222222,0.0,0,0,S1-486715159,S2-215165953,S2,0
0,0.04878048780487809,0.05714285714285708,0.04878048780487809,0.0,0.0,19,0.36666666666666664,0,0.3076923076923077,0.33846153846153837,0.3384615384615385,0.0,0.0,25,0.4444444444444444,0.0,0,0,S1-632674022,S2-686234417,S2,0
0,0.3076923076923077,0.34615384615384615,0.34615384615384615,0.0,0.0,10,0.6774193548387096,0,0.34449760765550236,0.33333333333333326,0.30622009569377995,0.034482758620689655,0.03428571428571429,95,0.375,0.0,1,0,S1-979927512,S3-452373688,S3,0
0,0.30000000000000004,0.25,0.25,0.0,0.0,12,0.5384615384615384,0,0.31858407079646023,0.31067961165048547,0.3008849557522124,0.0,0.042105263157894736,29,0.5915492957746479,0.0,0,0,S1-603486693,S3-676713174,S3,0
0,0.2962962962962963,0.3703703703703704,0.3703703703703704,0.0,0.0,3,0.8,0,0.3291139240506329,0.3544303797468355,0.3544303797468354,0.0,0.014285714285714285,1,0.975,0.0,1,0,S1-712187240,S3-748622923,S3,0
0,0.3508771929824561,0.3508771929824562,0.3508771929824561,0.0,0.019230769230769232,7,0.78125,0,0.3114754098360656,0.26229508196721313,0.2622950819672131,0.0,0.04807692307692308,54,0.38636363636363635,0.0,0,0,S1-312000463,S3-523158117,S3,0
0,0.303030303030303,0.18181818181818188,0.18181818181818177,0.0,0.0,3,0.8333333333333334,0,0.32608695652173914,0.36585365853658536,0.34782608695652173,0.0,0.0,20,0.6428571428571429,0.0,0,0,S1-975805917,S3-951385217,S3,0
0,0.3846153846153846,0.3846153846153846,0.3846153846153846,0.0,0.0,6,0.625,0,0.25287356321839083,0.2758620689655173,0.27586206896551724,0.0,0.0,33,0.45,0.0,0,0,S1-416548125,S2-187125808,S2,0
0,0.4489795918367348,0.3265306122448979,0.326530612244898,0.0,0.046511627906976744,7,0.75,0,0.0,0.0,0.0,0.0,0.0,62,0.0,0.0,1,0,S1-478184014,S3-49166380,S3,0
0,0.20408163265306123,0.2448979591836735,0.24489795918367352,0.0,0.0,27,0.2894736842105263,0,0.36,0.42,0.4200000000000001,0.0,0.03333333333333333,26,0.5873015873015873,0.0,0,0,S1-553860798,S3-571389616,S3,0
0,0.3589743589743589,0.358974358974359,0.3589743589743589,0.0,0.029411764705882353,21,0.3,0,0.2068965517241379,0.2142857142857143,0.2068965517241379,0.0,0.0,6,0.8125,0.0,0,0,S1-415296148,S3-931211295,S3,0
0,0.37209302325581395,0.37209302325581395,0.37209302325581395,0.0,0.0,5,0.7916666666666666,0,0.33333333333333337,0.29166666666666674,0.29166666666666663,0.0,0.0,4,0.8461538461538461,0.0,1,0,S1-846810803,S2-27900816,S2,0
0,0.4067796610169492,0.30508474576271183,0.30508474576271183,0.0,0.03773584905660377,5,0.84375,0,0.3544303797468354,0.32911392405063294,0.3291139240506329,0.0,0.013888888888888888,13,0.717391304347826,0.0,1,0,S1-976578492,S2-913296899,S2,0
0,0.2692307692307693,0.34615384615384615,0.34615384615384615,0.0,0.0,10,0.6774193548387096,0,0.36809815950920244,0.5341614906832298,0.5030674846625767,0.08,0.15384615384615385,39,0.6138613861386139,0.0,1,0,S1-947804243,S2-184257678,S2,0
0,0.30434782608695654,0.21739130434782608,0.21739130434782605,0.0,0.024390243902439025,12,0.5862068965517241,0,0.2962962962962963,0.3518518518518519,0.35185185185185186,0.0,0.019801980198019802,30,0.5652173913043478,0.0,0,0,S1-438605515,S3-624202190,S3,0
0,0.3728813559322034,0.4745762711864407,0.44067796610169496,0.125,0.057692307692307696,3,0.9032258064516129,0,0.29850746268656714,0.3582089552238806,0.35820895522388063,0.0,0.0,3,0.9142857142857143,0.0,1,0,S1-807655794,S2-775196888,S2,0
0,0.2666666666666667,0.35555555555555557,0.3555555555555555,0.0,0.0,9,0.6666666666666666,0,0.2912621359223301,0.3010752688172043,0.27184466019417475,0.0,0.0,49,0.35526315789473684,0.0,0,0,S1-391284808,S2-128630836,S2,0
0,0.4666666666666666,0.4482758620689655,0.43333333333333335,0.0,0.0784313725490196,16,0.5789473684210527,0,0.3132530120481928,0.32876712328767127,0.3132530120481928,0.0,0.0,23,0.5660377358490566,0.0,0,0,S1-788921873,S2-634147128,S2,0
0,0.38095238095238093,0.45,0.33333333333333337,0.125,0.058823529411764705,10,0.6153846153846154,0,0.0,0.0,0.0,0.0,0.0,41,0.0,0.0,1,0,S1-988237179,S3-172497749,S3,0
0,0.3728813559322034,0.30508474576271183,0.30508474576271183,0.0,0.0,7,0.7878787878787878,0,0.27450980392156865,0.3838383838383838,0.37254901960784315,0.05263157894736842,0.056179775280898875,38,0.45714285714285713,0.0,0,0,S1-695245711,S3-756201267,S3,0
0,0.09230769230769231,0.10909090909090907,0.09230769230769231,0.0,0.0,5,0.8571428571428571,0,0.30379746835443033,0.33766233766233766,0.3544303797468354,0.0,0.0,23,0.5490196078431373,0.0,0,0,S1-668405305,S2-343651347,S2,0
0,0.3076923076923077,0.25641025641025633,0.2564102564102564,0.0,0.0,1,0.95,0,0.5,0.4666666666666666,0.43333333333333335,0.1111111111111111,0.12,4,0.875,0.0,1,0,S1-729701683,S2-923086371,S2,0
0,0.24,0.32,0.31999999999999995,0.0,0.0,9,0.47058823529411764,0,0.29850746268656714,0.3582089552238806,0.35820895522388063,0.0,0.016129032258064516,13,0.675,0.0,1,0,S1-996581653,S3-235364092,S3,0
0,0.32558139534883723,0.32558139534883723,0.32558139534883723,0.0,0.0,15,0.4827586206896552,0,0.3116883116883117,0.35294117647058826,0.3246753246753247,0.04,0.022900763358778626,44,0.5555555555555556,0.0,1,0,S1-770017728,S2-155289861,S2,0
0,0.41379310344827597,0.48275862068965514,0.48275862068965514,0.0,0.038461538461538464,10,0.7058823529411765,0,0.0,0.0,0.0,0.0,0.0,36,0.0,0.0,0,0,S1-525972986,S3-542214464,S3,0
0,0.2857142857142857,0.2380952380952381,0.23809523809523814,0.0,0.0,4,0.8260869565217391,0,0.34375,0.3125,0.3125,0.0,0.0,2,0.9393939393939394,0.0,1,0,S1-106562529,S2-334458869,S2,0
0,0.3157894736842105,0.368421052631579,0.368421052631579,0.0,0.0,4,0.8095238095238095,0,0.48571428571428577,0.4857142857142857,0.37142857142857144,0.1,0.11864406779661017,10,0.75,0.0,0,0,S1-783363676,S2-186410109,S2,0
0,0.17021276595744683,0.1702127659574468,0.17021276595744683,0.0,0.0,29,0.23684210526315788,0,0.3055555555555556,0.3055555555555556,0.3055555555555556,0.0,0.0,6,0.8461538461538461,0.0,1,0,S1-426606648,S2-56969164,S2,0
0,0.09677419354838712,0.10714285714285708,0.09677419354838712,0.0,0.0,2,0.9375,0,0.22680412371134018,0.27368421052631575,0.2680412371134021,0.0,0.0,35,0.4696969696969697,0.0,1,0,S1-896372191,S3-586688398,S3,0
0,0.375,0.375,0.375,0.0,0.0,2,0.92,0,0.2990654205607477,0.2429906542056075,0.2429906542056075,0.0,0.019801980198019802,39,0.4657534246575342,0.0,0,0,S1-910201902,S3-199712072,S3,0
0,0.4,0.41269841269841273,0.4,0.0,0.0,13,0.6666666666666666,0,0.3384615384615385,0.3076923076923077,0.3076923076923077,0.0,0.0,3,0.9117647058823529,0.0,1,0,S1-270912657,S3-899085031,S3,0
0,0.4117647058823529,0.2941176470588235,0.2941176470588235,0.0,0.0,0,1.0,0,0.3448275862068966,0.3620689655172413,0.3620689655172413,0.0,0.009523809523809525,20,0.7058823529411765,0.0,0,0,S1-903867532,S3-518532800,S3,0
0,0.4489795918367348,0.3265306122448979,0.326530612244898,0.0,0.0,9,0.6896551724137931,0,0.39655172413793105,0.4310344827586207,0.43103448275862066,0.0,0.027522935779816515,16,0.7575757575757576,0.0,0,0,S1-22783151,S3-557777834,S3,0
0,0.32727272727272727,0.3272727272727273,0.32727272727272727,0.0,0.02040816326530612,19,0.4864864864864865,0,0.30000000000000004,0.35294117647058826,0.35,0.0,0.0,12,0.7391304347826086,0.0,0,0,S1-507328511,S2-314584308,S2,0
0,0.39344262295081966,0.3278688524590164,0.3278688524590164,0.0,0.037037037037037035,9,0.7428571428571429,0,0.26,0.28,0.28,0.0,0.0,34,0.4925373134328358,0.0,0,0,S1-329109588,S2-571117922,S2,0
0,0.48,0.4,0.4,0.0,0.0,16,0.5151515151515151,0,0.3492063492063492,0.4032258064516129,0.39682539682539686,0.0,0.03636363636363636,12,0.8260869565217391,0.0,1,0,S1-48428044,S3-570565994,S3,0
0,0.32432432432432434,0.32432432432432434,0.32432432432432434,0.0,0.0,1,0.9473684210526315,0,0.4324324324324324,0.40540540540540543,0.40540540540540543,0.09090909090909091,0.0625,8,0.8048780487804879,0.0,1,0,S1-685179083,S3-545181614,S3,0
0,0.3571428571428571,0.5,0.5,0.0,0.0,2,0.8666666666666667,0,0.34615384615384615,0.3846153846153846,0.3846153846153846,0.0,0.0,2,0.9259259259259259,0.0,1,0,S1-11153402,S2-508371670,S2,0
0,0.1428571428571429,0.2142857142857143,0.2142857142857143,0.0,0.0,20,0.16666666666666666,0,0.30000000000000004,0.3392857142857143,0.31666666666666665,0.0,0.02830188679245283,44,0.4634146341463415,0.0,0,0,S1-221492186,S3-87770842,S3,0
0,0.31818181818181823,0.45454545454545453,0.4545454545454546,0.0,0.05263157894736842,0,1.0,0,0.2142857142857143,0.29126213592233013,0.2857142857142857,0.0,0.0,58,0.3176470588235294,0.0,0,0,S1-630777418,S3-710758715,S3,0
0,0.1333333333333333,0.1463414634146342,0.1333333333333333,0.0,0.0,9,0.6666666666666666,0,0.2692307692307693,0.36,0.34615384615384615,0.0,0.0,2,0.9259259259259259,0.0,0,0,S1-701619917,S2-45686614,S2,0
0,0.10909090909090914,0.12244897959183675,0.10909090909090914,0.0,0.0,7,0.7741935483870968,0,0.29032258064516125,0.32258064516129037,0.32258064516129037,0.0,0.0,20,0.5121951219512195,0.0,0,0,S1-343859060,S3-158119920,S3,0
0,0.25531914893617025,0.3404255319148936,0.34042553191489366,0.0,0.0,15,0.5161290322580645,0,0.3666666666666667,0.33333333333333326,0.33333333333333337,0.0,0.0,4,0.875,0.0,1,0,S1-399461325,S2-150715610,S2,0
0,0.27586206896551724,0.2758620689655173,0.27586206896551724,0.0,0.0,7,0.6111111111111112,0,0.29059829059829057,0.2803738317757009,0.27350427350427353,0.0,0.00980392156862745,35,0.5394736842105263,0.0,0,0,S1-537905171,S3-198741171,S3,0
0,0.29850746268656714,0.3283582089552239,0.32835820895522383,0.0,0.0,23,0.4888888888888889,0,0.2727272727272727,0.33333333333333326,0.33333333333333337,0.0,0.0,14,0.65,0.0,1,0,S1-97201921,S2-38748808,S2,0
0,0.32558139534883723,0.37209302325581395,0.37209302325581395,0.0,0.0,17,0.43333333333333335,0,0.2857142857142857,0.2857142857142857,0.2857142857142857,0.0,0.0,5,0.8529411764705882,0.0,1,0,S1-471594651,S3-678048849,S3,0
0,0.1875,0.1875,0.1875,0.0,0.0,22,0.18518518518518517,0,0.27956989247311825,0.2857142857142857,0.25806451612903225,0.0,0.04,47,0.32857142857142857,0.0,1,0,S1-659560700,S3-526459565,S3,0
0,0.4444444444444444,0.4444444444444444,0.4444444444444444,0.0,0.03225806451612903,4,0.8,0,0.3380281690140845,0.3661971830985915,0.3661971830985915,0.0,0.0,7,0.8205128205128205,0.0,1,0,S1-544447816,S2-56829959,S2,0
0,0.41860465116279066,0.4186046511627907,0.41860465116279066,0.0,0.0,13,0.5357142857142857,0,0.0,0.0,0.0,0.0,0.0,86,0.0,0.0,0,0,S1-982786730,S2-360703820,S2,0
0,0.13043478260869568,0.15,0.13043478260869568,0.0,0.0,2,0.9166666666666666,0,0.303030303030303,0.3232323232323232,0.3232323232323232,0.0,0.010752688172043012,23,0.6229508196721312,0.0,0,0,S1-339547981,S2-813318063,S2,0
0,0.4,0.48,0.48,0.0,0.046511627906976744,2,0.9230769230769231,0,0.27368421052631575,0.29545454545454547,0.2947368421052632,0.0,0.0,27,0.5573770491803278,0.0,0,0,S1-401488603,S2-187276363,S2,0
0,0.39130434782608686,0.34782608695652173,0.34782608695652173,0.0,0.024390243902439025,8,0.7037037037037037,0,0.3571428571428571,0.3619047619047619,0.3392857142857143,0.058823529411764705,0.06315789473684211,44,0.4358974358974359,0.0,0,0,S1-362549254,S3-599239132,S3,0
0,0.4,0.3111111111111111,0.3111111111111111,0.0,0.05128205128205128,11,0.6071428571428571,0,0.303030303030303,0.36363636363636365,0.36363636363636365,0.0,0.0,4,0.8857142857142857,0.0,1,0,S1-124142623,S2-794660602,S2,0
0,0.37209302325581395,0.32558139534883723,0.32558139534883723,0.0,0.0,17,0.43333333333333335,0,0.25,0.25,0.275,0.0,0.0,14,0.7021276595744681,0.0,1,0,S1-731725129,S3-589149627,S3,0
0,0.5531914893617021,0.5531914893617021,0.5531914893617021,0.3333333333333333,0.22857142857142856,7,0.7407407407407407,0,0.375,0.4086021505376344,0.4107142857142857,0.0,0.0,10,0.8360655737704918,0.0,1,0,S1-285479056,S3-765271199,S3,0
0,0.4,0.4,0.4,0.0,0.0,8,0.6666666666666666,0,0.35,0.325,0.32499999999999996,0.0,0.0,10,0.7777777777777778,0.0,1,0,S1-294479805,S3-591593937,S3,0
0,0.4074074074074075,0.48148148148148145,0.4814814814814815,0.0,0.041666666666666664,6,0.8,0,0.3561643835616438,0.3013698630136986,0.3013698630136986,0.0,0.015384615384615385,13,0.6976744186046512,0.0,1,0,S1-550789921,S3-587570117,S3,0
0,0.3111111111111111,0.2666666666666667,0.2666666666666667,0.0,0.0,9,0.6666666666666666,0,0.2692307692307693,0.30927835051546393,0.3076923076923077,0.0,0.0,18,0.7049180327868853,0.0,0,0,S1-489457680,S3-765271199,S3,0
0,0.4,0.24,0.24,0.0,0.0,30,0.25,0,0.29370629370629375,0.3404255319148936,0.3356643356643356,0.0,0.0,23,0.7228915662650602,0.0,1,0,S1-61845430,S3-980134839,S3,0
0,0.3137254901960784,0.3829787234042554,0.3529411764705882,0.0,0.023255813953488372,5,0.8214285714285714,0,0.3768115942028986,0.34782608695652173,0.34782608695652173,0.0,0.015625,3,0.9166666666666666,0.0,1,0,S1-211644433,S3-128618756,S3,0
0,0.2941176470588235,0.35294117647058826,0.3529411764705882,0.0,0.0,8,0.6190476190476191,0,0.33766233766233766,0.36363636363636365,0.33766233766233766,0.07692307692307693,0.043478260869565216,23,0.54,0.0,1,0,S1-612784757,S3-622157175,S3,0
0,0.25531914893617025,0.21276595744680848,0.21276595744680848,0.0,0.0,25,0.3055555555555556,0,0.21052631578947367,0.28070175438596495,0.2807017543859649,0.0,0.0,13,0.6285714285714286,0.0,1,0,S1-743377616,S2-216449404,S2,0
0,0.07999999999999996,0.08695652173913046,0.07999999999999996,0.0,0.0,6,0.7857142857142857,0,0.24347826086956526,0.3047619047619048,0.29565217391304344,0.0,0.0,37,0.5131578947368421,0.0,0,0,S1-31544792,S2-83729528,S2,0
0,0.326530612244898,0.3265306122448979,0.326530612244898,0.0,0.0,3,0.8846153846153846,0,0.36571428571428577,0.37662337662337664,0.38857142857142857,0.0,0.029411764705882353,3,0.9662921348314607,0.0,1,0,S1-135671339,S2-966168207,S2,0
0,0.08510638297872342,0.09302325581395351,0.08510638297872342,0.0,0.0,9,0.6785714285714286,0,0.28205128205128205,0.32352941176470595,0.3076923076923077,0.0,0.0,20,0.5918367346938775,0.0,0,0,S1-522919525,S2-491996614,S2,0
0,0.35,0.35,0.35,0.0,0.058823529411764705,2,0.9047619047619048,0,0.2857142857142857,0.2857142857142857,0.2857142857142857,0.0,0.0,48,0.3424657534246575,0.0,0,0,S1-832766797,S2-108676041,S2,0
0,0.2564102564102564,0.25641025641025633,0.2564102564102564,0.0,0.0,1,0.95,0,0.4,0.36666666666666664,0.3666666666666667,0.0,0.037037037037037035,6,0.8181818181818182,0.0,1,0,S1-768327749,S3-670675676,S3,0
0,0.23529411764705888,0.23529411764705885,0.23529411764705888,0.0,0.0,8,0.6190476190476191,0,0.2535211267605634,0.3661971830985915,0.3661971830985915,0.0,0.015384615384615385,3,0.918918918918919,0.0,1,0,S1-559956621,S3-407057632,S3,0
0,0.26086956521739135,0.30434782608695654,0.30434782608695654,0.0,0.0,20,0.3939393939393939,0,0.23255813953488372,0.25581395348837205,0.2558139534883721,0.0,0.0,32,0.4576271186440678,0.0,0,0,S1-67209496,S3-607908672,S3,0
0,0.39130434782608686,0.43478260869565216,0.43478260869565216,0.0,0.024390243902439025,12,0.5862068965517241,0,0.3711340206185567,0.367816091954023,0.3711340206185567,0.0,0.024691358024691357,35,0.4696969696969697,0.0,0,0,S1-78639383,S2-253265719,S2,0
0,0.28,0.24,0.24,0.0,0.022222222222222223,18,0.47058823529411764,0,0.24761904761904763,0.3047619047619048,0.3047619047619048,0.0,0.0,41,0.4383561643835616,0.0,0,0,S1-583916056,S2-150715610,S2,0
0,0.11111111111111116,0.13043478260869562,0.11111111111111116,0.0,0.0,4,0.8620689655172413,0,0.3370786516853933,0.32911392405063294,0.3146067415730337,0.0,0.0,25,0.5614035087719298,0.0,0,0,S1-757567696,S2-433737064,S2,0
0,0.3783783783783784,0.3783783783783784,0.3783783783783784,0.0,0.0,1,0.9473684210526315,0,0.4227642276422764,0.38016528925619836,0.32520325203252026,0.10526315789473684,0.045454545454545456,19,0.7323943661971831,0.0,1,0,S1-750444585,S3-663171099,S3,0
0,0.042553191489361646,0.04878048780487802,0.042553191489361646,0.0,0.0,15,0.5161290322580645,0,0.2857142857142857,0.3673469387755102,0.36734693877551017,0.0,0.0,7,0.75,0.0,0,0,S1-152688622,S3-158119920,S3,0
0,0.19354838709677424,0.12903225806451615,0.12903225806451613,0.0,0.0,11,0.47619047619047616,0,0.36641221374045807,0.3969465648854962,0.351145038167939,0.04,0.043859649122807015,5,0.9264705882352942,0.0,1,0,S1-879779897,S2-624963021,S2,0
0,0.3529411764705882,0.35294117647058826,0.3529411764705882,0.0,0.034482758620689655,6,0.7,0,0.2247191011235955,0.21917808219178084,0.202247191011236,0.0,0.014492753623188406,49,0.2898550724637681,0.0,0,0,S1-148683953,S2-432379322,S2,0
0,0.32727272727272727,0.21818181818181814,0.21818181818181814,0.0,0.0,3,0.896551724137931,0,0.2857142857142857,0.40476190476190477,0.40476190476190477,0.0,0.012987012987012988,6,0.8666666666666667,0.0,1,0,S1-822991144,S2-669073521,S2,0
0,0.13953488372093026,0.1395348837209302,0.13953488372093026,0.0,0.0,21,0.34375,0,0.33333333333333337,0.33333333333333326,0.33333333333333337,0.0,0.022222222222222223,42,0.391304347826087,0.0,0,0,S1-832536127,S3-183450974,S3,0
0,0.30188679245283023,0.3018867924528301,0.30188679245283023,0.0,0.0,21,0.43243243243243246,0,0.3214285714285714,0.25,0.25,0.0,0.0,2,0.9310344827586207,0.0,1,0,S1-217267860,S3-195743578,S3,0
0,0.3928571428571429,0.42857142857142855,0.4285714285714286,0.0,0.0196078431372549,2,0.9310344827586207,0,0.3835616438356164,0.3013698630136986,0.3013698630136986,0.0,0.0,9,0.7804878048780488,0.0,1,0,S1-13350107,S3-617830819,S3,0
0,0.36363636363636365,0.3404255319148936,0.32727272727272727,0.0,0.022727272727272728,23,0.41025641025641024,0,0.2828282828282829,0.2637362637362638,0.26262626262626265,0.0,0.011494252873563218,47,0.3561643835616438,0.0,0,0,S1-879160566,S2-122268616,S2,0
0,0.32499999999999996,0.325,0.32499999999999996,0.0,0.0,32,0.42857142857142855,0,0.26190476190476186,0.2738095238095238,0.27380952380952384,0.0,0.0,94,0.2824427480916031,0.0,0,0,S1-93913382,S3-819973495,S3,0
0,0.48,0.48,0.48,0.0,0.022727272727272728,8,0.7241379310344828,0,0.24561403508771928,0.25490196078431365,0.24561403508771928,0.0,0.0,56,0.3411764705882353,0.0,1,0,S1-329557533,S3-553628393,S3,0
0,0.26315789473684215,0.31578947368421056,0.3157894736842105,0.0,0.0,2,0.9,0,0.24242424242424243,0.303030303030303,0.303030303030303,0.0,0.0,0,1.0,0.0,1,0,S1-132427656,S2-314413056,S2,0
0,0.6268656716417911,0.6440677966101694,0.5970149253731343,0.14285714285714285,0.2391304347826087,3,0.9142857142857143,0,0.3697478991596639,0.375,0.3529411764705882,0.0,0.009345794392523364,33,0.5657894736842105,0.0,1,0,S1-776522734,S2-177759317,S2,0
0,0.22857142857142854,0.2857142857142857,0.2857142857142857,0.0,0.0,3,0.8421052631578947,0,0.2696629213483146,0.3370786516853933,0.3370786516853933,0.0,0.0,29,0.5084745762711864,0.0,0,0,S1-171892000,S2-500204505,S2,0
0,0.4242424242424242,0.2424242424242425,0.24242424242424243,0.0,0.0,3,0.8333333333333334,0,0.3058823529411765,0.35294117647058826,0.3529411764705882,0.0,0.012658227848101266,15,0.7,0.0,1,0,S1-847140353,S3-153941447,S3,0
0,0.25531914893617025,0.29787234042553196,0.2978723404255319,0.0,0.0,15,0.5161290322580645,0,0.21739130434782605,0.21739130434782608,0.21739130434782605,0.0,0.0,10,0.6428571428571429,0.0,1,0,S1-235780276,S3-361488099,S3,0
0,0.3571428571428571,0.3571428571428571,0.3571428571428571,0.0,0.0,10,0.47368421052631576,0,0.30000000000000004,0.35,0.35,0.0,0.013513513513513514,6,0.8604651162790697,0.0,1,0,S1-435722910,S3-976215977,S3,0
0,0.37735849056603776,0.41509433962264153,0.41509433962264153,0.0,0.0,7,0.7666666666666667,0,0.42105263157894735,0.4210526315789474,0.42105263157894735,0.0,0.07462686567164178,18,0.6170212765957447,0.0,1,0,S1-239555529,S2-204564428,S2,0
0,0.430379746835443,0.379746835443038,0.379746835443038,0.0,0.056338028169014086,11,0.7555555555555555,0,0.3023255813953488,0.3846153846153846,0.34883720930232553,0.0,0.0410958904109589,20,0.6226415094339622,0.0,0,0,S1-591806185,S3-506713172,S3,0
0,0.25531914893617025,0.29787234042553196,0.2978723404255319,0.0,0.0,7,0.7407407407407407,0,0.33333333333333337,0.35416666666666674,0.31481481481481477,0.0,0.0,36,0.5,0.0,0,0,S1-240189271,S2-159698204,S2,0
0,0.25,0.25,0.25,0.0,0.0,16,0.2,0,0.0,0.0,0.0,0.0,0.0,26,0.0,0.0,1,0,S1-60644160,S2-268264885,S2,0
0,0.36363636363636365,0.36363636363636365,0.36363636363636365,0.0,0.07407407407407407,11,0.5,0,0.31999999999999995,0.28,0.28,0.0,0.010752688172043012,48,0.35135135135135137,0.0,0,0,S1-693230359,S2-38748808,S2,0
0,0.4324324324324324,0.4324324324324324,0.2702702702702703,0.16666666666666666,0.06451612903225806,1,0.9473684210526315,0,0.4,0.4615384615384615,0.4615384615384615,0.0,0.0,9,0.7567567567567568,0.0,1,0,S1-731036033,S3-438174100,S3,0
0,0.2962962962962963,0.4074074074074074,0.4074074074074075,0.0,0.0,10,0.6875,0,0.32608695652173914,0.3260869565217391,0.32608695652173914,0.0,0.0,38,0.4153846153846154,0.0,0,0,S1-150983467,S2-747386079,S2,0
0,0.34782608695652173,0.30434782608695654,0.30434782608695654,0.0,0.024390243902439025,18,0.4375,0,0.3513513513513513,0.4324324324324324,0.4324324324324324,0.0,0.029411764705882353,4,0.8974358974358975,0.0,0,0,S1-42585903,S2-392848958,S2,0
0,0.3448275862068966,0.31034482758620685,0.31034482758620685,0.0,0.0,4,0.8709677419354839,0,0.3846153846153846,0.4383561643835616,0.4615384615384615,0.07692307692307693,0.06153846153846154,18,0.625,0.0,1,0,S1-73734411,S3-772633318,S3,0
0,0.4489795918367348,0.40816326530612246,0.40816326530612246,0.0,0.0,1,0.96,0,0.42105263157894735,0.3859649122807018,0.38596491228070173,0.0,0.0196078431372549,3,0.9,0.0,1,0,S1-869041326,S2-568104563,S2,0
0,0.2790697674418605,0.4186046511627907,0.41860465116279066,0.0,0.02631578947368421,3,0.8695652173913043,0,0.3703703703703704,0.4158415841584159,0.4074074074074075,0.05263157894736842,0.07777777777777778,20,0.6875,0.0,0,0,S1-478627967,S2-530168358,S2,0
0,0.40909090909090906,0.33333333333333326,0.36363636363636365,0.0,0.02631578947368421,4,0.8333333333333334,0,0.33333333333333337,0.36363636363636365,0.36363636363636365,0.0,0.03333333333333333,6,0.8333333333333334,0.0,1,0,S1-740741147,S2-806752386,S2,0
0,0.2790697674418605,0.32558139534883723,0.32558139534883723,0.0,0.0,17,0.43333333333333335,0,0.2857142857142857,0.31460674157303375,0.3076923076923077,0.0,0.0,23,0.5964912280701754,0.0,0,0,S1-122425927,S2-741315116,S2,0
0,0.26086956521739135,0.27272727272727265,0.26086956521739135,0.0,0.0,10,0.6428571428571429,0,0.31304347826086953,0.29565217391304344,0.29565217391304344,0.0,0.018518518518518517,39,0.4935064935064935,0.0,1,0,S1-677936688,S3-357762240,S3,0
0,0.37209302325581395,0.4186046511627907,0.41860465116279066,0.0,0.08333333333333333,1,0.9545454545454546,0,0.3492063492063492,0.41269841269841273,0.4126984126984127,0.0,0.0,5,0.8529411764705882,0.0,1,0,S1-154775183,S3-298712598,S3,0
0,0.36363636363636365,0.303030303030303,0.303030303030303,0.0,0.0,11,0.5,0,0.3571428571428571,0.3214285714285714,0.3214285714285714,0.0,0.0,4,0.8666666666666667,0.0,1,0,S1-623623486,S2-228746359,S2,0
0,0.5106382978723405,0.5531914893617021,0.5106382978723405,0.14285714285714285,0.16216216216216217,5,0.8076923076923077,0,0.43786982248520717,0.44025157232704404,0.43786982248520717,0.07142857142857142,0.0948905109489051,3,0.9651162790697675,0.16666666666666666,1,0,S1-112181300,S2-746138764,S2,0
0,0.3589743589743589,0.358974358974359,0.3589743589743589,0.0,0.0,7,0.6956521739130435,0,0.3218390804597702,0.35,0.3448275862068966,0.0,0.0,25,0.5535714285714286,0.0,0,0,S1-512010958,S3-228195977,S3,0
0,0.3111111111111111,0.3111111111111111,0.3111111111111111,0.0,0.05555555555555555,19,0.40625,0,0.31034482758620685,0.32183908045977005,0.3218390804597702,0.0,0.025157232704402517,74,0.4032258064516129,0.0,1,0,S1-731512715,S2-626350185,S2,0
0,0.2727272727272727,0.27272727272727265,0.2727272727272727,0.0,0.0,16,0.4666666666666667,0,0.34693877551020413,0.37209302325581395,0.326530612244898,0.0,0.024390243902439025,26,0.5806451612903226,0.0,0,0,S1-721582921,S3-5060090,S3,0
0,0.24,0.16,0.16000000000000003,0.0,0.0,13,0.3157894736842105,0,0.36734693877551017,0.36231884057971014,0.36734693877551017,0.0,0.03787878787878788,11,0.8607594936708861,0.0,1,0,S1-426461431,S3-746593557,S3,0
0,0.31818181818181823,0.27272727272727265,0.2727272727272727,0.0,0.02564102564102564,12,0.5714285714285714,0,0.3076923076923077,0.34615384615384615,0.34615384615384615,0.0,0.043478260869565216,4,0.8571428571428571,0.0,1,0,S1-797898715,S2-887729520,S2,0
0,0.368421052631579,0.31578947368421056,0.3157894736842105,0.0,0.0,10,0.5833333333333334,0,0.2680412371134021,0.2680412371134021,0.2680412371134021,0.0,0.0,21,0.6440677966101694,0.0,0,0,S1-238398656,S3-212478820,S3,0
0,0.35,0.3,0.30000000000000004,0.0,0.02857142857142857,4,0.8181818181818182,0,0.2831858407079646,0.2307692307692308,0.24778761061946908,0.0,0.0,57,0.32941176470588235,0.0,0,0,S1-727903490,S3-710758715,S3,0
0,0.2807017543859649,0.28070175438596495,0.2807017543859649,0.0,0.0,19,0.5,0,0.2647058823529411,0.35294117647058826,0.3529411764705882,0.0,0.0,8,0.7894736842105263,0.0,1,0,S1-584802426,S3-413496895,S3,0
0,0.326530612244898,0.3673469387755102,0.36734693877551017,0.0,0.0,13,0.5806451612903226,0,0.4563758389261745,0.4885496183206107,0.4563758389261745,0.125,0.1111111111111111,7,0.9102564102564102,0.0,1,0,S1-679192221,S3-656009536,S3,0
0,0.2777777777777778,0.27777777777777773,0.2777777777777778,0.0,0.0,8,0.6363636363636364,0,0.18300653594771243,0.26356589147286824,0.2222222222222222,0.047619047619047616,0.03389830508474576,95,0.23387096774193547,0.0,0,0,S1-788008814,S2-405367902,S2,0
0,0.27586206896551724,0.24137931034482762,0.24137931034482762,0.0,0.0,24,0.4146341463414634,0,0.0,0.0,0.0,0.0,0.0,49,0.0,0.0,1,0,S1-801129242,S2-607226733,S2,0
0,0.2790697674418605,0.2790697674418605,0.2790697674418605,0.0,0.0,11,0.5925925925925926,0,0.4117647058823529,0.411764705882353,0.4117647058823529,0.0,0.015873015873015872,8,0.7894736842105263,0.0,1,0,S1-870263099,S3-389485711,S3,0
0,0.09999999999999998,0.1,0.09999999999999998,0.0,0.0,14,0.17647058823529413,0,0.4193548387096774,0.41935483870967744,0.4193548387096774,0.0,0.09433962264150944,8,0.7714285714285715,0.0,1,0,S1-898587412,S3-104959557,S3,0
0,0.32727272727272727,0.36363636363636365,0.36363636363636365,0.0,0.0,9,0.71875,0,0.28787878787878785,0.3181818181818181,0.31818181818181823,0.0,0.017241379310344827,62,0.36082474226804123,0.0,0,0,S1-627428976,S2-677148139,S2,0
0,0.375,0.25,0.25,0.0,0.0,10,0.6551724137931034,0,0.2692307692307693,0.32258064516129037,0.28846153846153844,0.0,0.0,34,0.5072463768115942,0.0,0,0,S1-444866997,S3-156525364,S3,0
0,0.10169491525423723,0.11320754716981128,0.10169491525423723,0.0,0.0,3,0.9032258064516129,0,0.2191780821917808,0.24657534246575338,0.2465753424657534,0.0,0.0,11,0.7380952380952381,0.0,0,0,S1-176255951,S2-553136803,S2,0
0,0.3846153846153846,0.4230769230769231,0.42307692307692313,0.0,0.0,18,0.4857142857142857,0,0.3125,0.33333333333333326,0.33333333333333337,0.0,0.011235955056179775,24,0.6,0.0,0,0,S1-3334888,S3-862102518,S3,0
0,0.3414634146341463,0.3902439024390244,0.3902439024390244,0.16666666666666666,0.05714285714285714,9,0.64,0,0.27692307692307694,0.33846153846153837,0.3384615384615385,0.0,0.0,11,0.7105263157894737,0.0,1,0,S1-893165209,S3-908085541,S3,0
0,0.23529411764705888,0.23529411764705885,0.23529411764705888,0.0,0.0,14,0.4166666666666667,0,0.29166666666666663,0.3125,0.3125,0.0,0.0,40,0.4117647058823529,0.0,0,0,S1-872162245,S2-624963021,S2,0
0,0.3544303797468354,0.379746835443038,0.379746835443038,0.0,0.0136986301369863,9,0.7954545454545454,0,0.3218390804597702,0.40506329113924056,0.3908045977011494,0.07692307692307693,0.08571428571428572,15,0.7058823529411765,0.0,0,0,S1-636802354,S3-393953733,S3,0
0,0.2857142857142857,0.2857142857142857,0.2857142857142857,0.0,0.0,3,0.8421052631578947,0,0.3025210084033614,0.3214285714285714,0.31932773109243695,0.0,0.04854368932038835,55,0.367816091954023,0.0,0,0,S1-400569958,S2-150715610,S2,0
0,0.37209302325581395,0.37209302325581395,0.37209302325581395,0.0,0.0,9,0.6538461538461539,0,0.28,0.3,0.30000000000000004,0.0,0.0,44,0.3888888888888889,0.0,0,0,S1-832415141,S2-478459534,S2,0
0,0.36363636363636365,0.41935483870967744,0.4242424242424242,0.0,0.0,10,0.7368421052631579,0,0.3157894736842105,0.368421052631579,0.368421052631579,0.05263157894736842,0.04950495049504951,12,0.8095238095238095,0.0,0,0,S1-985769556,S3-471977550,S3,0
0,0.33333333333333337,0.23529411764705885,0.2222222222222222,0.0,0.0,2,0.8947368421052632,0,0.275,0.375,0.375,0.0,0.0,16,0.6666666666666666,0.0,0,0,S1-650895164,S3-533898113,S3,0
0,0.29166666666666663,0.33333333333333326,0.33333333333333337,0.0,0.0,2,0.92,0,0.368421052631579,0.39473684210526316,0.39473684210526316,0.0,0.0,10,0.7674418604651163,0.0,1,0,S1-76926226,S3-264108821,S3,0
0,0.1132075471698113,0.12244897959183675,0.1132075471698113,0.0,0.0,9,0.7096774193548387,0,0.2962962962962963,0.27777777777777773,0.2777777777777778,0.0,0.0,40,0.4594594594594595,0.0,0,0,S1-979933656,S2-219553948,S2,0
0,0.4067796610169492,0.4067796610169491,0.4067796610169492,0.0,0.038461538461538464,19,0.5128205128205128,0,0.31932773109243695,0.26315789473684204,0.3025210084033614,0.0,0.0,57,0.3522727272727273,0.0,0,0,S1-327463834,S2-480667549,S2,0
0,0.3076923076923077,0.3076923076923077,0.3076923076923077,0.0,0.0,16,0.5294117647058824,0,0.29333333333333333,0.34782608695652173,0.34666666666666673,0.0,0.03076923076923077,17,0.6304347826086957,0.0,1,0,S1-545565647,S2-468800806,S2,0
0,0.4411764705882353,0.411764705882353,0.38235294117647056,0.125,0.06666666666666667,12,0.7,0,0.32258064516129037,0.29032258064516125,0.29032258064516125,0.0,0.0,0,1.0,0.0,1,0,S1-358897202,S2-780466331,S2,0
0,0.36363636363636365,0.3272727272727273,0.32727272727272727,0.0,0.02,1,0.9642857142857143,0,0.3653846153846154,0.4329896907216495,0.42307692307692313,0.05555555555555555,0.08235294117647059,18,0.7049180327868853,0.0,0,0,S1-323828462,S3-765271199,S3,0
0,0.326530612244898,0.3265306122448979,0.326530612244898,0.0,0.0,19,0.4411764705882353,0,0.30188679245283023,0.32075471698113206,0.3207547169811321,0.0,0.0,28,0.582089552238806,0.0,0,0,S1-93309381,S3-902661330,S3,0
0,0.36363636363636365,0.27272727272727265,0.2727272727272727,0.0,0.0,8,0.6923076923076923,0,0.23333333333333328,0.33333333333333326,0.33333333333333337,0.0,0.0,8,0.7647058823529411,0.0,1,0,S1-206046372,S2-229901611,S2,0
0,0.3125,0.3125,0.3125,0.0,0.0,8,0.6,0,0.30927835051546393,0.3298969072164948,0.3298969072164949,0.0,0.011494252873563218,33,0.49230769230769234,0.0,0,0,S1-753451952,S3-98181656,S3,0
0,0.26415094339622647,0.37735849056603776,0.37735849056603776,0.0,0.0,1,0.9629629629629629,0,0.30434782608695654,0.3111111111111111,0.30434782608695654,0.0,0.0,30,0.5081967213114754,0.0,0,0,S1-584253051,S3-204486108,S3,0
0,0.31818181818181823,0.3181818181818181,0.31818181818181823,0.0,0.02564102564102564,12,0.5714285714285714,0,0.326530612244898,0.34883720930232553,0.34693877551020413,0.0,0.0,20,0.6610169491525424,0.0,0,0,S1-768406394,S2-481818484,S2,0
0,0.33333333333333337,0.33333333333333326,0.33333333333333337,0.0,0.0,0,1.0,0,0.35955056179775285,0.37209302325581395,0.35955056179775285,0.0,0.012578616352201259,50,0.5614035087719298,0.0,1,0,S1-995166316,S2-142585279,S2,0
0,0.09999999999999998,0.11111111111111115,0.09999999999999998,0.0,0.0,4,0.875,0,0.32520325203252026,0.3366336633663366,0.3414634146341463,0.0,0.0,17,0.7571428571428571,0.0,1,0,S1-734269787,S2-292685389,S2,0
0,0.08333333333333337,0.1666666666666667,0.16666666666666663,0.0,0.0,6,0.6,0,0.32727272727272727,0.36363636363636365,0.36363636363636365,0.0,0.02,5,0.8333333333333334,0.0,1,0,S1-449903775,S2-552247873,S2,0
0,0.326530612244898,0.2448979591836735,0.24489795918367352,0.0,0.0,19,0.4411764705882353,0,0.3666666666666667,0.3,0.30000000000000004,0.0,0.018518518518518517,8,0.7647058823529411,0.0,1,0,S1-234262787,S2-291812077,S2,0
0,0.26086956521739135,0.26086956521739124,0.26086956521739135,0.0,0.0,16,0.4838709677419355,0,0.34782608695652173,0.34782608695652173,0.34782608695652173,0.0,0.0,22,0.6140350877192983,0.0,0,0,S1-749334985,S3-452373688,S3,0
0,0.2777777777777778,0.27777777777777773,0.2777777777777778,0.0,0.0,4,0.8,0,0.2784810126582279,0.30379746835443044,0.30379746835443033,0.0,0.0,21,0.58,0.0,0,0,S1-524814827,S2-739778368,S2,0
0,0.2978723404255319,0.29787234042553196,0.2978723404255319,0.0,0.0,11,0.6206896551724138,0,0.275,0.3055555555555556,0.32499999999999996,0.0,0.014705882352941176,2,0.9512195121951219,0.0,0,0,S1-371315275,S2-259698083,S2,0
0,0.303030303030303,0.303030303030303,0.303030303030303,0.0,0.0,15,0.375,0,0.26530612244897955,0.28205128205128205,0.2244897959183674,0.0,0.0,38,0.4411764705882353,0.0,0,0,S1-695415337,S2-386697893,S2,0
0,0.26415094339622647,0.37735849056603776,0.37735849056603776,0.0,0.0,21,0.43243243243243246,0,0.34782608695652173,0.35555555555555557,0.34782608695652173,0.0,0.0,32,0.4838709677419355,0.0,0,0,S1-280464518,S2-120665827,S2,0
0,0.31034482758620685,0.31034482758620685,0.31034482758620685,0.0,0.018867924528301886,16,0.5675675675675675,0,0.37956204379562036,0.4,0.4087591240875912,0.047619047619047616,0.05982905982905983,11,0.8513513513513513,0.0,1,0,S1-930766375,S2-364755434,S2,0
0,0.40816326530612246,0.4489795918367347,0.36734693877551017,0.14285714285714285,0.046511627906976744,11,0.6333333333333333,0,0.3733333333333333,0.4,0.4,0.0,0.0,1,0.9736842105263158,0.0,1,0,S1-600876573,S3-438174100,S3,0
0,0.3829787234042554,0.29787234042553196,0.2978723404255319,0.0,0.023809523809523808,13,0.5666666666666667,0,0.3370786516853933,0.31460674157303375,0.3146067415730337,0.0,0.012048192771084338,39,0.390625,0.0,0,0,S1-366572974,S2-926695856,S2,0
0,0.4285714285714286,0.5357142857142857,0.5357142857142857,0.14285714285714285,0.13043478260869565,2,0.9310344827586207,0,0.37209302325581395,0.3565891472868218,0.3565891472868217,0.0,0.008264462809917356,15,0.7916666666666666,0.0,1,0,S1-917549477,S3-975099671,S3,0
0,0.375,0.33333333333333326,0.33333333333333337,0.0,0.023809523809523808,8,0.7142857142857143,0,0.3132530120481928,0.3421052631578948,0.3373493975903614,0.0,0.0,13,0.7291666666666666,0.0,0,0,S1-918740546,S3-506534668,S3,0
0,0.36363636363636365,0.3896103896103896,0.3896103896103897,0.0,0.029411764705882353,7,0.8333333333333334,0,0.3065693430656934,0.3728813559322034,0.33576642335766427,0.0,0.01834862385321101,45,0.5054945054945055,0.0,0,0,S1-305071372,S3-30548384,S3,0
0,0.17647058823529416,0.23529411764705885,0.23529411764705888,0.0,0.0,2,0.8888888888888888,0,0.37606837606837606,0.3931623931623932,0.3931623931623932,0.0,0.01834862385321101,1,0.9830508474576272,0.0,1,0,S1-23361463,S3-572699035,S3,0
0,0.29850746268656714,0.2985074626865672,0.29850746268656714,0.0,0.03278688524590164,23,0.4888888888888889,0,0.2666666666666667,0.3209876543209876,0.28888888888888886,0.0,0.0,32,0.47540983606557374,0.0,0,0,S1-372107745,S2-700832863,S2,0
0,0.5151515151515151,0.48484848484848486,0.4242424242424242,0.14285714285714285,0.12727272727272726,2,0.9411764705882353,0,0.352,0.375,0.4,0.0,0.01834862385321101,5,0.9230769230769231,0.0,1,0,S1-817883923,S2-292174493,S2,0
0,0.10169491525423723,0.12765957446808515,0.10169491525423723,0.0,0.0,3,0.9032258064516129,0,0.2748091603053435,0.32061068702290074,0.32061068702290074,0.0,0.0,61,0.3645833333333333,0.0,1,0,S1-951704294,S2-179620900,S2,0
0,0.3384615384615385,0.3692307692307692,0.36923076923076925,0.0,0.01694915254237288,1,0.9696969696969697,0,0.31666666666666665,0.3272727272727273,0.31666666666666665,0.0,0.019801980198019802,68,0.2765957446808511,0.0,0,0,S1-487202021,S2-83497346,S2,0
0,0.36065573770491793,0.3278688524590164,0.3278688524590164,0.0,0.0,9,0.7428571428571429,0,0.2588235294117647,0.2823529411764706,0.2823529411764706,0.0,0.013157894736842105,15,0.7,0.0,0,0,S1-156655388,S3-654910061,S3,0
0,0.4363636363636364,0.5454545454545454,0.5454545454545454,0.14285714285714285,0.13333333333333333,1,0.9642857142857143,0,0.32167832167832167,0.3816793893129771,0.3496503496503497,0.0,0.032,29,0.6627906976744186,0.0,1,0,S1-466145466,S3-975099671,S3,0
0,0.42105263157894735,0.368421052631579,0.368421052631579,0.0,0.030303030303030304,4,0.8095238095238095,0,0.41379310344827597,0.31034482758620685,0.31034482758620685,0.0,0.0,4,0.8709677419354839,0.0,1,0,S1-976074528,S2-805660236,S2,0
0,0.326530612244898,0.3265306122448979,0.326530612244898,0.0,0.0,21,0.4,0,0.0,0.0,0.0,0.0,0.0,24,0.0,0.0,1,0,S1-605905957,S2-114078488,S2,0
0,0.36,0.32,0.31999999999999995,0.0,0.0,12,0.6129032258064516,0,0.23853211009174313,0.25742574257425743,0.27522935779816515,0.0,0.0,51,0.3625,0.0,1,0,S1-51029699,S3-540912260,S3,0
0,0.32727272727272727,0.36363636363636365,0.36363636363636365,0.0,0.0,15,0.5714285714285714,0,0.2547770700636943,0.24516129032258063,0.24203821656050947,0.0,0.0,97,0.23622047244094488,0.0,0,0,S1-117333268,S3-504477806,S3,0
0,0.2777777777777778,0.27777777777777773,0.2777777777777778,0.0,0.0,6,0.7142857142857143,0,0.22857142857142854,0.26,0.24761904761904763,0.0,0.0,51,0.34615384615384615,0.0,1,0,S1-856504450,S3-755957995,S3,0
0,0.3448275862068966,0.3448275862068965,0.3448275862068966,0.0,0.0,6,0.8125,0,0.27522935779816515,0.3119266055045871,0.3119266055045872,0.0,0.009708737864077669,43,0.4342105263157895,0.0,0,0,S1-933725172,S2-913296899,S2,0
0,0.24242424242424243,0.36363636363636365,0.36363636363636365,0.0,0.0,5,0.7368421052631579,0,0.28888888888888886,0.25,0.24444444444444446,0.0,0.012987012987012988,30,0.5,0.0,0,0,S1-990138892,S2-66709237,S2,0
0,0.34375,0.32258064516129037,0.34375,0.0,0.0,24,0.45454545454545453,0,0.4067796610169492,0.3728813559322034,0.3728813559322034,0.0,0.018518518518518517,1,0.9666666666666667,0.0,1,0,S1-785738112,S3-461380299,S3,0
0,0.3448275862068966,0.2758620689655173,0.27586206896551724,0.0,0.0,11,0.45,0,0.3492063492063492,0.34920634920634924,0.3492063492063492,0.0,0.0,7,0.8,0.0,1,0,S1-311840971,S2-299659898,S2,0
0,0.2666666666666667,0.2222222222222223,0.2222222222222222,0.0,0.0,21,0.36363636363636365,0,0.3448275862068966,0.32758620689655177,0.32758620689655177,0.0,0.018691588785046728,42,0.46835443037974683,0.0,0,0,S1-637306240,S3-942876859,S3,0
0,0.36363636363636365,0.2641509433962264,0.2545454545454545,0.0,0.02127659574468085,23,0.41025641025641024,0,0.27692307692307694,0.3076923076923077,0.3076923076923077,0.0,0.0,3,0.9117647058823529,0.0,1,0,S1-552323139,S2-750470718,S2,0
0,0.3571428571428571,0.3214285714285714,0.3214285714285714,0.0,0.0,16,0.5555555555555556,0,0.33333333333333337,0.3859649122807018,0.3508771929824561,0.05555555555555555,0.0380952380952381,44,0.4430379746835443,0.0,0,0,S1-721491050,S2-813374332,S2,0
0,0.4,0.4,0.4,0.0,0.02,1,0.9642857142857143,0,0.0,0.0,0.0,0.0,0.0,75,0.0,0.0,1,0,S1-70679675,S3-982896308,S3,0
0,0.2702702702702703,0.32432432432432434,0.32432432432432434,0.0,0.0,1,0.9473684210526315,0,0.4,0.3692307692307692,0.36923076923076925,0.0,0.01694915254237288,5,0.8571428571428571,0.0,1,0,S1-727060432,S2-770171053,S2,0
0,0.2941176470588235,0.35294117647058826,0.3529411764705882,0.0,0.0,4,0.7894736842105263,0,0.43137254901960786,0.4329896907216495,0.37254901960784315,0.0625,0.0449438202247191,16,0.7288135593220338,0.0,1,0,S1-159388011,S3-939035862,S3,0
0,0.4074074074074075,0.33333333333333326,0.33333333333333337,0.0,0.0,0,1.0,0,0.34408602150537637,0.3440860215053763,0.34408602150537637,0.0,0.0,23,0.603448275862069,0.0,0,0,S1-796873365,S2-727461184,S2,0
0,0.32727272727272727,0.29090909090909095,0.2909090909090909,0.0,0.0,13,0.6176470588235294,0,0.3555555555555555,0.37777777777777777,0.37777777777777777,0.0,0.024096385542168676,22,0.6071428571428571,0.0,1,0,S1-564272020,S3-519605996,S3,0
0,0.3529411764705882,0.3265306122448979,0.3529411764705882,0.0,0.022222222222222223,11,0.6451612903225806,0,0.26,0.3404255319148936,0.30000000000000004,0.05555555555555555,0.05813953488372093,40,0.42857142857142855,0.0,0,0,S1-963210565,S2-806752386,S2,0
0,0.31818181818181823,0.22727272727272735,0.2272727272727273,0.0,0.0,8,0.6923076923076923,0,0.38235294117647056,0.4411764705882353,0.4411764705882353,0.0,0.01639344262295082,8,0.7894736842105263,0.0,1,0,S1-833247178,S2-793669699,S2,0
0,0.33333333333333337,0.36666666666666664,0.3666666666666667,0.0,0.01818181818181818,4,0.875,0,0.0,0.0,0.0,0.0,0.0,49,0.0,0.0,1,0,S1-953729893,S3-850591566,S3,0
0,0.48,0.56,0.48,0.125,0.09523809523809523,2,0.9230769230769231,0,0.4195804195804196,0.38848920863309355,0.3916083916083915,0.0,0.015151515151515152,5,0.9324324324324325,0.0,1,0,S1-502380462,S2-368366003,S2,0
0,0.2941176470588235,0.2941176470588235,0.2941176470588235,0.0,0.0,16,0.36,0,0.32835820895522383,0.3283582089552239,0.32835820895522383,0.0,0.0,3,0.9142857142857143,0.0,1,0,S1-553654612,S2-886548576,S2,0
0,0.375,0.375,0.375,0.0,0.0,6,0.7777777777777778,0,0.0,0.0,0.0,0.0,0.0,29,0.0,0.0,1,0,S1-753951212,S2-645540584,S2,0
0,0.303030303030303,0.18181818181818188,0.18181818181818177,0.0,0.0,11,0.5,0,0.4285714285714286,0.40816326530612246,0.3928571428571429,0.0,0.045454545454545456,0,1.0,0.0,1,0,S1-888197364,S2-779101840,S2,0
0,0.3846153846153846,0.4230769230769231,0.42307692307692313,0.0,0.02127659574468085,2,0.9259259259259259,0,0.25316455696202533,0.3544303797468355,0.3544303797468354,0.0,0.0,29,0.46296296296296297,0.0,0,0,S1-580917696,S2-581072731,S2,0
0,0.07547169811320753,0.09756097560975605,0.07547169811320753,0.0,0.0,13,0.6060606060606061,0,0.3508771929824561,0.31578947368421056,0.3157894736842105,0.0,0.0,7,0.78125,0.0,0,0,S1-587061462,S3-800628797,S3,0
0,0.6129032258064516,0.6129032258064516,0.6129032258064516,0.14285714285714285,0.20833333333333334,2,0.9375,0,0.4021164021164021,0.42045454545454547,0.3915343915343915,0.034482758620689655,0.043209876543209874,43,0.6293103448275862,0.0,1,0,S1-699093709,S2-152438628,S2,0
0,0.18181818181818177,0.09090909090909094,0.09090909090909094,0.0,0.0,14,0.2222222222222222,0,0.2857142857142857,0.3495145631067962,0.34285714285714286,0.0,0.0,33,0.5217391304347826,0.0,0,0,S1-27889551,S3-753127464,S3,0
0,0.417910447761194,0.5373134328358209,0.44776119402985076,0.125,0.08771929824561403,9,0.7631578947368421,0,0.375,0.375,0.375,0.0,0.0,4,0.9047619047619048,0.0,1,0,S1-479911163,S2-520893323,S2,0
0,0.24489795918367352,0.20408163265306128,0.20408163265306123,0.0,0.0,21,0.4,0,0.28865979381443296,0.3820224719101124,0.35051546391752575,0.0,0.0,31,0.515625,0.0,0,0,S1-202852083,S3-140371474,S3,0
0,0.3111111111111111,0.2666666666666667,0.2666666666666667,0.0,0.025,1,0.9565217391304348,0,0.3529411764705882,0.3764705882352941,0.3764705882352941,0.0,0.0,3,0.9318181818181818,0.0,1,0,S1-450355844,S2-530168358,S2,0
0,0.21052631578947367,0.2105263157894737,0.21052631578947367,0.0,0.0,7,0.46153846153846156,0,0.29268292682926833,0.2926829268292683,0.29268292682926833,0.0,0.013157894736842105,26,0.5185185185185185,0.0,0,0,S1-651622762,S2-571730636,S2,0
0,0.2790697674418605,0.37209302325581395,0.37209302325581395,0.0,0.02631578947368421,11,0.5925925925925926,0,0.3298969072164949,0.28865979381443296,0.28865979381443296,0.0,0.010869565217391304,37,0.44776119402985076,0.0,0,0,S1-324212366,S3-772633318,S3,0
0,0.28,0.36,0.36,0.0,0.022222222222222223,2,0.9230769230769231,0,0.24444444444444446,0.24444444444444444,0.24444444444444446,0.0,0.0,48,0.30434782608695654,0.0,0,0,S1-734241046,S2-490597610,S2,0
0,0.3214285714285714,0.3214285714285714,0.3214285714285714,0.0,0.04081632653061224,2,0.9310344827586207,0,0.0,0.0,0.0,0.0,0.0,68,0.0,0.0,1,0,S1-99133656,S3-935504505,S3,0
0,0.4242424242424242,0.303030303030303,0.303030303030303,0.0,0.0,1,0.9411764705882353,0,0.32307692307692304,0.35294117647058826,0.32307692307692304,0.0,0.02727272727272727,54,0.41304347826086957,0.0,0,0,S1-824401433,S2-303388787,S2,0
0,0.3076923076923077,0.3846153846153846,0.3846153846153846,0.0,0.021739130434782608,16,0.5294117647058824,0,0.248062015503876,0.3220338983050847,0.31007751937984496,0.0,0.0,57,0.3870967741935484,0.0,0,0,S1-803947582,S2-546680264,S2,0
0,0.3384615384615385,0.3076923076923077,0.3076923076923077,0.0,0.0,1,0.9696969696969697,0,0.3783783783783784,0.3513513513513513,0.3513513513513513,0.0,0.029411764705882353,4,0.8974358974358975,0.0,1,0,S1-229210114,S2-648854945,S2,0
0,0.41509433962264153,0.37735849056603776,0.37735849056603776,0.0,0.020833333333333332,9,0.7096774193548387,0,0.36363636363636365,0.36363636363636365,0.36363636363636365,0.0,0.010638297872340425,13,0.7678571428571429,0.0,0,0,S1-141074947,S3-811422711,S3,0
0,0.3214285714285714,0.3571428571428571,0.3571428571428571,0.0,0.0196078431372549,6,0.8064516129032258,0,0.3125,0.31460674157303375,0.33333333333333337,0.0,0.0,38,0.43283582089552236,0.0,0,0,S1-775302221,S3-139739301,S3,0
0,0.29850746268656714,0.2985074626865672,0.29850746268656714,0.0,0.0,3,0.9142857142857143,0,0.3835616438356164,0.32876712328767127,0.3287671232876712,0.0,0.029850746268656716,11,0.7380952380952381,0.0,1,0,S1-31830143,S3-923390381,S3,0
0,0.37209302325581395,0.2790697674418605,0.2790697674418605,0.0,0.0,5,0.7916666666666666,0,0.2727272727272727,0.2545454545454545,0.2545454545454545,0.0,0.0,52,0.35802469135802467,0.0,0,0,S1-196014228,S2-5546249,S2,0
0,0.05405405405405405,0.06451612903225808,0.05405405405405405,0.0,0.0,13,0.48,0,0.29885057471264365,0.38095238095238093,0.3908045977011494,0.0,0.0,11,0.7755102040816326,0.0,0,0,S1-794828108,S3-752881151,S3,0
0,0.4705882352941176,0.4705882352941177,0.4705882352941176,0.14285714285714285,0.044444444444444446,11,0.6451612903225806,0,0.5277777777777778,0.6142857142857143,0.5833333333333333,0.13043478260869565,0.20754716981132076,24,0.7142857142857143,0.0,1,0,S1-318863954,S2-297912304,S2,0
0,0.07843137254901966,0.08510638297872347,0.07843137254901966,0.0,0.0,5,0.8214285714285714,0,0.4105960264900662,0.406015037593985,0.4105960264900662,0.0,0.04838709677419355,11,0.8641975308641975,0.0,1,0,S1-671233527,S3-260433395,S3,0
0,0.2777777777777778,0.27777777777777773,0.2777777777777778,0.0,0.0,4,0.8,0,0.3508771929824561,0.3508771929824562,0.3508771929824561,0.0,0.019230769230769232,13,0.6285714285714286,0.0,1,0,S1-446581549,S2-714443523,S2,0
0,0.0625,0.07142857142857138,0.0625,0.0,0.0,4,0.7777777777777778,0,0.3119266055045872,0.37383177570093457,0.3853211009174312,0.05555555555555555,0.020202020202020204,33,0.5352112676056338,0.3333333333333333,0,0,S1-688155733,S2-997224323,S2,0
0,0.3728813559322034,0.33898305084745756,0.33898305084745756,0.0,0.0,13,0.6388888888888888,0,0.3742690058479532,0.40243902439024387,0.39766081871345027,0.037037037037037035,0.03289473684210526,23,0.7628865979381443,0.0,1,0,S1-5373328,S2-339435606,S2,0
0,0.30188679245283023,0.37735849056603776,0.37735849056603776,0.0,0.0,5,0.8275862068965517,0,0.3764705882352941,0.35294117647058826,0.3529411764705882,0.0,0.0125,21,0.6037735849056604,0.0,0,0,S1-361603268,S2-3816311,S2,0
0,0.3111111111111111,0.3111111111111111,0.3111111111111111,0.0,0.0,5,0.8,0,0.34883720930232553,0.36046511627906974,0.36046511627906974,0.0,0.03125,42,0.6074766355140186,0.0,1,0,S1-508629313,S3-994527461,S3,0
0,0.2962962962962963,0.33333333333333326,0.33333333333333337,0.0,0.041666666666666664,8,0.7419354838709677,0,0.3058823529411765,0.3058823529411765,0.3058823529411765,0.0,0.0,11,0.7708333333333334,0.0,0,0,S1-39538450,S3-702495632,S3,0
0,0.33333333333333337,0.33333333333333326,0.33333333333333337,0.0,0.0,2,0.9354838709677419,0,0.28888888888888886,0.24444444444444444,0.24444444444444446,0.0,0.0,36,0.42857142857142855,0.0,0,0,S1-142858922,S2-217407998,S2,0
0,0.33333333333333337,0.33333333333333326,0.33333333333333337,0.0,0.0,4,0.8260869565217391,0,0.34210526315789463,0.31578947368421056,0.3157894736842105,0.0,0.014084507042253521,2,0.9487179487179487,0.0,1,0,S1-273347021,S2-416909923,S2,0
0,0.34615384615384615,0.34615384615384615,0.34615384615384615,0.0,0.043478260869565216,2,0.9259259259259259,0,0.25396825396825395,0.2644628099173553,0.25396825396825395,0.0,0.0,76,0.24752475247524752,0.0,0,0,S1-49472994,S2-968416263,S2,0
0,0.2857142857142857,0.2857142857142857,0.2857142857142857,0.0,0.0,9,0.5909090909090909,0,0.2558139534883721,0.25581395348837205,0.2558139534883721,0.0,0.0,40,0.36507936507936506,0.0,0,0,S1-920247320,S2-408489007,S2,0
0,0.3492063492063492,0.38095238095238093,0.38095238095238093,0.0,0.0,19,0.5365853658536586,0,0.2558139534883721,0.2784810126582279,0.2790697674418605,0.0,0.0,32,0.4576271186440678,0.0,0,0,S1-49093888,S2-218902558,S2,0
0,0.2909090909090909,0.29090909090909095,0.2909090909090909,0.0,0.0,7,0.7741935483870968,0,0.3829787234042554,0.43609022556390975,0.4397163120567376,0.0,0.06611570247933884,7,0.9054054054054054,0.0,1,0,S1-486245576,S2-385234548,S2,0
0,0.3157894736842105,0.26315789473684204,0.26315789473684215,0.0,0.030303030303030304,16,0.4074074074074074,0,0.34545454545454546,0.3818181818181818,0.3818181818181819,0.0,0.009708737864077669,22,0.6666666666666666,0.0,0,0,S1-89561198,S2-18453613,S2,0
0,0.3137254901960784,0.23529411764705885,0.23529411764705888,0.0,0.021739130434782608,19,0.45714285714285713,0,0.3047619047619048,0.4271844660194175,0.4,0.058823529411764705,0.13095238095238096,37,0.4788732394366197,0.0,1,0,S1-154188815,S3-582556707,S3,0
0,0.30000000000000004,0.35,0.35,0.0,0.0,2,0.9047619047619048,0,0.4301075268817204,0.3655913978494624,0.3655913978494624,0.0,0.07228915662650602,31,0.5,0.0,1,0,S1-496685149,S3-121927309,S3,0
0,0.09999999999999998,0.11111111111111115,0.09999999999999998,0.0,0.0,4,0.875,0,0.3380281690140845,0.2816901408450704,0.2816901408450704,0.0,0.0,5,0.868421052631579,0.0,0,0,S1-377044610,S3-753886555,S3,0
0,0.2777777777777778,0.33333333333333326,0.33333333333333337,0.0,0.0,12,0.5,0,0.29032258064516125,0.2258064516129032,0.22580645161290325,0.0,0.01818181818181818,10,0.7222222222222222,0.0,0,0,S1-905373394,S3-22527831,S3,0
0,0.37209302325581395,0.32558139534883723,0.32558139534883723,0.0,0.0,1,0.9545454545454546,0,0.42307692307692313,0.3846153846153846,0.3846153846153846,0.0,0.02127659574468085,8,0.7333333333333333,0.0,1,0,S1-838299012,S2-355863559,S2,0
0,0.3278688524590164,0.3278688524590164,0.3278688524590164,0.0,0.0,11,0.6944444444444444,0,0.4580152671755725,0.4615384615384615,0.41221374045801523,0.058823529411764705,0.0851063829787234,37,0.5595238095238095,0.0,1,0,S1-984376515,S2-618382046,S2,0
0,0.25,0.25,0.25,0.0,0.0,6,0.7391304347826086,0,0.2912621359223301,0.39560439560439564,0.3689320388349514,0.0,0.011235955056179775,41,0.4305555555555556,0.0,0,0,S1-45251177,S2-587875851,S2,0
0,0.31818181818181823,0.36363636363636365,0.36363636363636365,0.0,0.02564102564102564,14,0.5172413793103449,0,0.3943661971830986,0.39436619718309857,0.3661971830985915,0.09090909090909091,0.08333333333333333,11,0.7317073170731707,0.0,1,0,S1-486531131,S3-617830819,S3,0
0,0.2857142857142857,0.2857142857142857,0.2857142857142857,0.0,0.0,11,0.5217391304347826,0,0.30107526881720426,0.3010752688172043,0.30107526881720426,0.0,0.011494252873563218,33,0.47619047619047616,0.0,0,0,S1-856035231,S2-319013837,S2,0
0,0.3111111111111111,0.35555555555555557,0.3555555555555555,0.0,0.0,1,0.9565217391304348,0,0.3291139240506329,0.30379746835443044,0.30379746835443033,0.0,0.013513513513513514,13,0.717391304347826,0.0,1,0,S1-218338249,S3-463265029,S3,0
0,0.5405405405405406,0.45945945945945943,0.40540540540540543,0.125,0.15517241379310345,6,0.85,0,0.2781456953642384,0.3055555555555556,0.29139072847682124,0.0,0.0,71,0.36036036036036034,0.0,1,0,S1-483600127,S3-209240992,S3,0
0,0.2962962962962963,0.29629629629629634,0.2962962962962963,0.0,0.0,1,0.9285714285714286,0,0.34210526315789463,0.3380281690140845,0.3157894736842105,0.0,0.015151515151515152,14,0.6888888888888889,0.0,1,0,S1-108863766,S2-945802683,S2,0
0,0.21276595744680848,0.21276595744680848,0.21276595744680848,0.0,0.0,25,0.3055555555555556,0,0.34782608695652173,0.38095238095238093,0.3768115942028986,0.0,0.0,5,0.8648648648648649,0.0,0,0,S1-840992645,S3-873558707,S3,0
0,0.4285714285714286,0.42857142857142855,0.4285714285714286,0.0,0.0,4,0.8260869565217391,0,0.3768115942028986,0.318840579710145,0.3188405797101449,0.0,0.031746031746031744,13,0.6829268292682927,0.0,1,0,S1-276017081,S3-962080567,S3,0
0,0.2962962962962963,0.2716049382716049,0.2716049382716049,0.0,0.07142857142857142,43,0.3064516129032258,0,0.4473684210526315,0.41600000000000004,0.42105263157894735,0.047619047619047616,0.04310344827586207,10,0.8765432098765432,0.0,1,0,S1-79523328,S3-895937676,S3,0
0,0.36734693877551017,0.2857142857142857,0.2857142857142857,0.0,0.0,15,0.53125,0,0.3703703703703704,0.3950617283950617,0.3950617283950617,0.0,0.0136986301369863,5,0.8837209302325582,0.0,0,0,S1-174574791,S2-806547709,S2,0
0,0.30188679245283023,0.37735849056603776,0.37735849056603776,0.0,0.0,1,0.9629629629629629,0,0.3232323232323232,0.34343434343434337,0.34343434343434337,0.0,0.021505376344086023,27,0.5714285714285714,0.0,0,0,S1-938300211,S2-237562455,S2,0
0,0.3571428571428571,0.36,0.3571428571428571,0.0,0.044444444444444446,10,0.696969696969697,0,0.23140495867768596,0.2857142857142857,0.2644628099173554,0.0,0.009433962264150943,57,0.3595505617977528,0.0,0,0,S1-822767049,S3-15163586,S3,0
0,0.3846153846153846,0.3846153846153846,0.3846153846153846,0.0,0.0,2,0.9259259259259259,0,0.40909090909090906,0.5,0.4318181818181818,0.07142857142857142,0.08450704225352113,30,0.4915254237288136,0.0,0,0,S1-726768831,S3-257942996,S3,0
0,0.41379310344827597,0.3448275862068965,0.3448275862068966,0.0,0.018867924528301886,10,0.7058823529411765,0,0.2790697674418605,0.3023255813953489,0.3023255813953488,0.0,0.012345679012345678,28,0.5087719298245614,0.0,0,0,S1-171563893,S2-486902092,S2,0
0,0.40816326530612246,0.3673469387755102,0.36734693877551017,0.0,0.0,3,0.8846153846153846,0,0.24,0.2666666666666667,0.2666666666666667,0.0,0.014285714285714285,11,0.7441860465116279,0.0,1,0,S1-311126790,S3-989157151,S3,0
0,0.0714285714285714,0.08,0.0714285714285714,0.0,0.0,4,0.8666666666666667,0,0.3023255813953488,0.2790697674418605,0.2790697674418605,0.0,0.0,4,0.9111111111111111,0.0,0,0,S1-744023986,S2-686234417,S2,0
0,0.326530612244898,0.3265306122448979,0.326530612244898,0.0,0.023255813953488372,9,0.6896551724137931,0,0.34375,0.375,0.375,0.0,0.01694915254237288,8,0.7777777777777778,0.0,1,0,S1-892652458,S3-711691657,S3,0
0,0.5428571428571429,0.5142857142857143,0.45714285714285713,0.125,0.16666666666666666,18,0.5909090909090909,0,0.37362637362637363,0.38095238095238093,0.37362637362637363,0.0,0.02631578947368421,3,0.9361702127659575,0.0,1,0,S1-619200453,S3-496247874,S3,0
0,0.19047619047619047,0.2105263157894737,0.19047619047619047,0.0,0.0,14,0.5,0,0.3414634146341463,0.3414634146341463,0.3414634146341463,0.0,0.013513513513513514,20,0.6078431372549019,0.0,1,0,S1-227210028,S3-471977550,S3,0
0,0.19999999999999996,0.2,0.19999999999999996,0.0,0.0,2,0.9047619047619048,0,0.26388888888888884,0.23622047244094488,0.25,0.0,0.0,76,0.3090909090909091,0.0,0,0,S1-990228082,S3-649583945,S3,0
0,0.30000000000000004,0.35,0.30000000000000004,0.16666666666666666,0.058823529411764705,8,0.6666666666666666,0,0.35820895522388063,0.3283582089552239,0.32835820895522383,0.0,0.0,5,0.8611111111111112,0.0,1,0,S1-70062505,S3-119358553,S3,0
0,0.21212121212121215,0.2711864406779661,0.2727272727272727,0.0,0.01818181818181818,34,0.32,0,0.30612244897959184,0.3265306122448979,0.326530612244898,0.0,0.0,6,0.8846153846153846,0.0,1,0,S1-949563529,S3-886282126,S3,0
0,0.25,0.1875,0.1875,0.0,0.0,16,0.3333333333333333,0,0.28099173553719003,0.3025210084033614,0.31404958677685946,0.0,0.017857142857142856,47,0.44047619047619047,0.0,0,0,S1-907599884,S3-177993790,S3,0
0,0.2978723404255319,0.29787234042553196,0.2978723404255319,0.0,0.0,17,0.46875,0,0.25899280575539574,0.2877697841726619,0.28776978417266186,0.0,0.0,77,0.28703703703703703,0.0,0,0,S1-636383434,S2-23412013,S2,0
0,0.24,0.24,0.24,0.0,0.0,14,0.5625,0,0.36363636363636365,0.38636363636363635,0.38636363636363635,0.0,0.024390243902439025,6,0.8723404255319149,0.0,1,0,S1-189234184,S2-195675395,S2,0
0,0.1428571428571429,0.1428571428571429,0.1428571428571429,0.0,0.0,12,0.4,0,0.27450980392156865,0.28,0.27450980392156865,0.0,0.0,38,0.45714285714285713,0.0,0,0,S1-970407388,S2-257928670,S2,0
0,0.3157894736842105,0.26315789473684204,0.26315789473684215,0.0,0.0,2,0.9,0,0.3448275862068966,0.3448275862068965,0.3448275862068966,0.1,0.018867924528301886,6,0.8125,0.0,1,0,S1-798201018,S2-968818582,S2,0
0,0.2692307692307693,0.3111111111111111,0.34615384615384615,0.0,0.0,4,0.8571428571428571,0,0.27586206896551724,0.32183908045977005,0.3218390804597702,0.0,0.0,11,0.7755102040816326,0.0,0,0,S1-610434893,S3-834628483,S3,0
0,0.38596491228070173,0.5263157894736842,0.5263157894736843,0.0,0.0,7,0.78125,0,0.0,0.0,0.0,0.0,0.0,74,0.0,0.0,1,0,S1-575809395,S3-22892338,S3,0
0,0.36734693877551017,0.3265306122448979,0.326530612244898,0.0,0.0,1,0.96,0,0.4444444444444444,0.33333333333333326,0.33333333333333337,0.0,0.046875,6,0.8461538461538461,0.0,1,0,S1-868915376,S3-401742213,S3,0
0,0.1081081081081081,0.10810810810810807,0.1081081081081081,0.0,0.0,31,0.08823529411764706,0,0.402439024390244,0.43421052631578944,0.402439024390244,0.037037037037037035,0.06382978723404255,34,0.6565656565656566,0.0,1,0,S1-353166884,S3-45578096,S3,0
0,0.37735849056603776,0.41509433962264153,0.41509433962264153,0.0,0.02127659574468085,3,0.8928571428571429,0,0.276595744680851,0.2666666666666667,0.23404255319148937,0.0,0.029411764705882353,54,0.2702702702702703,0.0,0,0,S1-742455260,S2-325986857,S2,0
0,0.24390243902439024,0.19512195121951223,0.19512195121951215,0.0,0.0,17,0.41379310344827586,0,0.3529411764705882,0.4,0.4,0.0,0.0,25,0.5454545454545454,0.0,1,0,S1-229399016,S3-287644101,S3,0
0,0.12903225806451613,0.12903225806451615,0.12903225806451613,0.0,0.0,24,0.4418604651162791,0,0.3789473684210526,0.4,0.3789473684210526,0.0,0.023529411764705882,9,0.8269230769230769,0.0,1,0,S1-308533378,S3-961394024,S3,0
0,0.24,0.24,0.24,0.0,0.0,5,0.6666666666666666,0,0.4242424242424242,0.4242424242424242,0.4242424242424242,0.0,0.0,2,0.9411764705882353,0.0,1,0,S1-134196210,S2-781315411,S2,0
0,0.26086956521739135,0.21739130434782608,0.21739130434782605,0.0,0.024390243902439025,24,0.3142857142857143,0,0.29850746268656714,0.3880597014925373,0.3880597014925373,0.0,0.016129032258064516,5,0.8611111111111112,0.0,1,0,S1-87472563,S3-117173610,S3,0
0,0.33333333333333337,0.2,0.19999999999999996,0.0,0.0,10,0.5,0,0.31999999999999995,0.34,0.34,0.0,0.010526315789473684,36,0.47058823529411764,0.0,0,0,S1-588371812,S2-624963021,S2,0
0,0.36065573770491793,0.39344262295081966,0.39344262295081966,0.0,0.0,15,0.6052631578947368,0,0.3302752293577982,0.3119266055045871,0.3119266055045872,0.0,0.030303030303030304,35,0.5138888888888888,0.0,0,0,S1-331917946,S2-78041196,S2,0
0,0.27692307692307694,0.24615384615384614,0.24615384615384617,0.0,0.0,3,0.9117647058823529,0,0.3529411764705882,0.32911392405063294,0.3294117647058824,0.0,0.013513513513513514,1,0.9767441860465116,0.0,0,0,S1-748550002,S3-889358197,S3,0
0,0.33333333333333337,0.29166666666666674,0.29166666666666663,0.0,0.023255813953488372,10,0.6551724137931034,0,0.3414634146341463,0.2682926829268293,0.2682926829268293,0.0,0.0,40,0.3442622950819672,0.0,0,0,S1-312952256,S2-49763754,S2,0
0,0.30508474576271183,0.3272727272727273,0.30508474576271183,0.0,0.0,7,0.7878787878787878,0,0.0,0.0,0.0,0.0,0.0,28,0.0,0.0,0,0,S1-265610145,S3-519803077,S3,0
0,0.5517241379310345,0.52,0.5517241379310345,0.16666666666666666,0.2,2,0.9333333333333333,0,0.3278688524590164,0.4146341463414634,0.3825136612021858,0.037037037037037035,0.01948051948051948,47,0.591304347826087,0.0,1,0,S1-59318825,S2-402906243,S2,0
0,0.09836065573770492,0.11764705882352942,0.09836065573770492,0.0,0.0,1,0.967741935483871,0,0.33333333333333337,0.29629629629629634,0.2962962962962963,0.0,0.0,8,0.7419354838709677,0.0,0,0,S1-879661549,S2-253727852,S2,0
0,0.3157894736842105,0.31578947368421056,0.3157894736842105,0.0,0.0,11,0.6764705882352942,0,0.36,0.34,0.34,0.0,0.02127659574468085,22,0.639344262295082,0.0,0,0,S1-229725479,S3-674959572,S3,0
0,0.36363636363636365,0.3181818181818181,0.31818181818181823,0.0,0.0,8,0.6923076923076923,0,0.3287671232876712,0.4657534246575342,0.4657534246575342,0.0,0.0,1,0.972972972972973,0.0,1,0,S1-819632307,S3-347803454,S3,0
0,0.24,0.16,0.16000000000000003,0.0,0.0,7,0.5625,0,0.3703703703703704,0.29629629629629634,0.2962962962962963,0.0,0.02040816326530612,8,0.7419354838709677,0.0,1,0,S1-606531749,S2-113910267,S2,0
0,0.31999999999999995,0.28,0.28,0.0,0.0,14,0.5625,0,0.27692307692307694,0.3728813559322034,0.36923076923076925,0.0,0.0,9,0.7567567567567568,0.0,0,0,S1-157700191,S3-842818829,S3,0
0,0.36363636363636365,0.27272727272727265,0.2727272727272727,0.0,0.0,16,0.4666666666666667,0,0.48275862068965514,0.4551724137931034,0.45517241379310347,0.1,0.0967741935483871,23,0.7261904761904762,0.0,1,0,S1-818123478,S2-788819289,S2,0
0,0.24242424242424243,0.303030303030303,0.303030303030303,0.0,0.0,1,0.9411764705882353,0,0.37209302325581395,0.38655462184873945,0.3565891472868217,0.05,0.045454545454545456,31,0.6125,0.0,0,0,S1-398261952,S2-924872751,S2,0
0,0.16666666666666663,0.25,0.2222222222222222,0.0,0.0,8,0.6363636363636364,0,0.38383838383838387,0.3655913978494624,0.36363636363636365,0.0,0.011494252873563218,37,0.45588235294117646,0.0,0,0,S1-62803688,S3-107340977,S3,0
0,0.3076923076923077,0.37209302325581395,0.34615384615384615,0.0,0.025,4,0.8571428571428571,0,0.34666666666666673,0.2898550724637681,0.29333333333333333,0.0,0.0,17,0.6304347826086957,0.0,0,0,S1-46259973,S3-12438564,S3,0
0,0.5614035087719298,0.7017543859649124,0.631578947368421,0.3333333333333333,0.2926829268292683,1,0.9655172413793104,0,0.36571428571428577,0.3855421686746988,0.38857142857142857,0.0,0.0273972602739726,1,0.9886363636363636,0.0,1,0,S1-371087000,S3-70543150,S3,0
0,0.34285714285714286,0.2857142857142857,0.2857142857142857,0.0,0.0,3,0.8421052631578947,0,0.2857142857142857,0.2678571428571429,0.2678571428571429,0.0,0.0,62,0.28735632183908044,0.0,0,0,S1-572881405,S2-193311097,S2,0
0,0.3589743589743589,0.358974358974359,0.3589743589743589,0.0,0.0,1,0.95,0,0.0,0.0,0.0,0.0,0.0,30,0.0,0.0,1,0,S1-155671958,S2-322957572,S2,0
0,0.2909090909090909,0.29090909090909095,0.2909090909090909,0.0,0.0,19,0.4864864864864865,0,0.3728813559322034,0.4067796610169491,0.4067796610169492,0.0,0.018518518518518517,9,0.7352941176470589,0.0,1,0,S1-988661069,S2-2938507,S2,0
0,0.31746031746031744,0.41269841269841273,0.4126984126984127,0.0,0.017241379310344827,3,0.9090909090909091,0,0.2222222222222222,0.28888888888888886,0.28888888888888886,0.0,0.0,34,0.45161290322580644,0.0,0,0,S1-871157130,S3-147342229,S3,0
0,0.3214285714285714,0.3571428571428571,0.3571428571428571,0.0,0.061224489795918366,24,0.4,0,0.26415094339622647,0.3018867924528301,0.30188679245283023,0.0,0.0,19,0.4722222222222222,0.0,1,0,S1-290808374,S2-761952921,S2,0
0,0.07017543859649122,0.08510638297872347,0.07017543859649122,0.0,0.0,21,0.46153846153846156,0,0.26,0.28888888888888886,0.28,0.0,0.0,46,0.3698630136986301,0.0,0,0,S1-21374515,S3-181985369,S3,0
0,0.3589743589743589,0.358974358974359,0.3589743589743589,0.0,0.0,9,0.625,0,0.33684210526315794,0.31578947368421056,0.3157894736842105,0.0,0.0,27,0.5573770491803278,0.0,0,0,S1-197618249,S3-153212225,S3,0
0,0.45614035087719296,0.5263157894736842,0.42105263157894735,0.14285714285714285,0.06,1,0.9655172413793104,0,0.42666666666666664,0.5066666666666666,0.5066666666666666,0.08333333333333333,0.07936507936507936,11,0.7441860465116279,0.0,1,0,S1-497570847,S3-207793342,S3,0
0,0.3902439024390244,0.3076923076923077,0.3414634146341463,0.0,0.0,1,0.9523809523809523,0,0.2962962962962963,0.3703703703703704,0.3703703703703704,0.0,0.0,6,0.8,0.0,1,0,S1-640580980,S2-806752386,S2,0
0,0.25,0.1875,0.1875,0.0,0.0,10,0.5238095238095238,0,0.2954545454545454,0.3181818181818181,0.31818181818181823,0.0,0.013157894736842105,20,0.6296296296296297,0.0,0,0,S1-909148691,S2-753543195,S2,0
0,0.09090909090909094,0.125,0.09090909090909094,0.0,0.0,14,0.5172413793103449,0,0.2558139534883721,0.2619047619047619,0.2558139534883721,0.0,0.0,20,0.6226415094339622,0.0,0,0,S1-205000838,S2-519142669,S2,0
0,0.24489795918367352,0.2448979591836735,0.24489795918367352,0.0,0.0,21,0.4,0,0.32558139534883723,0.32558139534883723,0.32558139534883723,0.0,0.0,8,0.8297872340425532,0.0,1,0,S1-411744587,S2-268625813,S2,0
0,0.2978723404255319,0.3404255319148936,0.34042553191489366,0.0,0.0,5,0.8076923076923077,0,0.3007518796992481,0.328125,0.3157894736842105,0.0,0.016129032258064516,35,0.5833333333333334,0.0,0,0,S1-488406533,S3-222539560,S3,0
0,0.25,0.1875,0.1875,0.0,0.0,0,1.0,0,0.2650602409638554,0.33734939759036137,0.3132530120481928,0.034482758620689655,0.040268456375838924,88,0.30708661417322836,0.0,0,0,S1-468065365,S2-553985135,S2,0
0,0.43333333333333335,0.4,0.4,0.0,0.01818181818181818,10,0.7142857142857143,0,0.3943661971830986,0.3661971830985915,0.3661971830985915,0.03333333333333333,0.03076923076923077,8,0.8933333333333333,0.0,1,0,S1-836296518,S3-364891199,S3,0
0,0.30188679245283023,0.3018867924528301,0.30188679245283023,0.0,0.0,3,0.8928571428571429,0,0.29850746268656714,0.3283582089552239,0.32835820895522383,0.0,0.01639344262295082,5,0.8611111111111112,0.0,1,0,S1-794276071,S3-709731062,S3,0
0,0.2857142857142857,0.22857142857142862,0.22857142857142854,0.0,0.0,15,0.4,0,0.3448275862068966,0.41379310344827586,0.41379310344827597,0.0,0.0,2,0.9333333333333333,0.0,1,0,S1-43245988,S3-653241096,S3,0
0,0.2857142857142857,0.19047619047619052,0.19047619047619047,0.0,0.0,14,0.5,0,0.4736842105263158,0.4625850340136054,0.4473684210526315,0.038461538461538464,0.06015037593984962,0,1.0,0.0,1,0,S1-378831741,S3-271798301,S3,0
0,0.27450980392156865,0.3921568627450981,0.3921568627450981,0.0,0.0,3,0.8888888888888888,0,0.2894736842105263,0.39473684210526316,0.39473684210526316,0.0,0.0,0,1.0,0.0,1,0,S1-481966004,S3-212478820,S3,0
0,0.2978723404255319,0.29787234042553196,0.2978723404255319,0.0,0.0,23,0.34285714285714286,0,0.29729729729729726,0.32432432432432434,0.32432432432432434,0.0,0.0,4,0.8974358974358975,0.0,1,0,S1-112753766,S3-559334986,S3,0
0,0.35,0.26315789473684204,0.30000000000000004,0.0,0.0,2,0.9047619047619048,0,0.4,0.4,0.4,0.0,0.05263157894736842,5,0.8571428571428571,0.0,1,0,S1-109811993,S2-985229075,S2,0
0,0.4,0.36666666666666664,0.3666666666666667,0.0,0.019230769230769232,8,0.7647058823529411,0,0.36090225563909767,0.3609022556390978,0.36090225563909767,0.0,0.0078125,25,0.6835443037974683,0.0,1,0,S1-6789120,S2-265959335,S2,0
0,0.4642857142857143,0.6111111111111112,0.5357142857142857,0.16666666666666666,0.2682926829268293,6,0.8064516129032258,0,0.33333333333333337,0.3047619047619048,0.33333333333333337,0.0,0.010309278350515464,16,0.7538461538461538,0.0,0,0,S1-951451939,S3-338149245,S3,0
0,0.375,0.375,0.375,0.0,0.0,12,0.6,0,0.41666666666666663,0.45669291338582674,0.4305555555555556,0.05,0.06779661016949153,30,0.6551724137931034,0.0,1,0,S1-719778408,S2-741315116,S2,0
0,0.4285714285714286,0.39285714285714285,0.3928571428571429,0.0,0.02,8,0.75,0,0.345679012345679,0.3209876543209876,0.2716049382716049,0.07692307692307693,0.0136986301369863,31,0.44642857142857145,0.0,1,0,S1-790014070,S2-188339351,S2,0
0,0.29032258064516125,0.3870967741935484,0.3870967741935484,0.0,0.037037037037037035,22,0.47619047619047616,0,0.40449438202247184,0.4358974358974359,0.3820224719101124,0.04,0.05517241379310345,8,0.9139784946236559,0.0,1,0,S1-924201369,S3-740119517,S3,0
0,0.31818181818181823,0.3181818181818181,0.31818181818181823,0.0,0.0,8,0.6923076923076923,0,0.3366336633663366,0.3578947368421052,0.3366336633663366,0.0,0.011111111111111112,15,0.7413793103448276,0.0,1,0,S1-63259412,S3-318219841,S3,0
0,0.3214285714285714,0.3214285714285714,0.3214285714285714,0.0,0.0,8,0.75,0,0.28,0.34883720930232553,0.31999999999999995,0.0,0.023809523809523808,30,0.5384615384615384,0.0,0,0,S1-98063957,S3-839249262,S3,0
0,0.24390243902439024,0.19512195121951223,0.19512195121951215,0.0,0.0,3,0.8636363636363636,0,0.2941176470588235,0.4,0.3529411764705882,0.0,0.0,22,0.6451612903225806,0.0,1,0,S1-386578003,S3-620328194,S3,0
0,0.3555555555555555,0.4,0.4,0.0,0.05128205128205128,11,0.6071428571428571,0,0.28,0.34883720930232553,0.30000000000000004,0.0,0.024691358024691357,50,0.3333333333333333,0.0,0,0,S1-175938986,S2-912606640,S2,0
0,0.3157894736842105,0.31578947368421056,0.3157894736842105,0.0,0.0,4,0.8095238095238095,0,0.3232323232323232,0.3232323232323232,0.3232323232323232,0.0,0.010752688172043012,25,0.5967741935483871,0.0,0,0,S1-845421368,S3-916185593,S3,0
0,0.2535211267605634,0.30985915492957744,0.3098591549295775,0.0,0.0,1,0.9722222222222222,0,0.3055555555555556,0.27777777777777773,0.2777777777777778,0.0,0.015151515151515152,26,0.46938775510204084,0.0,1,0,S1-925961664,S3-720098829,S3,0
0,0.29850746268656714,0.3582089552238806,0.35820895522388063,0.0,0.0,7,0.8108108108108109,0,0.23913043478260865,0.21686746987951808,0.21739130434782605,0.0,0.0,14,0.7358490566037735,0.0,0,0,S1-485002426,S3-10511229,S3,0
0,0.34042553191489366,0.3404255319148936,0.34042553191489366,0.0,0.0,5,0.8076923076923077,0,0.32558139534883723,0.32558139534883723,0.32558139534883723,0.0,0.012345679012345678,12,0.7551020408163265,0.0,1,0,S1-982351520,S2-687111206,S2,0
0,0.2857142857142857,0.4,0.4,0.0,0.06896551724137931,13,0.4583333333333333,0,0.2990654205607477,0.33684210526315794,0.33644859813084116,0.0,0.0,43,0.4266666666666667,0.0,0,0,S1-906357157,S3-421237740,S3,0
0,0.7466666666666666,0.7733333333333333,0.6933333333333335,0.42857142857142855,0.42,3,0.9230769230769231,0,0.35862068965517246,0.3380281690140845,0.3448275862068966,0.0,0.014925373134328358,9,0.8831168831168831,0.0,1,0,S1-778950463,S3-838421357,S3,0
0,0.32432432432432434,0.27027027027027034,0.2702702702702703,0.0,0.0,7,0.6818181818181818,0,0.4363636363636364,0.509090909090909,0.509090909090909,0.1111111111111111,0.10869565217391304,5,0.8333333333333334,0.0,1,0,S1-902990138,S2-326063813,S2,0
0,0.27450980392156865,0.35294117647058826,0.3529411764705882,0.0,0.0,11,0.6451612903225806,0,0.2586206896551724,0.2758620689655173,0.27586206896551724,0.0,0.0,50,0.39759036144578314,0.0,0,0,S1-959899110,S3-96221271,S3,0
0,0.19999999999999996,0.2,0.19999999999999996,0.0,0.0,14,0.36363636363636365,0,0.3013698630136986,0.32876712328767127,0.3287671232876712,0.0,0.014925373134328358,3,0.9210526315789473,0.0,1,0,S1-675705419,S3-667930056,S3,0
0,0.3076923076923077,0.3076923076923077,0.3076923076923077,0.0,0.0,5,0.7727272727272727,0,0.3188405797101449,0.2898550724637681,0.28985507246376807,0.0,0.0,56,0.422680412371134,0.0,0,0,S1-318934073,S2-974900754,S2,0
0,0.2702702702702703,0.2857142857142857,0.3783783783783784,0.0,0.0,1,0.9473684210526315,0,0.2516556291390728,0.26490066225165565,0.26490066225165565,0.0,0.014184397163120567,81,0.3017241379310345,0.0,0,0,S1-832045774,S2-985229075,S2,0
0,0.326530612244898,0.3673469387755102,0.36734693877551017,0.0,0.0,13,0.5806451612903226,0,0.30400000000000005,0.30400000000000005,0.30400000000000005,0.0,0.0,51,0.42045454545454547,0.0,0,0,S1-691719855,S2-851401773,S2,0
0,0.16666666666666663,0.11111111111111115,0.11111111111111116,0.0,0.0,22,0.2413793103448276,0,0.20560747663551404,0.26,0.2429906542056075,0.0,0.0,61,0.27380952380952384,0.0,0,0,S1-149495118,S2-754040844,S2,0
0,0.33333333333333337,0.36111111111111116,0.36111111111111116,0.0,0.015625,14,0.6744186046511628,0,0.303030303030303,0.303030303030303,0.303030303030303,0.0,0.021505376344086023,45,0.375,0.0,0,0,S1-656347251,S3-729592353,S3,0
0,0.19999999999999996,0.2,0.19999999999999996,0.0,0.0,2,0.875,0,0.31775700934579443,0.37383177570093457,0.3738317757009347,0.0,0.010101010101010102,31,0.5507246376811594,0.0,0,0,S1-638175011,S3-642756567,S3,0
0,0.5714285714285714,0.5714285714285715,0.5714285714285714,0.14285714285714285,0.13043478260869565,6,0.8064516129032258,0,0.3472222222222222,0.36111111111111116,0.36111111111111116,0.0,0.0,26,0.6941176470588235,0.0,1,0,S1-439718705,S3-309663849,S3,0
0,0.23529411764705888,0.27450980392156865,0.27450980392156865,0.0,0.0,27,0.3076923076923077,0,0.36363636363636365,0.48951048951048953,0.4615384615384615,0.1111111111111111,0.125,17,0.7875,0.3333333333333333,1,0,S1-59750830,S2-319013837,S2,0
0,0.6388888888888888,0.6388888888888888,0.5277777777777778,0.2857142857142857,0.25925925925925924,2,0.9459459459459459,0,0.3309352517985612,0.3453237410071942,0.3453237410071942,0.0,0.007751937984496124,25,0.6951219512195121,0.0,1,0,S1-419392905,S2-677618114,S2,0
0,0.29508196721311475,0.3278688524590164,0.3278688524590164,0.0,0.0,1,0.967741935483871,0,0.2823529411764706,0.2894736842105263,0.2823529411764706,0.0,0.0,21,0.6037735849056604,0.0,0,0,S1-513691093,S3-197425433,S3,0
0,0.2564102564102564,0.25641025641025633,0.2564102564102564,0.0,0.0,9,0.625,0,0.2777777777777778,0.33333333333333326,0.33333333333333337,0.0,0.0,18,0.6,0.0,0,0,S1-820936677,S2-508371670,S2,0
0,0.18181818181818177,0.18181818181818188,0.18181818181818177,0.0,0.0,17,0.32,0,0.2857142857142857,0.38095238095238093,0.38095238095238093,0.0,0.0,5,0.8529411764705882,0.0,1,0,S1-17916287,S3-546712274,S3,0
0,0.19047619047619047,0.19047619047619052,0.19047619047619047,0.0,0.0,28,0.2,0,0.45614035087719296,0.4912280701754386,0.38596491228070173,0.1111111111111111,0.10416666666666667,3,0.9,0.0,1,0,S1-133030771,S3-372395036,S3,0
0,0.3928571428571429,0.39285714285714285,0.3928571428571429,0.0,0.0,4,0.8666666666666667,0,0.3448275862068966,0.367816091954023,0.367816091954023,0.0,0.0,15,0.7058823529411765,0.0,0,0,S1-570886569,S3-531193253,S3,0
0,0.3137254901960784,0.35294117647058826,0.3529411764705882,0.0,0.0,17,0.5,0,0.26,0.27368421052631575,0.26,0.0,0.011111111111111112,40,0.42857142857142855,0.0,0,0,S1-870270788,S2-118456303,S2,0
0,0.4,0.31578947368421056,0.30000000000000004,0.0,0.0,0,1.0,0,0.27722772277227725,0.3366336633663366,0.3366336633663366,0.0,0.0,41,0.4225352112676056,0.0,0,0,S1-788365416,S2-806752386,S2,0
0,0.05714285714285716,0.06896551724137936,0.05714285714285716,0.0,0.0,9,0.5909090909090909,0,0.2696629213483146,0.24719101123595508,0.2471910112359551,0.0,0.0,33,0.45901639344262296,0.0,0,0,S1-677688924,S2-813318063,S2,0
0,0.2592592592592593,0.29629629629629634,0.2962962962962963,0.0,0.0,8,0.7419354838709677,0,0.24,0.27368421052631575,0.26,0.0,0.0,46,0.3698630136986301,0.0,0,0,S1-340649218,S2-530063208,S2,0
0,0.326530612244898,0.3265306122448979,0.326530612244898,0.0,0.0,7,0.75,0,0.38596491228070173,0.3859649122807018,0.38596491228070173,0.0,0.0196078431372549,1,0.9655172413793104,0.0,1,0,S1-155115328,S2-960689868,S2,0
0,0.09523809523809523,0.10526315789473685,0.09523809523809523,0.0,0.0,5,0.8529411764705882,0,0.35064935064935066,0.4027777777777778,0.37662337662337664,0.0,0.014285714285714285,14,0.8333333333333334,0.0,1,0,S1-61566466,S2-12454821,S2,0
0,0.37209302325581395,0.37209302325581395,0.37209302325581395,0.0,0.0,5,0.7916666666666666,0,0.33333333333333337,0.3,0.30000000000000004,0.0,0.0,6,0.8181818181818182,0.0,1,0,S1-411488478,S2-19400994,S2,0
0,0.2807017543859649,0.31578947368421056,0.3157894736842105,0.0,0.0,9,0.7272727272727273,0,0.2941176470588235,0.3,0.2941176470588235,0.0,0.0,16,0.6190476190476191,0.0,0,0,S1-785569814,S3-274205044,S3,0
0,0.16666666666666663,0.29629629629629634,0.2777777777777778,0.0,0.0,20,0.2857142857142857,0,0.2909090909090909,0.21818181818181814,0.21818181818181814,0.0,0.0,3,0.896551724137931,0.0,1,0,S1-457377300,S3-12438564,S3,0
0,0.23076923076923073,0.2666666666666667,0.2692307692307693,0.0,0.0,4,0.8571428571428571,0,0.4242424242424242,0.5454545454545454,0.5454545454545454,0.2,0.12727272727272726,4,0.8857142857142857,1.0,1,0,S1-944897975,S3-162721702,S3,0
0,0.2162162162162162,0.32432432432432434,0.32432432432432434,0.0,0.0,13,0.48,0,0.2162162162162162,0.2522522522522523,0.25225225225225223,0.0,0.0,53,0.35365853658536583,0.0,0,0,S1-679312331,S2-807436581,S2,0
0,0.3589743589743589,0.4102564102564103,0.3589743589743589,0.16666666666666666,0.06060606060606061,7,0.6956521739130435,0,0.4,0.3692307692307692,0.36923076923076925,0.0,0.0,9,0.7567567567567568,0.0,1,0,S1-606145594,S2-812059581,S2,0
0,0.2545454545454545,0.3111111111111111,0.2545454545454545,0.0,0.0,23,0.41025641025641024,0,0.37142857142857144,0.37142857142857144,0.37142857142857144,0.0,0.0,10,0.75,0.0,1,0,S1-598622756,S3-856968042,S3,0
0,0.2727272727272727,0.27272727272727265,0.2727272727272727,0.0,0.0,12,0.5714285714285714,0,0.28846153846153844,0.3260869565217391,0.3076923076923077,0.0,0.011111111111111112,16,0.7333333333333333,0.0,0,0,S1-938227133,S3-297726444,S3,0
0,0.36923076923076925,0.6153846153846154,0.4,0.14285714285714285,0.17391304347826086,29,0.3829787234042553,0,0.3380281690140845,0.3661971830985915,0.3661971830985915,0.0,0.0,3,0.918918918918919,0.0,1,0,S1-101920663,S2-412337479,S2,0
0,0.17142857142857137,0.2857142857142857,0.2857142857142857,0.0,0.0,11,0.5217391304347826,0,0.3589743589743589,0.3931623931623932,0.3931623931623932,0.0,0.04716981132075472,9,0.8571428571428571,0.0,1,0,S1-51036417,S2-319013837,S2,0
0,0.1568627450980392,0.1568627450980392,0.1568627450980392,0.0,0.021739130434782608,37,0.1590909090909091,0,0.3298969072164949,0.3414634146341463,0.35051546391752575,0.0,0.0,5,0.9019607843137255,0.0,0,0,S1-68111984,S3-529904617,S3,0
0,0.2702702702702703,0.27027027027027034,0.2702702702702703,0.0,0.0,7,0.6818181818181818,0,0.30612244897959184,0.3265306122448979,0.326530612244898,0.0,0.02247191011235955,14,0.75,0.0,0,0,S1-555186478,S3-15185995,S3,0
0,0.5660377358490566,0.5283018867924528,0.41509433962264153,0.16666666666666666,0.13953488372093023,7,0.7666666666666667,0,0.24637681159420288,0.26016260162601623,0.24637681159420288,0.0,0.02608695652173913,68,0.33980582524271846,0.0,1,0,S1-285184696,S3-335718565,S3,0
0,0.2978723404255319,0.3829787234042554,0.3829787234042554,0.0,0.023809523809523808,7,0.7407407407407407,0,0.38095238095238093,0.4444444444444444,0.4444444444444444,0.0,0.017241379310344827,9,0.75,0.0,1,0,S1-85030427,S2-952208643,S2,0
0,0.38095238095238093,0.38095238095238093,0.38095238095238093,0.0,0.017543859649122806,1,0.96875,0,0.30434782608695654,0.32558139534883723,0.32608695652173914,0.0,0.012048192771084338,30,0.5081967213114754,0.0,0,0,S1-861605952,S2-398139513,S2,0
0,0.41509433962264153,0.339622641509434,0.339622641509434,0.0,0.020833333333333332,1,0.9629629629629629,0,0.22818791946308725,0.22535211267605632,0.21476510067114096,0.0,0.007462686567164179,99,0.20161290322580644,0.0,0,0,S1-232697923,S2-242112089,S2,0
0,0.34782608695652173,0.30434782608695654,0.30434782608695654,0.0,0.0,10,0.6428571428571429,0,0.28260869565217395,0.3260869565217391,0.32608695652173914,0.0,0.0,38,0.4153846153846154,0.0,0,0,S1-498774216,S3-669784629,S3,0
0,0.25531914893617025,0.29787234042553196,0.2978723404255319,0.0,0.0,5,0.8076923076923077,0,0.2784810126582279,0.32911392405063294,0.3291139240506329,0.0,0.0,15,0.6808510638297872,0.0,0,0,S1-577014631,S3-329210883,S3,0
0,0.3125,0.3125,0.3125,0.0,0.0,4,0.7777777777777778,0,0.28985507246376807,0.4057971014492754,0.4057971014492754,0.0,0.031746031746031744,1,0.9714285714285714,0.0,1,0,S1-838264577,S3-370657507,S3,0
0,0.31999999999999995,0.32,0.31999999999999995,0.0,0.0,1,0.9230769230769231,0,0.26168224299065423,0.3177570093457943,0.31775700934579443,0.0,0.0,31,0.5507246376811594,0.0,0,0,S1-614844595,S3-562419826,S3,0
0,0.34042553191489366,0.3404255319148936,0.34042553191489366,0.0,0.0,11,0.6206896551724138,0,0.3548387096774194,0.3548387096774194,0.3548387096774194,0.0,0.03571428571428571,6,0.8235294117647058,0.0,1,0,S1-472779513,S3-144042104,S3,0
0,0.36111111111111116,0.33333333333333326,0.33333333333333337,0.0,0.046153846153846156,2,0.9459459459459459,0,0.2543352601156069,0.29113924050632917,0.2774566473988439,0.0,0.0,99,0.27205882352941174,0.0,0,0,S1-172792882,S3-510330257,S3,0
0,0.39344262295081966,0.4230769230769231,0.39344262295081966,0.0,0.08695652173913043,13,0.6486486486486487,0,0.2941176470588235,0.35294117647058826,0.3529411764705882,0.0,0.010309278350515464,28,0.5692307692307692,0.0,0,0,S1-442389054,S3-967887914,S3,0
0,0.2666666666666667,0.2666666666666667,0.2666666666666667,0.0,0.0,2,0.875,0,0.19277108433734935,0.24691358024691354,0.24096385542168675,0.0,0.0,41,0.3387096774193548,0.0,0,0,S1-510175177,S2-120665827,S2,0
0,0.3666666666666667,0.4,0.4,0.0,0.01818181818181818,2,0.9354838709677419,0,0.36111111111111116,0.41666666666666663,0.41666666666666663,0.0,0.046153846153846156,14,0.6744186046511628,0.0,1,0,S1-147829922,S3-153815187,S3,0
0,0.6428571428571428,0.7142857142857143,0.6428571428571428,0.3333333333333333,0.3783783783783784,2,0.9310344827586207,0,0.42105263157894735,0.4375,0.4093567251461988,0.08,0.04827586206896552,29,0.71,0.25,1,0,S1-382496713,S3-157204631,S3,0
0,0.3157894736842105,0.26315789473684204,0.26315789473684215,0.0,0.0,0,1.0,0,0.2833333333333333,0.3392857142857143,0.31666666666666665,0.0,0.018867924528301886,38,0.5189873417721519,0.0,0,0,S1-436026711,S3-631303947,S3,0
0,0.30434782608695654,0.30434782608695654,0.30434782608695654,0.0,0.0,18,0.4375,0,0.23300970873786409,0.30927835051546393,0.2912621359223301,0.0,0.0,51,0.33766233766233766,0.0,0,0,S1-68225226,S2-25156623,S2,0
0,0.25,0.25,0.25,0.0,0.0,6,0.7391304347826086,0,0.3950617283950617,0.4444444444444444,0.4444444444444444,0.0,0.013333333333333334,15,0.6875,0.0,1,0,S1-507987143,S3-518532800,S3,0
0,0.3846153846153846,0.34615384615384615,0.34615384615384615,0.0,0.0,2,0.9259259259259259,0,0.26190476190476186,0.3571428571428571,0.3571428571428571,0.0,0.0,4,0.9090909090909091,0.0,1,0,S1-354543675,S3-483996693,S3,0
0,0.3214285714285714,0.3571428571428571,0.3571428571428571,0.0,0.04081632653061224,6,0.8064516129032258,0,0.3603603603603604,0.3603603603603604,0.3603603603603604,0.0,0.0,39,0.48,0.0,0,0,S1-963532550,S3-551099720,S3,0
0,0.2666666666666667,0.2666666666666667,0.2666666666666667,0.0,0.0,6,0.6666666666666666,0,0.3414634146341463,0.2926829268292683,0.29268292682926833,0.0,0.0,24,0.5471698113207547,0.0,0,0,S1-326254395,S3-363093591,S3,0
0,0.3414634146341463,0.3414634146341463,0.3414634146341463,0.16666666666666666,0.05714285714285714,5,0.782608695652174,0,0.3302752293577982,0.37383177570093457,0.3669724770642202,0.0,0.030927835051546393,29,0.5797101449275363,0.0,1,0,S1-616390519,S2-532486708,S2,0
0,0.5490196078431373,0.5490196078431372,0.5098039215686274,0.14285714285714285,0.14634146341463414,13,0.59375,0,0.33766233766233766,0.3246753246753247,0.3246753246753247,0.0,0.006896551724137931,12,0.8554216867469879,0.0,1,0,S1-918068535,S2-512721076,S2,0
0,0.4242424242424242,0.6086956521739131,0.5454545454545454,0.3333333333333333,0.16,1,0.9411764705882353,0,0.4,0.4484848484848485,0.4484848484848485,0.0,0.0392156862745098,9,0.896551724137931,0.0,1,0,S1-324885039,S2-193311097,S2,0
0,0.3728813559322034,0.4067796610169491,0.4067796610169492,0.0,0.018518518518518517,11,0.6857142857142857,0,0.0,0.0,0.0,0.0,0.0,29,0.0,0.0,1,0,S1-337657887,S2-804127133,S2,0
0,0.2857142857142857,0.2666666666666667,0.24489795918367352,0.0,0.0,1,0.96,0,0.31034482758620685,0.31034482758620685,0.31034482758620685,0.0,0.009174311926605505,48,0.4146341463414634,0.0,0,0,S1-379389407,S2-807436581,S2,0
0,0.26315789473684215,0.1578947368421052,0.1578947368421053,0.0,0.0,24,0.22580645161290322,0,0.36363636363636365,0.38509316770186336,0.38636363636363635,0.045454545454545456,0.03355704697986577,4,0.9555555555555556,0.0,1,0,S1-994674960,S3-711391242,S3,0
0,0.07407407407407407,0.08695652173913046,0.07407407407407407,0.0,0.0,4,0.8620689655172413,0,0.3783783783783784,0.49504950495049505,0.4864864864864865,0.0,0.05434782608695652,3,0.9473684210526315,0.0,1,0,S1-401976638,S2-433737064,S2,0
0,0.2666666666666667,0.2666666666666667,0.2666666666666667,0.0,0.0,8,0.5789473684210527,0,0.3119266055045872,0.36363636363636365,0.34862385321100914,0.0,0.0,25,0.6268656716417911,0.0,0,0,S1-124648354,S2-343977435,S2,0
0,0.35,0.25,0.25,0.0,0.0,8,0.6666666666666666,0,0.3414634146341463,0.36585365853658536,0.36585365853658536,0.07142857142857142,0.012987012987012988,10,0.782608695652174,0.3333333333333333,1,0,S1-140644421,S3-239832857,S3,0
0,0.3793103448275862,0.5416666666666666,0.48275862068965514,0.125,0.045454545454545456,20,0.48717948717948717,0,0.375,0.34375,0.34375,0.0,0.01694915254237288,10,0.7297297297297297,0.0,1,0,S1-835163559,S2-553170063,S2,0
0,0.07407407407407407,0.07407407407407404,0.07407407407407407,0.0,0.0,6,0.8,0,0.2637362637362637,0.31707317073170727,0.3076923076923077,0.0,0.012658227848101266,37,0.421875,0.0,0,0,S1-639660037,S2-914917782,S2,0
0,0.4444444444444444,0.5079365079365079,0.5079365079365079,0.14285714285714285,0.1346153846153846,5,0.8529411764705882,0,0.37254901960784315,0.35294117647058826,0.3529411764705882,0.0,0.021505376344086023,6,0.8888888888888888,0.0,1,0,S1-14344511,S2-386684636,S2,0
0,0.326530612244898,0.40816326530612246,0.36734693877551017,0.14285714285714285,0.07142857142857142,17,0.48484848484848486,0,0.3116883116883117,0.31168831168831174,0.3116883116883117,0.0,0.0,19,0.6041666666666666,0.0,1,0,S1-489356187,S3-34997078,S3,0
0,0.3448275862068966,0.3448275862068965,0.3448275862068966,0.0,0.0196078431372549,14,0.6111111111111112,0,0.26086956521739135,0.2921348314606742,0.28260869565217395,0.0,0.0,44,0.35294117647058826,0.0,0,0,S1-495619783,S3-838421357,S3,0
0,0.34042553191489366,0.425531914893617,0.42553191489361697,0.0,0.023809523809523808,17,0.46875,0,0.28301886792452835,0.2884615384615384,0.28301886792452835,0.0,0.01,34,0.5142857142857142,0.0,0,0,S1-886230416,S2-185457473,S2,0
0,0.2666666666666667,0.2666666666666667,0.2666666666666667,0.0,0.0,8,0.5789473684210527,0,0.3106796116504854,0.36893203883495146,0.3689320388349514,0.0,0.031914893617021274,35,0.4927536231884058,0.0,0,0,S1-225460433,S2-893531662,S2,0
0,0.3870967741935484,0.4516129032258065,0.4516129032258065,0.0,0.05454545454545454,2,0.9375,0,0.3728813559322034,0.4745762711864407,0.47457627118644063,0.0,0.03773584905660377,1,0.9666666666666667,0.0,0,0,S1-255178568,S3-587570117,S3,0
0,0.24390243902439024,0.24390243902439024,0.24390243902439024,0.0,0.0,7,0.7083333333333334,0,0.3666666666666667,0.43333333333333335,0.43333333333333335,0.0,0.0,16,0.5789473684210527,0.0,0,0,S1-765946435,S2-17444015,S2,0
0,0.41666666666666663,0.375,0.375,0.0,0.0,2,0.92,0,0.3666666666666667,0.3,0.30000000000000004,0.0,0.037037037037037035,4,0.875,0.0,1,0,S1-234637871,S2-829894610,S2,0
0,0.2857142857142857,0.2857142857142857,0.2857142857142857,0.0,0.0,3,0.8421052631578947,0,0.31481481481481477,0.35294117647058826,0.35185185185185186,0.0,0.0,26,0.6119402985074627,0.0,0,0,S1-485896713,S3-828994416,S3,0
0,0.31034482758620685,0.31034482758620685,0.31034482758620685,0.0,0.0392156862745098,32,0.28888888888888886,0,0.4,0.4,0.4,0.0,0.0,1,0.9642857142857143,0.0,1,0,S1-16191661,S2-897562796,S2,0
0,0.34042553191489366,0.3404255319148936,0.34042553191489366,0.0,0.0,9,0.6785714285714286,0,0.26490066225165565,0.3194444444444444,0.2781456953642384,0.045454545454545456,0.03816793893129771,63,0.411214953271028,0.0,0,0,S1-150025334,S3-648631162,S3,0
0,0.3928571428571429,0.39285714285714285,0.3571428571428571,0.125,0.04,8,0.75,0,0.2622950819672131,0.2950819672131148,0.29508196721311475,0.0,0.0,23,0.4523809523809524,0.0,1,0,S1-65032599,S3-293912534,S3,0
0,0.339622641509434,0.339622641509434,0.339622641509434,0.0,0.0,9,0.7096774193548387,0,0.3214285714285714,0.3392857142857143,0.3392857142857143,0.0,0.009615384615384616,14,0.7777777777777778,0.0,0,0,S1-249211289,S3-732085021,S3,0
0,0.2592592592592593,0.3703703703703704,0.3703703703703704,0.0,0.0,10,0.6875,0,0.3666666666666667,0.35,0.35,0.0,0.008928571428571428,36,0.5384615384615384,0.0,1,0,S1-171991486,S2-27546608,S2,0
0,0.3157894736842105,0.3859649122807018,0.38596491228070173,0.0,0.0,3,0.9,0,0.37362637362637363,0.3516483516483517,0.3516483516483516,0.0,0.0,23,0.5964912280701754,0.0,0,0,S1-238706745,S2-667163907,S2,0
0,0.2702702702702703,0.27027027027027034,0.2702702702702703,0.0,0.0,3,0.85,0,0.33333333333333337,0.33333333333333326,0.33333333333333337,0.0,0.0,6,0.8181818181818182,0.0,1,0,S1-284125107,S2-404831294,S2,0
0,0.4761904761904761,0.42857142857142855,0.4285714285714286,0.16666666666666666,0.08571428571428572,14,0.5,0,0.0,0.0,0.0,0.0,0.0,35,0.0,0.0,1,0,S1-653562425,S2-917343316,S2,0
0,0.32432432432432434,0.27027027027027034,0.2702702702702703,0.0,0.0,9,0.6086956521739131,0,0.20833333333333337,0.3125,0.3125,0.0,0.0,36,0.45454545454545453,0.0,0,0,S1-839799672,S2-785080034,S2,0
0,0.339622641509434,0.339622641509434,0.339622641509434,0.0,0.0,5,0.8275862068965517,0,0.276595744680851,0.29787234042553196,0.2978723404255319,0.0,0.0,34,0.46875,0.0,0,0,S1-401421812,S2-83798249,S2,0
0,0.33898305084745756,0.4067796610169491,0.4067796610169492,0.0,0.0,13,0.6388888888888888,0,0.2644628099173554,0.2758620689655173,0.28099173553719003,0.0,0.0,53,0.39080459770114945,0.0,0,0,S1-299995665,S2-961993690,S2,0
0,0.2790697674418605,0.2790697674418605,0.2790697674418605,0.0,0.0,7,0.72,0,0.2857142857142857,0.2539682539682539,0.25396825396825395,0.0,0.0,7,0.8,0.0,1,0,S1-778114161,S3-930085822,S3,0
0,0.3529411764705882,0.35294117647058826,0.3529411764705882,0.0,0.0,2,0.8888888888888888,0,0.33333333333333337,0.4102564102564103,0.41025641025641024,0.0,0.0,12,0.7333333333333333,0.0,1,0,S1-327086461,S3-864202917,S3,0
0,0.38235294117647056,0.35294117647058826,0.3529411764705882,0.0,0.03278688524590164,0,1.0,0,0.35185185185185186,0.33333333333333326,0.33333333333333337,0.0,0.00980392156862745,40,0.4594594594594595,0.0,0,0,S1-455389196,S3-36275062,S3,0
0,0.32558139534883723,0.32558139534883723,0.32558139534883723,0.0,0.0,1,0.9545454545454546,0,0.33333333333333337,0.33333333333333326,0.33333333333333337,0.0,0.0,14,0.6744186046511628,0.0,0,0,S1-140048910,S2-579970084,S2,0
0,0.4,0.33333333333333326,0.33333333333333337,0.0,0.0,2,0.9354838709677419,0,0.33333333333333337,0.39285714285714285,0.368421052631579,0.058823529411764705,0.038461538461538464,40,0.4805194805194805,0.0,0,0,S1-491616853,S3-989397707,S3,0
0,0.2790697674418605,0.2790697674418605,0.2790697674418605,0.0,0.0,15,0.4827586206896552,0,0.368421052631579,0.3404255319148936,0.33333333333333337,0.0,0.021739130434782608,12,0.8095238095238095,0.0,1,0,S1-340427300,S2-686896201,S2,0
0,0.2068965517241379,0.3448275862068965,0.3448275862068966,0.0,0.0,5,0.7058823529411765,0,0.27586206896551724,0.2758620689655173,0.27586206896551724,0.0,0.0,2,0.9333333333333333,0.0,1,0,S1-736418160,S2-293242566,S2,0
0,0.2727272727272727,0.27272727272727265,0.2727272727272727,0.0,0.0,8,0.6923076923076923,0,0.4,0.4615384615384615,0.4615384615384615,0.0,0.05172413793103448,11,0.7105263157894737,0.0,1,0,S1-371198298,S2-275481591,S2,0
0,0.3111111111111111,0.35555555555555557,0.3555555555555555,0.0,0.0,5,0.8,0,0.27118644067796616,0.2542372881355932,0.2542372881355932,0.0,0.0,74,0.22916666666666666,0.0,0,0,S1-107914038,S2-714443523,S2,0
0,0.24242424242424243,0.18181818181818188,0.18181818181818177,0.0,0.0,9,0.5714285714285714,0,0.3768115942028986,0.49275362318840576,0.43478260869565216,0.08333333333333333,0.08333333333333333,11,0.725,0.0,1,0,S1-140962810,S3-450624531,S3,0
0,0.2777777777777778,0.33333333333333326,0.33333333333333337,0.0,0.0,2,0.8947368421052632,0,0.31034482758620685,0.3793103448275862,0.3793103448275862,0.0,0.019230769230769232,10,0.7058823529411765,0.0,1,0,S1-30547988,S2-37820991,S2,0
0,0.26086956521739135,0.26086956521739124,0.26086956521739135,0.0,0.0,22,0.35294117647058826,0,0.32558139534883723,0.34883720930232553,0.34883720930232553,0.0,0.0,10,0.7916666666666666,0.0,1,0,S1-951438980,S3-531721866,S3,0
0,0.375,0.33333333333333326,0.33333333333333337,0.0,0.0,6,0.7777777777777778,0,0.33333333333333337,0.33333333333333326,0.33333333333333337,0.0,0.011764705882352941,22,0.6071428571428571,0.0,0,0,S1-786901582,S3-886843215,S3,0
0,0.2666666666666667,0.35555555555555557,0.3555555555555555,0.0,0.0,5,0.8,0,0.0,0.0,0.0,0.0,0.0,29,0.0,0.0,1,0,S1-194766298,S3-618457065,S3,0
0,0.32727272727272727,0.36363636363636365,0.36363636363636365,0.0,0.0,5,0.8333333333333334,0,0.23880597014925375,0.2985074626865672,0.29850746268656714,0.0,0.0,9,0.7631578947368421,0.0,0,0,S1-311229273,S3-865658538,S3,0
0,0.19047619047619047,0.2380952380952381,0.23809523809523814,0.0,0.0,22,0.3125,0,0.3076923076923077,0.3404255319148936,0.32692307692307687,0.0,0.0,20,0.6774193548387096,0.0,0,0,S1-559409068,S3-293912534,S3,0
0,0.41860465116279066,0.46511627906976744,0.41860465116279066,0.16666666666666666,0.05405405405405406,11,0.5925925925925926,0,0.345679012345679,0.3950617283950617,0.3950617283950617,0.0,0.013333333333333334,1,0.975609756097561,0.0,1,0,S1-104416852,S3-806081881,S3,0
0,0.2962962962962963,0.29629629629629634,0.2962962962962963,0.0,0.0,6,0.8,0,0.275,0.35,0.35,0.0,0.0,14,0.7021276595744681,0.0,1,0,S1-786140325,S3-853321112,S3,0
0,0.3414634146341463,0.3414634146341463,0.3414634146341463,0.0,0.08823529411764706,3,0.8636363636363636,0,0.3188405797101449,0.2898550724637681,0.28985507246376807,0.0,0.0,11,0.725,0.0,0,0,S1-713148110,S3-620328194,S3,0
0,0.4,0.4,0.4,0.0,0.05084745762711865,10,0.75,0,0.34408602150537637,0.4186046511627907,0.4086021505376344,0.058823529411764705,0.02531645569620253,13,0.7547169811320755,0.0,1,0,S1-917113909,S3-209240992,S3,0
0,0.2564102564102564,0.25641025641025633,0.2564102564102564,0.0,0.0,17,0.39285714285714285,0,0.28846153846153844,0.3137254901960784,0.3076923076923077,0.0,0.0,34,0.5072463768115942,0.0,0,0,S1-660829455,S2-327565395,S2,0
0,0.33333333333333337,0.27777777777777773,0.2777777777777778,0.0,0.0,30,0.4117647058823529,0,0.2962962962962963,0.3883495145631068,0.3407407407407408,0.0,0.0,45,0.5,0.0,0,0,S1-632326975,S3-14198089,S3,0
0,0.39344262295081966,0.36065573770491804,0.36065573770491793,0.0,0.017857142857142856,1,0.967741935483871,0,0.3448275862068966,0.31034482758620685,0.31034482758620685,0.0,0.0,4,0.8709677419354839,0.0,0,0,S1-90825315,S3-855990456,S3,0
0,0.1428571428571429,0.1428571428571429,0.1428571428571429,0.0,0.0,20,0.16666666666666666,0,0.26415094339622647,0.3018867924528301,0.30188679245283023,0.0,0.0,1,0.9629629629629629,0.0,1,0,S1-782331763,S2-875438928,S2,0
0,0.19999999999999996,0.18181818181818188,0.19999999999999996,0.0,0.0,6,0.7857142857142857,0,0.3423423423423423,0.3655913978494624,0.28828828828828834,0.06666666666666667,0.04597701149425287,51,0.37037037037037035,0.0,0,0,S1-666256681,S3-260433395,S3,0
0,0.2666666666666667,0.2666666666666667,0.2666666666666667,0.0,0.0,12,0.42857142857142855,0,0.30508474576271183,0.30508474576271183,0.30508474576271183,0.0,0.0,1,0.9666666666666667,0.0,1,0,S1-504729197,S2-346823435,S2,0
0,0.4,0.3,0.30000000000000004,0.0,0.0,2,0.9354838709677419,0,0.33043478260869563,0.3826086956521739,0.3826086956521739,0.05263157894736842,0.06,49,0.4024390243902439,0.0,0,0,S1-568519897,S2-38121720,S2,0
0,0.3414634146341463,0.3414634146341463,0.3414634146341463,0.0,0.0,11,0.5769230769230769,0,0.32432432432432434,0.32432432432432434,0.32432432432432434,0.0,0.0,14,0.6818181818181818,0.0,1,0,S1-729030143,S3-378917707,S3,0
0,0.34615384615384615,0.2692307692307692,0.2692307692307693,0.0,0.0,12,0.625,0,0.46376811594202894,0.34782608695652173,0.34782608695652173,0.0,0.04838709677419355,5,0.8648648648648649,0.0,1,0,S1-929802976,S2-121218414,S2,0
0,0.34615384615384615,0.34615384615384615,0.34615384615384615,0.0,0.0,4,0.8571428571428571,0,0.3565891472868217,0.43410852713178294,0.43410852713178294,0.047619047619047616,0.025,5,0.9253731343283582,0.0,1,0,S1-883133227,S2-279809316,S2,0
0,0.34285714285714286,0.3428571428571429,0.34285714285714286,0.0,0.03333333333333333,7,0.6666666666666666,0,0.2777777777777778,0.3148148148148148,0.31481481481481477,0.045454545454545456,0.020202020202020204,40,0.4594594594594595,0.0,0,0,S1-180447386,S2-983836522,S2,0
0,0.2941176470588235,0.35294117647058826,0.3529411764705882,0.0,0.0,2,0.8888888888888888,0,0.34090909090909094,0.3209876543209876,0.2954545454545454,0.0,0.013157894736842105,10,0.7959183673469388,0.0,1,0,S1-887127435,S3-624371291,S3,0
0,0.30434782608695654,0.30434782608695654,0.30434782608695654,0.0,0.024390243902439025,10,0.6428571428571429,0,0.23655913978494625,0.24691358024691354,0.21505376344086025,0.0,0.0,49,0.30985915492957744,0.0,0,0,S1-850339416,S2-713476688,S2,0
0,0.41860465116279066,0.37209302325581395,0.37209302325581395,0.0,0.0,7,0.72,0,0.2727272727272727,0.36363636363636365,0.36363636363636365,0.0,0.0,10,0.7368421052631579,0.0,1,0,S1-395275013,S3-379166596,S3,0
0,0.3111111111111111,0.3111111111111111,0.3111111111111111,0.0,0.025,13,0.5517241379310345,0,0.1839080459770115,0.16091954022988503,0.1609195402298851,0.0,0.0,51,0.2608695652173913,0.0,0,0,S1-45091061,S3-361488099,S3,0
0,0.2962962962962963,0.3703703703703704,0.3703703703703704,0.0,0.0,2,0.9285714285714286,0,0.3666666666666667,0.36666666666666664,0.3666666666666667,0.0,0.01818181818181818,2,0.9354838709677419,0.0,1,0,S1-655016503,S2-676706867,S2,0
0,0.2857142857142857,0.2380952380952381,0.23809523809523814,0.0,0.0,12,0.5555555555555556,0,0.32432432432432434,0.32432432432432434,0.32432432432432434,0.0,0.0,16,0.6444444444444445,0.0,0,0,S1-807798134,S3-802789108,S3,0
0,0.36,0.36,0.36,0.0,0.022727272727272728,10,0.6666666666666666,0,0.27450980392156865,0.19607843137254904,0.196078431372549,0.0,0.0,1,0.9615384615384616,0.0,1,0,S1-86076443,S2-736248668,S2,0
0,0.3076923076923077,0.25641025641025633,0.2564102564102564,0.0,0.0,3,0.8571428571428571,0,0.4418604651162791,0.3953488372093023,0.39534883720930236,0.0,0.0125,2,0.9545454545454546,0.0,1,0,S1-866235841,S3-469492228,S3,0
0,0.3448275862068966,0.2758620689655173,0.27586206896551724,0.0,0.018867924528301886,20,0.48717948717948717,0,0.2564102564102564,0.3076923076923077,0.3076923076923077,0.0,0.0136986301369863,14,0.6956521739130435,0.0,0,0,S1-215808760,S2-391274310,S2,0
0,0.36363636363636365,0.3272727272727273,0.32727272727272727,0.0,0.0,3,0.896551724137931,0,0.3076923076923077,0.3125,0.3076923076923077,0.0,0.01098901098901099,30,0.5522388059701493,0.0,0,0,S1-39709795,S3-273405507,S3,0
0,0.326530612244898,0.4102564102564103,0.36734693877551017,0.0,0.0,5,0.8148148148148148,0,0.19999999999999996,0.23333333333333328,0.22857142857142854,0.0,0.0,2,0.9444444444444444,0.0,0,0,S1-142291609,S2-26846529,S2,0
0,0.30000000000000004,0.35,0.35,0.0,0.0,10,0.6,0,0.30188679245283023,0.3018867924528301,0.30188679245283023,0.0,0.0,9,0.7096774193548387,0.0,1,0,S1-688762205,S2-23412013,S2,0
0,0.38095238095238093,0.38095238095238093,0.38095238095238093,0.0,0.05555555555555555,12,0.5555555555555556,0,0.41379310344827597,0.41379310344827586,0.41379310344827597,0.0,0.0,10,0.7058823529411765,0.0,1,0,S1-251530664,S3-153212225,S3,0
0,0.3157894736842105,0.31578947368421056,0.3157894736842105,0.0,0.0,9,0.7272727272727273,0,0.2696629213483146,0.2921348314606742,0.2921348314606742,0.0,0.012195121951219513,41,0.36923076923076925,0.0,0,0,S1-774235945,S2-255806044,S2,0
0,0.16216216216216217,0.27027027027027034,0.2702702702702703,0.0,0.0,19,0.32142857142857145,0,0.35,0.35,0.35,0.0,0.0,2,0.9512195121951219,0.0,1,0,S1-429099398,S3-413688811,S3,0
0,0.23529411764705888,0.27450980392156865,0.27450980392156865,0.0,0.0,29,0.275,0,0.3008849557522124,0.3925233644859813,0.35398230088495575,0.05,0.0196078431372549,45,0.43037974683544306,0.0,0,0,S1-773411653,S3-882932567,S3,0
0,0.3414634146341463,0.3902439024390244,0.3902439024390244,0.0,0.08823529411764706,3,0.8636363636363636,0,0.4918032786885246,0.5573770491803279,0.4590163934426229,0.2222222222222222,0.11764705882352941,5,0.8484848484848485,0.0,1,0,S1-24896456,S2-957259416,S2,0
0,0.45833333333333337,0.375,0.33333333333333337,0.16666666666666666,0.07317073170731707,12,0.6,0,0.3880597014925373,0.3880597014925373,0.3880597014925373,0.0,0.0,13,0.675,0.0,1,0,S1-622396142,S3-257957769,S3,0
0,0.5263157894736843,0.368421052631579,0.3157894736842105,0.16666666666666666,0.0625,8,0.6521739130434783,0,0.36363636363636365,0.3728813559322034,0.36363636363636365,0.0,0.018518518518518517,29,0.6133333333333333,0.0,1,0,S1-14565144,S2-244050383,S2,0
0,0.36065573770491793,0.43137254901960786,0.36065573770491793,0.125,0.0,5,0.8484848484848485,0,0.368421052631579,0.368421052631579,0.368421052631579,0.0,0.0,4,0.9,0.0,1,0,S1-221126177,S2-263667534,S2,0
0,0.2702702702702703,0.21621621621621628,0.2162162162162162,0.0,0.0,25,0.1935483870967742,0,0.4,0.33684210526315794,0.3157894736842105,0.05555555555555555,0.04597701149425287,35,0.46153846153846156,0.0,1,0,S1-745656359,S2-840197013,S2,0
0,0.3384615384615385,0.3692307692307692,0.36923076923076925,0.0,0.016666666666666666,5,0.8571428571428571,0,0.29032258064516125,0.32258064516129037,0.32258064516129037,0.0,0.0,0,1.0,0.0,0,0,S1-895271752,S3-855990456,S3,0
0,0.23255813953488372,0.2790697674418605,0.2790697674418605,0.0,0.0,21,0.34375,0,0.4516129032258065,0.32258064516129037,0.32258064516129037,0.0,0.017543859649122806,0,1.0,0.0,1,0,S1-791670705,S2-915948468,S2,0
0,0.36363636363636365,0.3272727272727273,0.32727272727272727,0.0,0.0,9,0.71875,0,0.29268292682926833,0.3414634146341463,0.3414634146341463,0.0,0.02631578947368421,26,0.5185185185185185,0.0,0,0,S1-398002655,S2-115485022,S2,0
0,0.3055555555555556,0.3055555555555556,0.3055555555555556,0.0,0.0,18,0.6,0,0.3768115942028986,0.34782608695652173,0.34782608695652173,0.0,0.016129032258064516,11,0.725,0.0,1,0,S1-54389832,S2-347900826,S2,0
0,0.21276595744680848,0.21276595744680848,0.21276595744680848,0.0,0.0,9,0.6785714285714286,0,0.34375,0.28125,0.28125,0.0,0.0,12,0.6842105263157895,0.0,1,0,S1-311360500,S3-509720288,S3,0
0,0.2962962962962963,0.25925925925925924,0.2592592592592593,0.0,0.02040816326530612,20,0.4594594594594595,0,0.0,0.0,0.0,0.0,0.0,27,0.0,0.0,0,0,S1-329973494,S2-668142291,S2,0
0,0.3125,0.25,0.25,0.0,0.0,16,0.3333333333333333,0,0.29508196721311475,0.39344262295081966,0.39344262295081966,0.0,0.0,9,0.7428571428571429,0.0,1,0,S1-918423534,S3-162721702,S3,0
0,0.3076923076923077,0.2692307692307692,0.2692307692307693,0.0,0.0,8,0.7333333333333333,0,0.41379310344827597,0.48275862068965514,0.41379310344827597,0.1111111111111111,0.125,6,0.8125,0.0,1,0,S1-581261214,S2-422635277,S2,0
0,0.32727272727272727,0.4,0.4,0.0,0.0,7,0.7741935483870968,0,0.3410852713178295,0.37209302325581395,0.37209302325581395,0.0,0.025210084033613446,7,0.8970588235294118,0.0,1,0,S1-918647743,S2-112899334,S2,0
0,0.45714285714285713,0.6382978723404256,0.6,0.2857142857142857,0.2222222222222222,6,0.8421052631578947,0,0.40336134453781514,0.3361344537815125,0.33613445378151263,0.0,0.028037383177570093,25,0.6527777777777778,0.0,1,0,S1-10388153,S2-78041196,S2,0
0,0.19999999999999996,0.15,0.15000000000000002,0.0,0.0,26,0.21212121212121213,0,0.2786885245901639,0.2678571428571429,0.2622950819672131,0.0,0.0,52,0.40229885057471265,0.0,0,0,S1-801610448,S2-208831921,S2,0
0,0.2702702702702703,0.3783783783783784,0.3783783783783784,0.0,0.0,1,0.9473684210526315,0,0.38596491228070173,0.3508771929824562,0.3508771929824561,0.0,0.0,1,0.9655172413793104,0.0,1,0,S1-376285045,S2-801325499,S2,0
0,0.30508474576271183,0.3728813559322034,0.3728813559322034,0.0,0.0,27,0.37209302325581395,0,0.27184466019417475,0.2330097087378641,0.23300970873786409,0.0,0.020833333333333332,57,0.2875,0.0,0,0,S1-912152831,S2-45326193,S2,0
0,0.3448275862068966,0.3448275862068965,0.3448275862068966,0.0,0.0,12,0.6571428571428571,0,0.3221476510067114,0.37410071942446044,0.34899328859060413,0.0,0.0,7,0.9102564102564102,0.0,1,0,S1-98832763,S3-517310285,S3,0
0,0.3902439024390244,0.3414634146341463,0.3414634146341463,0.0,0.0,9,0.64,0,0.2912621359223301,0.30434782608695654,0.2912621359223301,0.0,0.011494252873563218,3,0.9433962264150944,0.0,0,0,S1-567031484,S2-836303490,S2,0
0,0.3492063492063492,0.41269841269841273,0.31746031746031744,0.125,0.03636363636363636,5,0.8529411764705882,0,0.3529411764705882,0.35294117647058826,0.3529411764705882,0.0,0.0,4,0.8888888888888888,0.0,1,0,S1-7324939,S3-957331417,S3,0
0,0.4324324324324324,0.40540540540540543,0.40540540540540543,0.0,0.0625,2,0.9473684210526315,0,0.33898305084745756,0.3177570093457943,0.30508474576271183,0.0,0.020202020202020204,40,0.4936708860759494,0.0,0,0,S1-697743047,S2-56969164,S2,0
0,0.11428571428571432,0.11428571428571431,0.11428571428571432,0.0,0.0,21,0.25,0,0.3055555555555556,0.36111111111111116,0.36111111111111116,0.0,0.0,4,0.8947368421052632,0.0,1,0,S1-494198880,S2-516453492,S2,0
0,0.25,0.25,0.25,0.0,0.037037037037037035,6,0.6842105263157895,0,0.3392857142857143,0.3571428571428571,0.3571428571428571,0.0,0.00980392156862745,16,0.75,0.0,0,0,S1-681699392,S3-337148307,S3,0
0,0.13793103448275867,0.14814814814814808,0.13793103448275867,0.0,0.0,2,0.9333333333333333,0,0.3529411764705882,0.379746835443038,0.3764705882352941,0.0,0.02,14,0.8478260869565217,0.0,1,0,S1-173617483,S2-372790963,S2,0
0,0.26315789473684215,0.31578947368421056,0.3157894736842105,0.0,0.0,12,0.52,0,0.27450980392156865,0.34343434343434337,0.3529411764705882,0.0,0.010526315789473684,32,0.5223880597014925,0.0,0,0,S1-672740883,S3-844238024,S3,0
0,0.2909090909090909,0.36363636363636365,0.36363636363636365,0.0,0.0,5,0.8333333333333334,0,0.25806451612903225,0.29629629629629634,0.25806451612903225,0.0,0.012658227848101266,43,0.36764705882352944,0.0,0,0,S1-116242123,S2-173533123,S2,0
0,0.31999999999999995,0.28,0.28,0.0,0.0,16,0.5151515151515151,0,0.33112582781456956,0.34437086092715236,0.34437086092715236,0.0,0.014388489208633094,63,0.411214953271028,0.0,0,0,S1-912763281,S3-663394036,S3,0
0,0.3076923076923077,0.34615384615384615,0.34615384615384615,0.0,0.0,8,0.7333333333333333,0,0.28985507246376807,0.2898550724637681,0.28985507246376807,0.0,0.0,9,0.7692307692307693,0.0,1,0,S1-102754367,S3-14354533,S3,0
0,0.22857142857142854,0.22857142857142862,0.22857142857142854,0.0,0.0,3,0.8421052631578947,0,0.2545454545454545,0.3090909090909091,0.3090909090909091,0.0,0.0,52,0.35802469135802467,0.0,0,0,S1-800323915,S2-161478936,S2,0
0,0.4117647058823529,0.2941176470588235,0.2941176470588235,0.0,0.0,6,0.7,0,0.33684210526315794,0.35294117647058826,0.2947368421052632,0.07692307692307693,0.05063291139240506,37,0.4393939393939394,0.0,0,0,S1-79971411,S2-405367902,S2,0
0,0.42307692307692313,0.3076923076923077,0.3076923076923077,0.0,0.0,12,0.625,0,0.4,0.4065040650406504,0.41481481481481486,0.043478260869565216,0.03389830508474576,5,0.9285714285714286,0.0,1,0,S1-124864005,S2-97456366,S2,0
0,0.3793103448275862,0.3793103448275862,0.3793103448275862,0.0,0.0,20,0.48717948717948717,0,0.26086956521739135,0.2654867256637168,0.26086956521739135,0.0,0.018867924528301886,59,0.3218390804597701,0.0,0,0,S1-930759394,S2-491549538,S2,0
0,0.07547169811320753,0.08888888888888885,0.07547169811320753,0.0,0.0,13,0.6060606060606061,0,0.2315789473684211,0.3058823529411765,0.2947368421052632,0.0,0.0,29,0.532258064516129,0.0,0,0,S1-313563924,S2-367737787,S2,0
0,0.33333333333333337,0.29629629629629634,0.2962962962962963,0.0,0.0,8,0.7419354838709677,0,0.32258064516129037,0.3548387096774194,0.3548387096774194,0.0,0.0,2,0.9375,0.0,1,0,S1-288000069,S2-423624110,S2,0
0,0.3414634146341463,0.2926829268292683,0.29268292682926833,0.0,0.0,7,0.7083333333333334,0,0.36363636363636365,0.36363636363636365,0.36363636363636365,0.0,0.01639344262295082,10,0.7368421052631579,0.0,1,0,S1-970132699,S2-670660184,S2,0
0,0.17391304347826086,0.17391304347826092,0.17391304347826086,0.0,0.0,5,0.6428571428571429,0,0.3916083916083915,0.45255474452554745,0.4475524475524476,0.0,0.047619047619047616,3,0.958904109589041,0.0,1,0,S1-367175139,S2-464831817,S2,0
0,0.4411764705882353,0.4411764705882353,0.3529411764705882,0.14285714285714285,0.12280701754385964,14,0.6585365853658537,0,0.4427480916030534,0.49056603773584906,0.4274809160305344,0.05263157894736842,0.0625,29,0.6375,0.0,1,0,S1-32444611,S2-825529120,S2,0
0,0.26086956521739135,0.34782608695652173,0.34782608695652173,0.0,0.0,0,1.0,0,0.2807017543859649,0.31578947368421056,0.3157894736842105,0.0,0.0,1,0.9655172413793104,0.0,1,0,S1-169415528,S2-424978826,S2,0
0,0.3555555555555555,0.35555555555555557,0.3555555555555555,0.0,0.0,1,0.9565217391304348,0,0.3106796116504854,0.6206896551724138,0.3106796116504854,0.07142857142857142,0.1375,63,0.24096385542168675,0.0,1,0,S1-928524473,S3-789775372,S3,0
0,0.21739130434782605,0.17391304347826092,0.17391304347826086,0.0,0.0,22,0.35294117647058826,0,0.28301886792452835,0.32075471698113206,0.3207547169811321,0.0,0.0,54,0.325,0.0,0,0,S1-485021101,S2-548004068,S2,0
0,0.2162162162162162,0.27027027027027034,0.2702702702702703,0.0,0.0,23,0.23333333333333334,0,0.2153846153846154,0.2764227642276423,0.2615384615384615,0.0,0.01694915254237288,72,0.2871287128712871,0.0,0,0,S1-331639981,S2-235386543,S2,0
0,0.3278688524590164,0.3278688524590164,0.3278688524590164,0.0,0.0,19,0.525,0,0.3584905660377359,0.3260869565217391,0.3207547169811321,0.0,0.0,10,0.8275862068965517,0.0,0,0,S1-903530714,S2-612158384,S2,0
0,0.38888888888888884,0.33333333333333326,0.33333333333333337,0.0,0.0,0,1.0,0,0.2524271844660194,0.30927835051546393,0.2912621359223301,0.0,0.0,39,0.4507042253521127,0.0,0,0,S1-163098951,S3-656009536,S3,0
0,0.39130434782608686,0.21739130434782608,0.21739130434782605,0.0,0.0,10,0.6428571428571429,0,0.1923076923076923,0.2526315789473684,0.23076923076923073,0.0,0.011363636363636364,56,0.3,0.0,0,0,S1-173931635,S3-671176822,S3,0
0,0.2909090909090909,0.29090909090909095,0.2909090909090909,0.0,0.0,17,0.5277777777777778,0,0.3703703703703704,0.4444444444444444,0.4444444444444444,0.0,0.02666666666666667,9,0.8,0.0,1,0,S1-929948694,S3-490661539,S3,0
0,0.3214285714285714,0.2857142857142857,0.2857142857142857,0.0,0.0,10,0.696969696969697,0,0.36363636363636365,0.3908045977011494,0.36363636363636365,0.0,0.036585365853658534,3,0.9411764705882353,0.0,0,0,S1-952672951,S3-239632838,S3,0
0,0.10909090909090914,0.13333333333333328,0.10909090909090914,0.0,0.0,1,0.9642857142857143,0,0.26190476190476186,0.3513513513513513,0.33333333333333337,0.0,0.0,6,0.8666666666666667,0.0,0,0,S1-713345059,S2-616580767,S2,0
0,0.3728813559322034,0.3728813559322034,0.3728813559322034,0.0,0.0,11,0.6857142857142857,0,0.2857142857142857,0.2926829268292683,0.2857142857142857,0.0,0.034482758620689655,64,0.3263157894736842,0.0,1,0,S1-959007474,S3-36773960,S3,0
0,0.20512820512820518,0.20512820512820512,0.20512820512820518,0.0,0.029411764705882353,11,0.56,0,0.34615384615384615,0.2692307692307692,0.2692307692307693,0.0,0.0,8,0.7333333333333333,0.0,0,0,S1-171589794,S3-341204110,S3,0
0,0.32558139534883723,0.32558139534883723,0.32558139534883723,0.0,0.0,5,0.7916666666666666,0,0.2857142857142857,0.33684210526315794,0.326530612244898,0.0,0.0,30,0.53125,0.0,0,0,S1-922300512,S3-403857676,S3,0
0,0.23255813953488372,0.37209302325581395,0.37209302325581395,0.0,0.0,23,0.30303030303030304,0,0.2921348314606742,0.3953488372093023,0.3820224719101124,0.0,0.0375,15,0.7115384615384616,0.0,0,0,S1-304237712,S2-68989963,S2,0
0,0.5915492957746479,0.5633802816901409,0.5633802816901409,0.14285714285714285,0.15517241379310345,1,0.9722222222222222,0,0.39548022598870053,0.4242424242424242,0.4067796610169492,0.038461538461538464,0.035211267605633804,29,0.7184466019417476,0.0,1,0,S1-670534516,S2-339435606,S2,0
0,0.33898305084745756,0.33898305084745756,0.33898305084745756,0.0,0.0,9,0.7352941176470589,0,0.3571428571428571,0.33333333333333326,0.33333333333333337,0.0,0.025974025974025976,6,0.8666666666666667,0.0,0,0,S1-671644755,S2-17656900,S2,0
0,0.2807017543859649,0.29090909090909095,0.2807017543859649,0.0,0.0,23,0.425,0,0.410958904109589,0.3561643835616438,0.3561643835616438,0.0,0.0,15,0.6590909090909091,0.0,1,0,S1-974635450,S3-792265535,S3,0
0,0.23076923076923073,0.2307692307692308,0.23076923076923073,0.0,0.0,4,0.7333333333333333,0,0.5058823529411764,0.5416666666666666,0.5058823529411764,0.15384615384615385,0.15079365079365079,18,0.8085106382978723,0.0,1,0,S1-750425701,S3-481447062,S3,0
0,0.4761904761904761,0.4761904761904762,0.4761904761904761,0.0,0.0625,7,0.5,0,0.3370786516853933,0.3820224719101124,0.3820224719101124,0.0,0.024691358024691357,33,0.45901639344262296,0.0,0,0,S1-378933539,S2-719242447,S2,0
0,0.4,0.4,0.4,0.0,0.02857142857142857,6,0.7391304347826086,0,0.4117647058823529,0.411764705882353,0.3970588235294118,0.043478260869565216,0.023622047244094488,18,0.7662337662337663,0.0,1,0,S1-466456850,S2-535689553,S2,0
0,0.3076923076923077,0.339622641509434,0.3384615384615385,0.0,0.0,17,0.5853658536585366,0,0.29268292682926833,0.3414634146341463,0.3414634146341463,0.0,0.0,14,0.7083333333333334,0.0,0,0,S1-150487200,S3-269556323,S3,0
0,0.23529411764705888,0.17647058823529405,0.17647058823529416,0.0,0.0,16,0.36,0,0.4067796610169492,0.4067796610169491,0.4067796610169492,0.0,0.0392156862745098,1,0.9666666666666667,0.0,1,0,S1-241944782,S2-148912768,S2,0
0,0.44067796610169496,0.44067796610169496,0.44067796610169496,0.14285714285714285,0.12244897959183673,9,0.7352941176470589,0,0.3668639053254438,0.3668639053254438,0.3668639053254438,0.0,0.02564102564102564,23,0.7604166666666666,0.0,1,0,S1-872492069,S3-899534402,S3,0
0,0.4761904761904761,0.38095238095238093,0.38095238095238093,0.16666666666666666,0.05555555555555555,6,0.75,0,0.2962962962962963,0.3703703703703704,0.3703703703703704,0.0,0.0,12,0.6363636363636364,0.0,1,0,S1-394188828,S2-594548395,S2,0
0,0.631578947368421,0.7142857142857143,0.5263157894736843,0.2222222222222222,0.358974358974359,3,0.9,0,0.41666666666666663,0.437956204379562,0.38888888888888884,0.04,0.06349206349206349,16,0.8,0.0,1,0,S1-803399534,S3-112050925,S3,0
0,0.10526315789473684,0.2105263157894737,0.21052631578947367,0.0,0.0,1,0.9,0,0.38235294117647056,0.35294117647058826,0.3529411764705882,0.0,0.0,2,0.9428571428571428,0.0,1,0,S1-299622719,S2-886548576,S2,0
0,0.26415094339622647,0.2641509433962264,0.26415094339622647,0.0,0.0,5,0.8275862068965517,0,0.30434782608695654,0.26086956521739124,0.26086956521739135,0.0,0.024390243902439025,6,0.7692307692307693,0.0,1,0,S1-41361248,S2-702184470,S2,0
0,0.1132075471698113,0.12244897959183675,0.1132075471698113,0.0,0.0,15,0.5588235294117647,0,0.3392857142857143,0.3214285714285714,0.3214285714285714,0.0,0.049019607843137254,56,0.3333333333333333,0.0,0,0,S1-936353365,S2-876524952,S2,0
0,0.34042553191489366,0.3404255319148936,0.34042553191489366,0.0,0.024390243902439025,19,0.42424242424242425,0,0.36923076923076925,0.4153846153846154,0.41538461538461535,0.0,0.043859649122807015,6,0.9117647058823529,0.0,1,0,S1-272914751,S3-292114478,S3,0
0,0.30434782608695654,0.26086956521739124,0.26086956521739135,0.0,0.0,6,0.7692307692307693,0,0.2222222222222222,0.2321428571428571,0.2063492063492064,0.04,0.038461538461538464,90,0.16666666666666666,0.0,1,0,S1-644919366,S3-230543331,S3,0
0,0.31999999999999995,0.32,0.31999999999999995,0.0,0.0,2,0.9230769230769231,0,0.33333333333333337,0.33333333333333326,0.33333333333333337,0.0,0.0,8,0.7647058823529411,0.0,1,0,S1-793732661,S3-403857676,S3,0
0,0.23529411764705888,0.17647058823529405,0.17647058823529416,0.0,0.0,10,0.5454545454545454,0,0.3555555555555555,0.35555555555555557,0.3555555555555555,0.0,0.0,20,0.6363636363636364,0.0,1,0,S1-753261522,S3-287644101,S3,0
0,0.326530612244898,0.3265306122448979,0.326530612244898,0.0,0.0,3,0.8846153846153846,0,0.21818181818181814,0.2545454545454545,0.2545454545454545,0.0,0.010638297872340425,38,0.4864864864864865,0.0,0,0,S1-174638992,S3-823494216,S3,0
0,0.24489795918367352,0.2448979591836735,0.24489795918367352,0.0,0.022727272727272728,13,0.5806451612903226,0,0.2954545454545454,0.36363636363636365,0.36363636363636365,0.0,0.024691358024691357,32,0.4666666666666667,0.0,0,0,S1-523091030,S2-297912304,S2,0
0,0.3928571428571429,0.2857142857142857,0.2857142857142857,0.0,0.0,6,0.8064516129032258,0,0.3116883116883117,0.33766233766233766,0.33766233766233766,0.0,0.0,11,0.75,0.0,0,0,S1-109749191,S2-68173915,S2,0
0,0.2857142857142857,0.3265306122448979,0.326530612244898,0.0,0.0,5,0.8148148148148148,0,0.40506329113924056,0.43037974683544306,0.430379746835443,0.0,0.013513513513513514,19,0.6122448979591837,0.0,1,0,S1-491605842,S3-772633318,S3,0
0,0.2564102564102564,0.20512820512820512,0.20512820512820518,0.0,0.0,3,0.8571428571428571,0,0.38888888888888884,0.3518518518518519,0.35185185185185186,0.0,0.030612244897959183,32,0.5428571428571428,0.0,0,0,S1-596645286,S2-929866010,S2,0
0,0.3414634146341463,0.3414634146341463,0.3414634146341463,0.0,0.027777777777777776,1,0.9523809523809523,0,0.4193548387096774,0.32258064516129037,0.32258064516129037,0.0,0.017857142857142856,10,0.7222222222222222,0.0,1,0,S1-855715643,S2-997565729,S2,0
0,0.23076923076923073,0.34615384615384615,0.34615384615384615,0.0,0.021739130434782608,12,0.625,0,0.36090225563909767,0.37593984962406013,0.37593984962406013,0.05263157894736842,0.049586776859504134,57,0.4,0.0,0,0,S1-26888032,S3-838948325,S3,0
0,0.4363636363636364,0.43636363636363634,0.4363636363636364,0.0,0.08695652173913043,11,0.6666666666666666,0,0.37142857142857144,0.4,0.4,0.0,0.0,16,0.627906976744186,0.0,1,0,S1-121942909,S2-82049323,S2,0
0,0.39130434782608686,0.26086956521739124,0.26086956521739135,0.0,0.0,6,0.7692307692307693,0,0.2222222222222222,0.24347826086956517,0.23931623931623935,0.0,0.0,63,0.3,0.0,0,0,S1-650154699,S2-684789946,S2,0
0,0.36170212765957444,0.36170212765957444,0.36170212765957444,0.0,0.011363636363636364,8,0.8431372549019608,0,0.34782608695652173,0.34782608695652173,0.34782608695652173,0.0,0.0,9,0.7692307692307693,0.0,1,0,S1-579813772,S2-975397961,S2,0
0,0.30188679245283023,0.339622641509434,0.339622641509434,0.0,0.0,13,0.6060606060606061,0,0.2706766917293233,0.32520325203252026,0.3157894736842105,0.0,0.009009009009009009,63,0.35714285714285715,0.0,0,0,S1-382599611,S2-550057440,S2,0
0,0.375,0.29166666666666674,0.29166666666666663,0.0,0.0,14,0.5483870967741935,0,0.3382352941176471,0.359375,0.3970588235294118,0.04,0.024390243902439025,38,0.5632183908045977,0.0,1,0,S1-676369950,S2-626129436,S2,0
0,0.30434782608695654,0.34782608695652173,0.34782608695652173,0.0,0.0,4,0.84,0,0.5111111111111111,0.5714285714285715,0.5555555555555556,0.14285714285714285,0.18571428571428572,22,0.7821782178217822,0.0,1,0,S1-780357895,S2-184257678,S2,0
0,0.1875,0.1875,0.1875,0.0,0.0,16,0.3333333333333333,0,0.2647058823529411,0.32352941176470595,0.32352941176470584,0.0,0.0,2,0.9428571428571428,0.0,1,0,S1-912391179,S2-844536886,S2,0
0,0.39130434782608686,0.34782608695652173,0.34782608695652173,0.0,0.024390243902439025,2,0.9166666666666666,0,0.36,0.40476190476190477,0.38,0.0,0.012658227848101266,22,0.639344262295082,0.0,0,0,S1-95028535,S2-812274068,S2,0
0,0.2222222222222222,0.27777777777777773,0.2777777777777778,0.0,0.0,2,0.8947368421052632,0,0.3111111111111111,0.3111111111111111,0.3111111111111111,0.0,0.0,5,0.8,0.0,1,0,S1-161708432,S2-108676041,S2,0
0,0.42105263157894735,0.3859649122807018,0.38596491228070173,0.0,0.0,13,0.6285714285714286,0,0.3851851851851852,0.4148148148148148,0.3851851851851852,0.09523809523809523,0.042735042735042736,7,0.9014084507042254,0.2,1,0,S1-4890523,S2-814046768,S2,0
0,0.43137254901960786,0.43137254901960786,0.43137254901960786,0.0,0.14634146341463414,9,0.7,0,0.30927835051546393,0.33734939759036137,0.28865979381443296,0.0,0.0,33,0.49230769230769234,0.0,0,0,S1-351351712,S3-58035658,S3,0
0,0.46808510638297873,0.425531914893617,0.42553191489361697,0.0,0.0,13,0.5666666666666667,0,0.3188405797101449,0.29032258064516125,0.3188405797101449,0.09090909090909091,0.017857142857142856,15,0.6428571428571429,0.0,1,0,S1-785390149,S3-535040855,S3,0
0,0.26315789473684215,0.26315789473684204,0.26315789473684215,0.0,0.030303030303030304,6,0.7272727272727273,0,0.3655913978494624,0.34090909090909094,0.3655913978494624,0.0,0.012048192771084338,25,0.576271186440678,0.0,0,0,S1-29691189,S3-572699035,S3,0
0,0.4074074074074075,0.375,0.4074074074074075,0.0,0.0,12,0.6363636363636364,0,0.4444444444444444,0.5079365079365079,0.5079365079365079,0.0,0.03508771929824561,5,0.8529411764705882,0.0,1,0,S1-232709015,S2-394172161,S2,0
0,0.19999999999999996,0.33333333333333326,0.33333333333333337,0.0,0.0,10,0.5,0,0.36065573770491793,0.36065573770491804,0.36065573770491793,0.0,0.0,1,0.967741935483871,0.0,0,0,S1-158369808,S3-653241096,S3,0
0,0.47272727272727283,0.4727272727272727,0.4,0.14285714285714285,0.09090909090909091,17,0.5277777777777778,0,0.33333333333333337,0.35416666666666674,0.35416666666666663,0.0,0.011235955056179775,14,0.7454545454545455,0.0,1,0,S1-243959318,S3-545181614,S3,0
0,0.2790697674418605,0.32558139534883723,0.32558139534883723,0.0,0.0,1,0.9545454545454546,0,0.2857142857142857,0.31746031746031744,0.31746031746031744,0.0,0.008333333333333333,50,0.4318181818181818,0.0,0,0,S1-159037619,S2-306949188,S2,0
0,0.32432432432432434,0.32432432432432434,0.32432432432432434,0.0,0.0,11,0.5416666666666666,0,0.3821656050955414,0.42038216560509556,0.42038216560509556,0.0,0.02027027027027027,3,0.9625,0.0,1,0,S1-881994585,S3-174723850,S3,0
0,0.22857142857142854,0.22857142857142862,0.22857142857142854,0.0,0.0,3,0.8421052631578947,0,0.417910447761194,0.44776119402985076,0.44776119402985076,0.0,0.0,15,0.6341463414634146,0.0,1,0,S1-966625475,S2-979798833,S2,0
0,0.36363636363636365,0.36363636363636365,0.36363636363636365,0.0,0.01639344262295082,0,1.0,0,0.34666666666666673,0.34666666666666673,0.34666666666666673,0.0,0.0,9,0.7857142857142857,0.0,0,0,S1-121252245,S3-715298556,S3,0
0,0.13793103448275867,0.13793103448275856,0.13793103448275867,0.0,0.0,17,0.2608695652173913,0,0.34883720930232553,0.4186046511627907,0.41860465116279066,0.0,0.012345679012345678,2,0.9545454545454546,0.0,0,0,S1-407942970,S3-128314530,S3,0
0,0.375,0.375,0.375,0.0,0.0,2,0.8823529411764706,0,0.3191489361702128,0.34782608695652173,0.34042553191489366,0.0,0.02531645569620253,20,0.6491228070175439,0.0,0,0,S1-372977984,S3-570565994,S3,0
0,0.3111111111111111,0.2666666666666667,0.2666666666666667,0.0,0.0,7,0.7307692307692307,0,0.2941176470588235,0.38235294117647056,0.38235294117647056,0.0,0.0,0,1.0,0.0,1,0,S1-146644149,S3-641866373,S3,0
0,0.36923076923076925,0.3692307692307692,0.36923076923076925,0.0,0.03389830508474576,11,0.7105263157894737,0,0.3207547169811321,0.3962264150943396,0.37735849056603776,0.05263157894736842,0.041666666666666664,10,0.8275862068965517,0.0,0,0,S1-12060263,S2-124678067,S2,0
0,0.24615384615384617,0.27692307692307694,0.27692307692307694,0.0,0.0,21,0.5116279069767442,0,0.27184466019417475,0.2718446601941747,0.27184466019417475,0.0,0.010309278350515464,41,0.4305555555555556,0.0,0,0,S1-847926148,S3-729592353,S3,0
0,0.3846153846153846,0.34615384615384615,0.34615384615384615,0.0,0.0,2,0.9259259259259259,0,0.24137931034482762,0.31034482758620685,0.31034482758620685,0.0,0.0,2,0.9333333333333333,0.0,1,0,S1-987657709,S3-772633318,S3,0
0,0.3111111111111111,0.35555555555555557,0.3555555555555555,0.0,0.0,15,0.5,0,0.0,0.0,0.0,0.0,0.0,75,0.0,0.0,0,0,S1-328144528,S2-861852657,S2,0
0,0.34782608695652173,0.34782608695652173,0.34782608695652173,0.0,0.058823529411764705,3,0.7692307692307693,0,0.26865671641791045,0.33898305084745756,0.32835820895522383,0.0,0.0,15,0.6341463414634146,0.0,0,0,S1-625035311,S2-659077882,S2,0
0,0.33333333333333337,0.33333333333333326,0.33333333333333337,0.0,0.0,8,0.7142857142857143,0,0.23423423423423428,0.26262626262626254,0.23423423423423428,0.0,0.0,67,0.24719101123595505,0.0,0,0,S1-637408579,S2-714443523,S2,0
0,0.21739130434782605,0.26086956521739124,0.26086956521739135,0.0,0.0,2,0.9166666666666666,0,0.3829787234042554,0.4390243902439025,0.36170212765957444,0.07692307692307693,0.08108108108108109,38,0.42424242424242425,0.0,0,0,S1-708026672,S2-55456490,S2,0
0,0.41509433962264153,0.41509433962264153,0.41509433962264153,0.0,0.09090909090909091,13,0.6060606060606061,0,0.26086956521739135,0.29565217391304344,0.29565217391304344,0.0,0.018691588785046728,61,0.3068181818181818,0.0,0,0,S1-544402267,S2-82049323,S2,0
0,0.36363636363636365,0.303030303030303,0.303030303030303,0.0,0.0,7,0.65,0,0.33898305084745756,0.44067796610169496,0.33898305084745756,0.1,0.1,15,0.5945945945945946,0.0,1,0,S1-688126289,S2-930359877,S2,0
0,0.3529411764705882,0.35294117647058826,0.3529411764705882,0.0,0.045454545454545456,13,0.59375,0,0.30107526881720426,0.3655913978494624,0.3655913978494624,0.125,0.06172839506172839,33,0.47619047619047616,0.5,0,0,S1-6689477,S2-625504057,S2,0
0,0.5357142857142857,0.5714285714285715,0.5714285714285714,0.14285714285714285,0.15555555555555556,4,0.8666666666666667,0,0.17204301075268813,0.19780219780219782,0.19354838709677424,0.0,0.0,47,0.32857142857142857,0.0,1,0,S1-704929969,S3-21861747,S3,0
0,0.29032258064516125,0.32258064516129037,0.32258064516129037,0.0,0.0,6,0.8235294117647058,0,0.4375,0.4375,0.4375,0.0,0.07407407407407407,6,0.8285714285714286,0.0,1,0,S1-249033321,S2-960689868,S2,0
0,0.3793103448275862,0.3793103448275862,0.3793103448275862,0.0,0.018867924528301886,12,0.6571428571428571,0,0.2909090909090909,0.36363636363636365,0.36363636363636365,0.0,0.0,15,0.5714285714285714,0.0,0,0,S1-511595528,S3-789775372,S3,0
0,0.33333333333333337,0.33333333333333326,0.33333333333333337,0.0,0.0,0,1.0,0,0.28148148148148144,0.3007518796992481,0.2962962962962963,0.0,0.0,67,0.33663366336633666,0.0,0,0,S1-897328727,S2-184257678,S2,0
0,0.6129032258064516,0.6818181818181819,0.6774193548387097,0.2857142857142857,0.32558139534883723,4,0.8787878787878788,0,0.36923076923076925,0.3977272727272727,0.4,0.07407407407407407,0.08496732026143791,37,0.6810344827586207,0.0,1,0,S1-306417641,S3-410298473,S3,0
0,0.3571428571428571,0.42857142857142855,0.4285714285714286,0.0,0.0,0,1.0,0,0.25,0.24444444444444444,0.22916666666666663,0.0,0.0,44,0.37142857142857144,0.0,0,0,S1-201757754,S2-464831817,S2,0
0,0.25,0.25,0.25,0.0,0.0,8,0.6666666666666666,0,0.3875968992248062,0.33027522935779813,0.3565891472868217,0.0,0.009433962264150943,7,0.8970588235294118,0.0,1,0,S1-665554462,S3-732948784,S3,0
0,0.25,0.25,0.25,0.0,0.0,0,1.0,0,0.2941176470588235,0.2647058823529412,0.2647058823529411,0.0,0.018867924528301886,14,0.6585365853658537,0.0,1,0,S1-507499943,S3-69942830,S3,0
0,0.4761904761904761,0.4210526315789474,0.38095238095238093,0.0,0.0,9,0.75,0,0.3733333333333333,0.34666666666666673,0.34666666666666673,0.0,0.045454545454545456,34,0.6304347826086957,0.0,1,0,S1-696543258,S2-828221122,S2,0
0,0.375,0.3125,0.3125,0.0,0.0,12,0.45454545454545453,0,0.4761904761904761,0.5333333333333333,0.49523809523809526,0.13333333333333333,0.12222222222222222,5,0.9090909090909091,0.0,1,0,S1-760211351,S3-788386696,S3,0
0,0.17142857142857137,0.22857142857142862,0.22857142857142854,0.0,0.0,23,0.20689655172413793,0,0.3220338983050848,0.411764705882353,0.3898305084745763,0.07142857142857142,0.0449438202247191,22,0.6857142857142857,0.0,1,0,S1-323160369,S3-655739030,S3,0
0,0.31034482758620685,0.31034482758620685,0.31034482758620685,0.0,0.019230769230769232,4,0.8709677419354839,0,0.36111111111111116,0.36111111111111116,0.36111111111111116,0.0,0.0,8,0.8,0.0,1,0,S1-51506315,S2-775196888,S2,0
0,0.2142857142857143,0.2142857142857143,0.2142857142857143,0.0,0.0,2,0.8666666666666667,0,0.43333333333333335,0.43333333333333335,0.43333333333333335,0.0,0.01818181818181818,12,0.6666666666666666,0.0,1,0,S1-867137131,S3-908455141,S3,0
0,0.3111111111111111,0.2666666666666667,0.2666666666666667,0.0,0.025,5,0.8,0,0.31034482758620685,0.3619047619047619,0.3793103448275862,0.0,0.02,18,0.7313432835820896,0.0,0,0,S1-852610601,S3-338149245,S3,0
0,0.23076923076923073,0.25,0.23076923076923073,0.0,0.0,2,0.8571428571428571,0,0.32835820895522383,0.3283582089552239,0.32835820895522383,0.0,0.0,21,0.5227272727272727,0.0,1,0,S1-597849029,S3-451340566,S3,0
0,0.3571428571428571,0.39285714285714285,0.3928571428571429,0.0,0.0,12,0.6470588235294118,0,0.30000000000000004,0.32,0.31999999999999995,0.0,0.010526315789473684,40,0.42857142857142855,0.0,0,0,S1-206236033,S3-111121652,S3,0
0,0.3157894736842105,0.31578947368421056,0.3157894736842105,0.0,0.0,8,0.6521739130434783,0,0.2666666666666667,0.2941176470588235,0.2857142857142857,0.0,0.021505376344086023,45,0.4,0.0,0,0,S1-614616879,S2-244050383,S2,0
0,0.30434782608695654,0.30434782608695654,0.30434782608695654,0.0,0.0,6,0.7692307692307693,0,0.2564102564102564,0.2616822429906541,0.2564102564102564,0.0,0.0,45,0.4444444444444444,0.0,0,0,S1-477029314,S3-331972879,S3,0
0,0.3555555555555555,0.3111111111111111,0.3111111111111111,0.0,0.025,19,0.40625,0,0.3076923076923077,0.34615384615384615,0.34615384615384615,0.0,0.0,16,0.5294117647058824,0.0,1,0,S1-779907701,S2-897140229,S2,0
0,0.4,0.36,0.36,0.0,0.0,18,0.47058823529411764,0,0.34285714285714286,0.3142857142857143,0.3142857142857143,0.0,0.0,6,0.8421052631578947,0.0,1,0,S1-248445672,S3-227147241,S3,0
0,0.2978723404255319,0.3404255319148936,0.34042553191489366,0.0,0.0,11,0.6206896551724138,0,0.19354838709677424,0.29032258064516125,0.29032258064516125,0.0,0.0,4,0.8787878787878788,0.0,1,0,S1-45652496,S2-38121720,S2,0
0,0.11428571428571432,0.11428571428571431,0.11428571428571432,0.0,0.0,1,0.9444444444444444,0,0.3157894736842105,0.3370786516853933,0.33684210526315794,0.0,0.011764705882352941,27,0.5573770491803278,0.0,0,0,S1-530950848,S2-243502071,S2,0
0,0.4193548387096774,0.41935483870967744,0.4193548387096774,0.0,0.05454545454545454,8,0.7714285714285715,0,0.0,0.0,0.0,0.0,0.0,71,0.0,0.0,0,0,S1-898149945,S3-554277460,S3,0
0,0.3571428571428571,0.3571428571428571,0.3571428571428571,0.0,0.043478260869565216,6,0.6470588235294118,0,0.3287671232876712,0.3835616438356164,0.3835616438356164,0.0,0.06153846153846154,3,0.9210526315789473,0.0,1,0,S1-17825317,S3-583741602,S3,0
0,0.33333333333333337,0.3703703703703704,0.3703703703703704,0.125,0.06382978723404255,18,0.5,0,0.303030303030303,0.48484848484848486,0.48484848484848486,0.0,0.0,6,0.8333333333333334,0.0,1,0,S1-242165186,S3-490661539,S3,0
0,0.5,0.4722222222222222,0.4444444444444444,0.09090909090909091,0.13333333333333333,6,0.8461538461538461,0,0.32258064516129037,0.36363636363636365,0.33870967741935487,0.05,0.035398230088495575,20,0.7222222222222222,0.0,1,0,S1-380561630,S2-68989963,S2,0
0,0.23809523809523814,0.2857142857142857,0.2857142857142857,0.0,0.0,24,0.2727272727272727,0,0.3448275862068966,0.31034482758620685,0.31034482758620685,0.0,0.038461538461538464,6,0.8125,0.0,1,0,S1-374094994,S3-360016551,S3,0
0,0.2222222222222222,0.2222222222222223,0.2222222222222222,0.0,0.0,6,0.7142857142857143,0,0.36363636363636365,0.4,0.4,0.0,0.02,3,0.896551724137931,0.0,1,0,S1-409343338,S2-738154441,S2,0
0,0.33333333333333337,0.4074074074074074,0.4074074074074075,0.0,0.0,2,0.9285714285714286,0,0.0,0.0,0.0,0.0,0.0,63,0.0,0.0,0,0,S1-611352588,S2-188233867,S2,0
0,0.6666666666666667,0.6349206349206349,0.5714285714285714,0.2857142857142857,0.28888888888888886,7,0.8,0,0.34426229508196726,0.3361344537815125,0.3278688524590164,0.0,0.0,22,0.6944444444444444,0.0,1,0,S1-51251327,S3-866599836,S3,0
0,0.26315789473684215,0.26315789473684204,0.26315789473684215,0.0,0.0,6,0.7272727272727273,0,0.2947368421052632,0.3448275862068965,0.33684210526315794,0.0,0.012658227848101266,33,0.484375,0.0,0,0,S1-870470165,S2-457350212,S2,0
0,0.26315789473684215,0.33333333333333326,0.3157894736842105,0.0,0.03125,6,0.7272727272727273,0,0.0,0.0,0.0,0.0,0.0,65,0.0,0.0,0,0,S1-1555994,S2-104060035,S2,0
0,0.3548387096774194,0.3548387096774194,0.3548387096774194,0.0,0.0,2,0.9375,0,0.375,0.40625,0.40625,0.0,0.0,4,0.8823529411764706,0.0,0,0,S1-475926100,S3-823051565,S3,0
0,0.3414634146341463,0.31707317073170727,0.31707317073170727,0.0,0.043478260869565216,16,0.673469387755102,0,0.21052631578947367,0.368421052631579,0.368421052631579,0.0,0.0,2,0.9,0.0,1,0,S1-187892209,S2-830871728,S2,0
0,0.3783783783783784,0.27027027027027034,0.2702702702702703,0.0,0.0,3,0.85,0,0.3165467625899281,0.32558139534883723,0.3309352517985612,0.0,0.008130081300813009,39,0.5617977528089888,0.0,0,0,S1-312608067,S3-920704688,S3,0
0,0.2941176470588235,0.2941176470588235,0.2941176470588235,0.0,0.034482758620689655,10,0.5454545454545454,0,0.3278688524590164,0.3278688524590164,0.3278688524590164,0.0,0.01818181818181818,5,0.8484848484848485,0.0,1,0,S1-761498123,S2-29956562,S2,0
0,0.368421052631579,0.368421052631579,0.368421052631579,0.0,0.0,14,0.46153846153846156,0,0.32727272727272727,0.3272727272727273,0.32727272727272727,0.0,0.0,11,0.6666666666666666,0.0,1,0,S1-411744098,S2-290766078,S2,0
0,0.27692307692307694,0.3076923076923077,0.3076923076923077,0.0,0.0,11,0.7105263157894737,0,0.2417582417582418,0.21978021978021972,0.21978021978021978,0.0,0.012048192771084338,53,0.2638888888888889,0.0,0,0,S1-338595013,S2-78041196,S2,0
0,0.2222222222222222,0.3703703703703704,0.3703703703703704,0.0,0.0,1,0.9285714285714286,0,0.0,0.0,0.0,0.0,0.0,46,0.0,0.0,1,0,S1-187157067,S2-467496543,S2,0
0,0.35,0.35,0.35,0.0,0.0,14,0.48148148148148145,0,0.33333333333333337,0.36666666666666664,0.3666666666666667,0.0,0.037037037037037035,4,0.875,0.0,1,0,S1-196750649,S2-571730636,S2,0
0,0.15384615384615385,0.19230769230769226,0.1923076923076923,0.0,0.0,32,0.23809523809523808,0,0.2962962962962963,0.33333333333333326,0.33333333333333337,0.0,0.0,10,0.6875,0.0,1,0,S1-408887024,S3-176635878,S3,0
0,0.3703703703703704,0.4074074074074074,0.4074074074074075,0.0,0.02040816326530612,6,0.8,0,0.3188405797101449,0.3768115942028985,0.3768115942028986,0.0,0.031746031746031744,9,0.7692307692307693,0.0,1,0,S1-34112506,S2-341793475,S2,0
0,0.33898305084745756,0.33898305084745756,0.33898305084745756,0.0,0.0,7,0.7878787878787878,0,0.32558139534883723,0.33870967741935487,0.3410852713178295,0.0,0.008771929824561403,33,0.5925925925925926,0.0,0,0,S1-369505633,S3-34997078,S3,0
0,0.375,0.375,0.375,0.0,0.0,2,0.92,0,0.30927835051546393,0.31460674157303375,0.28865979381443296,0.0,0.0,29,0.5396825396825397,0.0,0,0,S1-326676283,S3-110626945,S3,0
0,0.2857142857142857,0.2857142857142857,0.2857142857142857,0.0,0.0,1,0.9444444444444444,0,0.27522935779816515,0.2935779816513761,0.29357798165137616,0.0,0.02,51,0.3625,0.0,0,0,S1-203735826,S2-538927986,S2,0
0,0.33898305084745756,0.33898305084745756,0.33898305084745756,0.0,0.03773584905660377,21,0.475,0,0.37168141592920356,0.4247787610619469,0.4247787610619469,0.0,0.0,3,0.9482758620689655,0.0,0,0,S1-476862991,S3-721704284,S3,0
0,0.4897959183673469,0.6122448979591837,0.40816326530612246,0.25,0.18421052631578946,11,0.6333333333333333,0,0.31775700934579443,0.3551401869158879,0.3551401869158879,0.0,0.030612244897959183,31,0.5507246376811594,0.0,1,0,S1-440708636,S3-539615618,S3,0
0,0.38095238095238093,0.34920634920634924,0.3492063492063492,0.0,0.017241379310344827,5,0.8529411764705882,0,0.275,0.3,0.30000000000000004,0.0,0.0,38,0.3559322033898305,0.0,0,0,S1-649203126,S2-671977732,S2,0
0,0.34782608695652173,0.3768115942028985,0.3768115942028986,0.0,0.03333333333333333,7,0.8157894736842105,0,0.3058823529411765,0.3294117647058823,0.3294117647058824,0.0,0.01282051282051282,19,0.6346153846153846,0.0,0,0,S1-5885313,S2-277702800,S2,0
0,0.33333333333333337,0.4074074074074074,0.4074074074074075,0.0,0.0,20,0.4594594594594595,0,0.3076923076923077,0.3692307692307692,0.36923076923076925,0.0,0.0,17,0.5853658536585366,0.0,1,0,S1-858885586,S2-383453319,S2,0
0,0.2702702702702703,0.27027027027027034,0.2702702702702703,0.0,0.0,3,0.85,0,0.30107526881720426,0.3870967741935484,0.3870967741935484,0.0,0.0,33,0.47619047619047616,0.0,0,0,S1-747503946,S2-116746566,S2,0
0,0.30434782608695654,0.34782608695652173,0.34782608695652173,0.0,0.024390243902439025,10,0.6428571428571429,0,0.3770491803278688,0.4210526315789474,0.4098360655737705,0.0,0.0380952380952381,12,0.8208955223880597,0.0,1,0,S1-544006279,S2-393565900,S2,0
0,0.37209302325581395,0.37209302325581395,0.37209302325581395,0.0,0.0,1,0.9545454545454546,0,0.2545454545454545,0.2545454545454545,0.2545454545454545,0.0,0.0,1,0.9642857142857143,0.0,1,0,S1-185462186,S2-747386079,S2,0
0,0.2666666666666667,0.33333333333333326,0.33333333333333337,0.0,0.0,4,0.7647058823529411,0,0.3076923076923077,0.3692307692307692,0.36923076923076925,0.0,0.016666666666666666,9,0.7567567567567568,0.0,1,0,S1-119359380,S2-478459534,S2,0
0,0.33333333333333337,0.2857142857142857,0.2857142857142857,0.0,0.0,10,0.6153846153846154,0,0.3132530120481928,0.31168831168831174,0.28915662650602414,0.0,0.0,33,0.43103448275862066,0.0,0,0,S1-542203310,S3-318219841,S3,0
0,0.3125,0.3125,0.3125,0.0,0.0,0,1.0,0,0.3555555555555555,0.4,0.4,0.0,0.024096385542168676,4,0.9148936170212766,0.0,1,0,S1-88944659,S2-898529248,S2,0
0,0.20408163265306123,0.16326530612244894,0.16326530612244894,0.0,0.0,29,0.2564102564102564,0,0.3695652173913043,0.4130434782608695,0.4130434782608695,0.0,0.011764705882352941,22,0.6140350877192983,0.0,0,0,S1-429258673,S3-150587635,S3,0
0,0.2666666666666667,0.2666666666666667,0.2666666666666667,0.0,0.0,19,0.40625,0,0.3801652892561983,0.38016528925619836,0.3305785123966942,0.05263157894736842,0.045871559633027525,25,0.6575342465753424,0.0,1,0,S1-522949392,S2-152438628,S2,0
0,0.3928571428571429,0.3571428571428571,0.3571428571428571,0.0,0.0,10,0.696969696969697,0,0.375,0.45,0.44999999999999996,0.0,0.014492753623188406,4,0.9047619047619048,0.0,1,0,S1-835114405,S3-762194583,S3,0
0,0.34285714285714286,0.35294117647058826,0.34285714285714286,0.0,0.0,18,0.5909090909090909,0,0.2727272727272727,0.27272727272727265,0.2727272727272727,0.0,0.0,10,0.7368421052631579,0.0,0,0,S1-529628394,S3-26312400,S3,0
0,0.33333333333333337,0.27777777777777773,0.2777777777777778,0.0,0.0,6,0.7142857142857143,0,0.3973509933774835,0.4794520547945206,0.4768211920529801,0.07407407407407407,0.0916030534351145,31,0.6593406593406593,0.0,1,0,S1-900839250,S3-929043414,S3,0
0,0.4324324324324324,0.3783783783783784,0.3783783783783784,0.0,0.0,5,0.7619047619047619,0,0.31304347826086953,0.3571428571428571,0.34782608695652173,0.05,0.038834951456310676,39,0.4935064935064935,0.0,0,0,S1-528688338,S2-812482291,S2,0
0,0.27586206896551724,0.20689655172413793,0.2068965517241379,0.0,0.0,1,0.9333333333333333,0,0.3448275862068966,0.31034482758620685,0.31034482758620685,0.0,0.018867924528301886,10,0.7058823529411765,0.0,1,0,S1-81498748,S2-384128303,S2,0
0,0.3076923076923077,0.4102564102564103,0.41025641025641024,0.0,0.0,3,0.8571428571428571,0,0.2990654205607477,0.3125,0.31775700934579443,0.0,0.02197802197802198,13,0.7833333333333333,0.0,0,0,S1-610840709,S3-221346848,S3,0
0,0.18181818181818177,0.16326530612244894,0.1454545454545455,0.0,0.0,19,0.4864864864864865,0,0.303030303030303,0.3294117647058823,0.303030303030303,0.0,0.0,37,0.45588235294117646,0.0,0,0,S1-291742839,S2-153978707,S2,0
0,0.3703703703703704,0.29629629629629634,0.2962962962962963,0.0,0.0,2,0.9285714285714286,0,0.2650602409638554,0.2641509433962264,0.2530120481927711,0.0,0.014184397163120567,98,0.25757575757575757,0.0,0,0,S1-268756044,S3-641866373,S3,0
0,0.3137254901960784,0.3921568627450981,0.3921568627450981,0.0,0.0,7,0.7586206896551724,0,0.31858407079646023,0.4,0.3893805309734514,0.0,0.020618556701030927,21,0.6865671641791045,0.0,1,0,S1-174720991,S2-128214234,S2,0
0,0.49122807017543857,0.5614035087719298,0.5614035087719298,0.14285714285714285,0.1276595744680851,1,0.9655172413793104,0,0.4074074074074075,0.4358974358974359,0.3703703703703704,0.07407407407407407,0.058394160583941604,32,0.6701030927835051,0.0,1,0,S1-518033624,S3-669784629,S3,0
0,0.32432432432432434,0.27027027027027034,0.2702702702702703,0.0,0.0,1,0.9473684210526315,0,0.3962264150943396,0.4356435643564357,0.3962264150943396,0.058823529411764705,0.07777777777777778,12,0.7966101694915254,0.0,1,0,S1-249781588,S3-939035862,S3,0
0,0.3589743589743589,0.25641025641025633,0.2564102564102564,0.0,0.030303030303030304,15,0.4444444444444444,0,0.25263157894736843,0.31460674157303375,0.3157894736842105,0.0,0.011904761904761904,35,0.46153846153846156,0.0,0,0,S1-193434860,S3-746184063,S3,0
0,0.19512195121951215,0.24390243902439024,0.24390243902439024,0.0,0.0,15,0.4642857142857143,0,0.3055555555555556,0.41666666666666663,0.41666666666666663,0.09090909090909091,0.08064516129032258,4,0.8947368421052632,0.0,1,0,S1-758712618,S3-407057632,S3,0
0,0.39130434782608686,0.26086956521739124,0.26086956521739135,0.0,0.0,10,0.6428571428571429,0,0.3098591549295775,0.3661971830985915,0.3661971830985915,0.0,0.015384615384615385,9,0.775,0.0,1,0,S1-20645994,S3-620211082,S3,0
0,0.5306122448979591,0.5833333333333334,0.40816326530612246,0.3333333333333333,0.15384615384615385,15,0.53125,0,0.27368421052631575,0.22727272727272735,0.25263157894736843,0.0,0.0,41,0.39705882352941174,0.0,1,0,S1-744119363,S3-535040855,S3,0
0,0.48,0.48,0.48,0.0,0.022222222222222223,16,0.5151515151515151,0,0.4878048780487805,0.5123966942148761,0.5365853658536586,0.047619047619047616,0.08823529411764706,9,0.8636363636363636,0.0,1,0,S1-513103795,S3-570565994,S3,0
0,0.4324324324324324,0.4324324324324324,0.4324324324324324,0.0,0.03125,1,0.9473684210526315,0,0.34782608695652173,0.34782608695652173,0.34782608695652173,0.0,0.0,3,0.9166666666666666,0.0,1,0,S1-366676537,S2-792431057,S2,0
0,0.2727272727272727,0.27272727272727265,0.2727272727272727,0.0,0.0,14,0.5172413793103449,0,0.2786885245901639,0.30630630630630634,0.29508196721311475,0.0,0.009433962264150943,60,0.34065934065934067,0.0,0,0,S1-138256012,S3-180601134,S3,0
0,0.3076923076923077,0.3076923076923077,0.3076923076923077,0.0,0.0,2,0.8571428571428571,0,0.43333333333333335,0.33333333333333326,0.33333333333333337,0.0,0.037037037037037035,8,0.7647058823529411,0.0,1,0,S1-415434182,S2-426580407,S2,0
0,0.33333333333333337,0.29166666666666674,0.29166666666666663,0.0,0.0,4,0.8461538461538461,0,0.3125,0.3296703296703296,0.3125,0.0,0.025974025974025976,42,0.391304347826087,0.0,0,0,S1-224461326,S2-747386079,S2,0
0,0.2272727272727273,0.3181818181818181,0.31818181818181823,0.0,0.0,10,0.6296296296296297,0,0.3142857142857143,0.42857142857142855,0.34285714285714286,0.1,0.06451612903225806,12,0.7073170731707317,0.0,1,0,S1-569665453,S3-382541297,S3,0
0,0.31818181818181823,0.36363636363636365,0.36363636363636365,0.0,0.02564102564102564,12,0.5714285714285714,0,0.30508474576271183,0.33898305084745756,0.33898305084745756,0.0,0.0,3,0.9032258064516129,0.0,1,0,S1-202405174,S2-172528258,S2,0
0,0.24615384615384617,0.31746031746031744,0.3076923076923077,0.0,0.0,5,0.8571428571428571,0,0.3733333333333333,0.4,0.4,0.0,0.014492753623188406,3,0.9230769230769231,0.0,1,0,S1-822778831,S3-203050966,S3,0
0,0.23076923076923073,0.3076923076923077,0.3076923076923077,0.0,0.0,2,0.8571428571428571,0,0.3943661971830986,0.5070422535211268,0.5070422535211268,0.08333333333333333,0.11864406779661017,13,0.6904761904761905,0.0,1,0,S1-25565158,S2-154544809,S2,0
0,0.125,0.13043478260869562,0.125,0.0,0.0,8,0.7142857142857143,0,0.28767123287671237,0.31007751937984496,0.28767123287671237,0.0,0.007936507936507936,68,0.3644859813084112,0.0,1,0,S1-287981053,S2-486649886,S2,0
0,0.4675324675324676,0.576923076923077,0.49350649350649356,0.2857142857142857,0.21666666666666667,3,0.925,0,0.3484848484848485,0.46969696969696967,0.46969696969696967,0.037037037037037035,0.07627118644067797,42,0.5172413793103449,0.0,1,0,S1-397267504,S3-556381574,S3,0
0,0.25806451612903225,0.2580645161290323,0.25806451612903225,0.0,0.0,3,0.8235294117647058,0,0.2962962962962963,0.3703703703703704,0.3703703703703704,0.0,0.013157894736842105,19,0.62,0.0,1,0,S1-746522155,S3-412647181,S3,0
0,0.3921568627450981,0.3137254901960784,0.3137254901960784,0.0,0.0,3,0.8888888888888888,0,0.33898305084745756,0.3728813559322034,0.3728813559322034,0.0,0.018518518518518517,1,0.9666666666666667,0.0,1,0,S1-349437022,S2-668971442,S2,0
0,0.3157894736842105,0.26315789473684204,0.26315789473684215,0.0,0.030303030303030304,12,0.52,0,0.25225225225225223,0.27027027027027034,0.2702702702702703,0.0,0.009523809523809525,61,0.29069767441860467,0.0,0,0,S1-189323129,S2-82587588,S2,0
0,0.3666666666666667,0.4,0.4,0.0,0.0,10,0.7142857142857143,0,0.2727272727272727,0.3,0.2727272727272727,0.0,0.0,26,0.543859649122807,0.0,0,0,S1-529667943,S2-83501488,S2,0
0,0.33333333333333337,0.33333333333333326,0.33333333333333337,0.0,0.0,2,0.8947368421052632,0,0.27522935779816515,0.2568807339449542,0.25688073394495414,0.0,0.0,47,0.3974358974358974,0.0,0,0,S1-823931315,S2-1550441,S2,0
0,0.08695652173913049,0.09523809523809518,0.08695652173913049,0.0,0.0,10,0.6428571428571429,0,0.30508474576271183,0.4,0.3728813559322034,0.0,0.0,44,0.4567901234567901,0.0,0,0,S1-100363220,S3-260433395,S3,0
0,0.1132075471698113,0.12765957446808515,0.1132075471698113,0.0,0.0,3,0.8928571428571429,0,0.27118644067796616,0.3233532934131736,0.30508474576271183,0.0,0.012658227848101266,101,0.2733812949640288,0.0,1,0,S1-82698603,S3-753886555,S3,0
0,0.21818181818181814,0.2553191489361703,0.21818181818181814,0.0,0.0,15,0.5714285714285714,0,0.29729729729729726,0.27027027027027034,0.2702702702702703,0.0,0.0,12,0.7209302325581395,0.0,0,0,S1-368613980,S2-177759317,S2,0
0,0.4117647058823529,0.4615384615384615,0.4117647058823529,0.25,0.07142857142857142,14,0.4166666666666667,0,0.3529411764705882,0.38235294117647056,0.38235294117647056,0.0,0.03278688524590164,2,0.9428571428571428,0.0,1,0,S1-635797368,S2-153895287,S2,0
0,0.19999999999999996,0.2,0.19999999999999996,0.0,0.0,10,0.6,0,0.33333333333333337,0.303030303030303,0.303030303030303,0.0,0.01639344262295082,2,0.9411764705882353,0.0,1,0,S1-89331735,S3-285547874,S3,0
0,0.2857142857142857,0.3265306122448979,0.326530612244898,0.0,0.0,9,0.6896551724137931,0,0.2753623188405797,0.3361344537815125,0.30434782608695654,0.0,0.0,74,0.3018867924528302,0.0,0,0,S1-177028841,S2-431793612,S2,0
0,0.0,0.0,0.0,0.0,0.0,3,0.7,0,0.4307692307692308,0.4,0.4,0.0,0.0,3,0.9117647058823529,0.0,1,0,S1-775357022,S3-307371430,S3,0
0,0.33333333333333337,0.29629629629629634,0.2962962962962963,0.0,0.0,14,0.5882352941176471,0,0.26086956521739135,0.3111111111111111,0.30434782608695654,0.0,0.007936507936507936,58,0.40816326530612246,0.0,0,0,S1-872596687,S3-964001933,S3,0
0,0.326530612244898,0.3265306122448979,0.326530612244898,0.0,0.0,7,0.75,0,0.2637362637362637,0.2857142857142857,0.2857142857142857,0.0,0.0,1,0.9782608695652174,0.0,0,0,S1-323501301,S2-1034321,S2,0
0,0.16666666666666663,0.1666666666666667,0.16666666666666663,0.0,0.0,16,0.2,0,0.3278688524590164,0.39344262295081966,0.39344262295081966,0.0,0.0,13,0.6486486486486487,0.0,1,0,S1-552995107,S2-515192548,S2,0
0,0.36,0.32,0.31999999999999995,0.0,0.0,10,0.6666666666666666,0,0.30434782608695654,0.3260869565217391,0.32608695652173914,0.0,0.023809523809523808,22,0.6140350877192983,0.0,0,0,S1-946351469,S2-550057440,S2,0
0,0.3783783783783784,0.21621621621621628,0.2162162162162162,0.0,0.03125,5,0.7619047619047619,0,0.0,0.0,0.0,0.0,0.0,57,0.0,0.0,1,0,S1-663732717,S2-804591095,S2,0
0,0.2857142857142857,0.2857142857142857,0.2857142857142857,0.0,0.0,18,0.4,0,0.3296703296703297,0.2637362637362638,0.2637362637362637,0.0,0.0,33,0.46774193548387094,0.0,0,0,S1-93857692,S2-154544809,S2,0
0,0.2857142857142857,0.3673469387755102,0.36734693877551017,0.0,0.0,13,0.5806451612903226,0,0.2692307692307693,0.3673469387755102,0.34615384615384615,0.0,0.03333333333333333,42,0.4246575342465753,0.0,0,0,S1-715009797,S3-295296427,S3,0
0,0.28,0.19512195121951223,0.28,0.0,0.0,12,0.6129032258064516,0,0.27450980392156865,0.2826086956521739,0.2549019607843137,0.0,0.0,42,0.4166666666666667,0.0,0,0,S1-429568466,S2-809209547,S2,0
0,0.339622641509434,0.37735849056603776,0.37735849056603776,0.0,0.0,9,0.7096774193548387,0,0.3013698630136986,0.3013698630136986,0.3013698630136986,0.0,0.014925373134328358,5,0.8717948717948718,0.0,1,0,S1-520121643,S2-595265455,S2,0
0,0.32558139534883723,0.32558139534883723,0.32558139534883723,0.0,0.0,9,0.6538461538461539,0,0.29885057471264365,0.2857142857142857,0.27586206896551724,0.0,0.0,23,0.5818181818181818,0.0,0,0,S1-986977764,S2-556143898,S2,0
0,0.32258064516129037,0.33333333333333326,0.29032258064516125,0.07692307692307693,0.0,26,0.4090909090909091,0,0.25,0.2083333333333333,0.20833333333333337,0.0,0.0,16,0.5,0.0,1,0,S1-3844383,S3-143106120,S3,0
0,0.4444444444444444,0.5,0.4444444444444444,0.16666666666666666,0.06666666666666667,8,0.6363636363636364,0,0.32258064516129037,0.32258064516129037,0.32258064516129037,0.0,0.0,18,0.55,0.0,1,0,S1-525286696,S2-802857714,S2,0
0,0.4705882352941176,0.4411764705882353,0.4411764705882353,0.0,0.03225806451612903,8,0.7894736842105263,0,0.3555555555555555,0.35200000000000004,0.3407407407407408,0.0,0.034482758620689655,27,0.6666666666666666,0.0,1,0,S1-255599185,S3-346957868,S3,0
0,0.23076923076923073,0.2692307692307692,0.2692307692307693,0.0,0.0,8,0.7333333333333333,0,0.32758620689655177,0.32758620689655177,0.32758620689655177,0.0,0.0,18,0.7313432835820896,0.0,0,0,S1-820114,S3-175264768,S3,0
0,0.27450980392156865,0.3137254901960784,0.3137254901960784,0.0,0.0,5,0.8214285714285714,0,0.3098591549295775,0.4,0.3943661971830986,0.0,0.017543859649122806,21,0.5434782608695652,0.0,1,0,S1-694337058,S2-235413556,S2,0
0,0.42307692307692313,0.5833333333333334,0.4615384615384615,0.16666666666666666,0.14285714285714285,18,0.4857142857142857,0,0.42500000000000004,0.475,0.44999999999999996,0.043478260869565216,0.06428571428571428,14,0.8390804597701149,0.0,1,0,S1-362201477,S2-480586164,S2,0
0,0.34782608695652173,0.34782608695652173,0.34782608695652173,0.0,0.0,2,0.9166666666666666,0,0.3076923076923077,0.33333333333333326,0.33333333333333337,0.0,0.0,6,0.8571428571428571,0.0,0,0,S1-628380782,S2-477660733,S2,0
0,0.36,0.36,0.36,0.0,0.0,10,0.6666666666666666,0,0.26315789473684215,0.25,0.24561403508771928,0.0,0.01020408163265306,56,0.3411764705882353,0.0,0,0,S1-756764706,S3-740119517,S3,0
0,0.29166666666666663,0.25,0.25,0.0,0.0,2,0.92,0,0.3218390804597702,0.32183908045977005,0.3218390804597702,0.0,0.0,29,0.5,0.0,0,0,S1-685347226,S2-815691165,S2,0
0,0.24390243902439024,0.2926829268292683,0.29268292682926833,0.0,0.0,3,0.8636363636363636,0,0.3902439024390244,0.4146341463414634,0.41463414634146345,0.0,0.0,14,0.7083333333333334,0.0,1,0,S1-922849943,S2-34542225,S2,0
0,0.2941176470588235,0.2941176470588235,0.2941176470588235,0.0,0.0,0,1.0,0,0.36363636363636365,0.37398373983739835,0.36363636363636365,0.0,0.01680672268907563,41,0.5543478260869565,0.0,0,0,S1-890289335,S2-235409416,S2,0
0,0.3448275862068966,0.3793103448275862,0.3793103448275862,0.0,0.0,4,0.8709677419354839,0,0.24444444444444446,0.29885057471264376,0.28888888888888886,0.0,0.0,32,0.47540983606557374,0.0,0,0,S1-412793162,S3-767675710,S3,0
0,0.3921568627450981,0.3921568627450981,0.3921568627450981,0.0,0.0,1,0.9615384615384616,0,0.34285714285714286,0.3428571428571429,0.34285714285714286,0.0,0.020202020202020204,43,0.4189189189189189,0.0,0,0,S1-729177893,S2-785403112,S2,0
0,0.3492063492063492,0.31746031746031744,0.31746031746031744,0.0,0.0,3,0.9090909090909091,0,0.34632034632034636,0.32432432432432434,0.3116883116883117,0.0,0.014492753623188406,71,0.5298013245033113,0.25,1,0,S1-968565892,S2-971154847,S2,0
0,0.19354838709677424,0.2580645161290323,0.25806451612903225,0.0,0.0,21,0.19230769230769232,0,0.33333333333333337,0.33333333333333326,0.33333333333333337,0.0,0.0,8,0.7419354838709677,0.0,0,0,S1-828555604,S3-526459565,S3,0
0,0.35820895522388063,0.2985074626865672,0.29850746268656714,0.0,0.0,3,0.9142857142857143,0,0.2666666666666667,0.3185840707964601,0.31666666666666665,0.0,0.009433962264150943,34,0.5584415584415584,0.0,0,0,S1-260291896,S2-937600087,S2,0
0,0.21739130434782605,0.26086956521739124,0.26086956521739135,0.0,0.0,4,0.84,0,0.27522935779816515,0.3119266055045871,0.3119266055045872,0.0,0.0,51,0.3625,0.0,0,0,S1-713026954,S2-997224352,S2,0
0,0.3902439024390244,0.3414634146341463,0.3414634146341463,0.0,0.027777777777777776,3,0.8636363636363636,0,0.2828282828282829,0.32258064516129037,0.3232323232323232,0.0,0.0,23,0.6229508196721312,0.0,0,0,S1-953416889,S3-797134437,S3,0
0,0.18604651162790697,0.1395348837209302,0.13953488372093026,0.0,0.0,1,0.9545454545454546,0,0.3414634146341463,0.3414634146341463,0.3414634146341463,0.0,0.0,40,0.3442622950819672,0.0,1,0,S1-965677631,S2-239129993,S2,0
0,0.24,0.24,0.24,0.0,0.0,5,0.6666666666666666,0,0.37142857142857144,0.4,0.4,0.0,0.031746031746031744,12,0.7073170731707317,0.0,1,0,S1-102798651,S2-935921030,S2,0
0,0.1159420289855072,0.14545454545454548,0.1159420289855072,0.0,0.0,9,0.7692307692307693,0,0.23853211009174313,0.2568807339449542,0.25688073394495414,0.0,0.009615384615384616,51,0.3625,0.0,0,0,S1-680670421,S3-446265810,S3,0
0,0.16666666666666663,0.1666666666666667,0.16666666666666663,0.0,0.0,18,0.14285714285714285,0,0.4285714285714286,0.37142857142857144,0.37142857142857144,0.0,0.0,0,1.0,0.0,1,0,S1-191453429,S3-104959557,S3,0
0,0.3125,0.375,0.375,0.0,0.0,2,0.8823529411764706,0,0.36363636363636365,0.4318181818181818,0.4318181818181818,0.0,0.024390243902439025,0,1.0,0.0,1,0,S1-261093790,S3-317962776,S3,0
0,0.36363636363636365,0.36363636363636365,0.36363636363636365,0.0,0.0,15,0.5714285714285714,0,0.42105263157894735,0.31578947368421056,0.3157894736842105,0.0,0.0,1,0.9655172413793104,0.0,1,0,S1-865933830,S3-185995352,S3,0
0,0.25806451612903225,0.19354838709677424,0.19354838709677424,0.0,0.0,9,0.55,0,0.3561643835616438,0.3561643835616438,0.3561643835616438,0.0,0.029850746268656716,5,0.8717948717948718,0.0,1,0,S1-182919768,S2-753543195,S2,0
0,0.3414634146341463,0.3414634146341463,0.3414634146341463,0.0,0.0,13,0.5185185185185185,0,0.3896103896103897,0.4025974025974026,0.4025974025974026,0.0,0.027972027972027972,16,0.8117647058823529,0.0,1,0,S1-282104837,S3-999408280,S3,0
0,0.326530612244898,0.2857142857142857,0.2857142857142857,0.0,0.022727272727272728,1,0.96,0,0.31746031746031744,0.34920634920634924,0.3492063492063492,0.0,0.0,15,0.6153846153846154,0.0,1,0,S1-436178004,S3-60110118,S3,0
0,0.2857142857142857,0.2857142857142857,0.2857142857142857,0.0,0.0,1,0.9444444444444444,0,0.0,0.0,0.0,0.0,0.0,24,0.0,0.0,0,0,S1-347895587,S2-705739058,S2,0
0,0.4545454545454546,0.36363636363636365,0.36363636363636365,0.0,0.0,4,0.8333333333333334,0,0.0,0.0,0.0,0.0,0.0,30,0.0,0.0,1,0,S1-747012862,S2-322957572,S2,0
0,0.367816091954023,0.29885057471264376,0.29885057471264365,0.0,0.0125,29,0.5,0,0.27586206896551724,0.31168831168831174,0.3218390804597702,0.0,0.0,13,0.74,0.0,0,0,S1-731128198,S3-797272195,S3,0
0,0.4242424242424242,0.36363636363636365,0.36363636363636365,0.2,0.03571428571428571,5,0.7368421052631579,0,0.33333333333333337,0.3859649122807018,0.3939393939393939,0.0,0.0,4,0.8857142857142857,0.0,1,0,S1-111287870,S2-234787766,S2,0
0,0.27586206896551724,0.3448275862068965,0.3448275862068966,0.0,0.041666666666666664,19,0.20833333333333334,0,0.28,0.3571428571428571,0.34,0.0,0.0,22,0.639344262295082,0.0,0,0,S1-753596697,S2-812274068,S2,0
0,0.25806451612903225,0.32258064516129037,0.32258064516129037,0.0,0.0,11,0.47619047619047616,0,0.3768115942028986,0.3768115942028985,0.3768115942028986,0.0,0.0,11,0.725,0.0,1,0,S1-14873990,S2-579970084,S2,0
0,0.09302325581395354,0.11428571428571431,0.09302325581395354,0.0,0.0,21,0.34375,0,0.33613445378151263,0.2990654205607477,0.31932773109243695,0.0,0.0,1,0.9833333333333333,0.0,1,0,S1-675516194,S2-144562920,S2,0
0,0.33333333333333337,0.33333333333333326,0.33333333333333337,0.0,0.041666666666666664,14,0.5882352941176471,0,0.33333333333333337,0.3612903225806452,0.3703703703703704,0.0,0.020689655172413793,52,0.514018691588785,0.0,1,0,S1-782036476,S3-994527461,S3,0
0,0.13953488372093026,0.15384615384615385,0.13953488372093026,0.0,0.0,7,0.72,0,0.2588235294117647,0.3076923076923077,0.2823529411764706,0.0,0.0,15,0.7,0.0,0,0,S1-824957114,S2-637240111,S2,0
0,0.39473684210526316,0.3513513513513513,0.34210526315789463,0.0,0.0,12,0.7272727272727273,0,0.3214285714285714,0.42857142857142855,0.4285714285714286,0.0,0.0196078431372549,0,1.0,0.0,1,0,S1-798406091,S3-26312400,S3,0
0,0.375,0.29166666666666674,0.29166666666666663,0.0,0.0,0,1.0,0,0.35398230088495575,0.3185840707964601,0.31858407079646023,0.0,0.009345794392523364,35,0.527027027027027,0.0,0,0,S1-299821748,S2-385234548,S2,0
0,0.07407407407407407,0.08333333333333329,0.07407407407407407,0.0,0.0,8,0.7419354838709677,0,0.2682926829268293,0.30985915492957744,0.29268292682926833,0.0,0.014925373134328358,26,0.5185185185185185,0.0,0,0,S1-114558107,S2-237765029,S2,0
0,0.430379746835443,0.379746835443038,0.379746835443038,0.0,0.0,1,0.975,0,0.4217687074829932,0.35555555555555557,0.36734693877551017,0.0,0.04132231404958678,31,0.651685393258427,0.0,1,0,S1-560309403,S2-612158384,S2,0
0,0.46808510638297873,0.5531914893617021,0.5531914893617021,0.16666666666666666,0.2,3,0.88,0,0.3687943262411347,0.38095238095238093,0.35460992907801414,0.043478260869565216,0.034482758620689655,1,0.9859154929577465,0.0,1,0,S1-978794161,S3-851447131,S3,0
0,0.3921568627450981,0.43137254901960786,0.43137254901960786,0.0,0.021739130434782608,15,0.5454545454545454,0,0.32478632478632474,0.32478632478632474,0.32478632478632474,0.0,0.008928571428571428,23,0.6714285714285714,0.0,0,0,S1-899756741,S2-195675395,S2,0
0,0.26415094339622647,0.2790697674418605,0.30188679245283023,0.0,0.0,1,0.9629629629629629,0,0.24561403508771928,0.28070175438596495,0.2807017543859649,0.0,0.0,23,0.425,0.0,0,0,S1-283566566,S3-410632706,S3,0
0,0.3548387096774194,0.3870967741935484,0.3870967741935484,0.0,0.0,2,0.9375,0,0.41666666666666663,0.38888888888888884,0.38888888888888884,0.0,0.046153846153846156,0,1.0,0.0,1,0,S1-442604432,S3-531193253,S3,0
0,0.3137254901960784,0.35294117647058826,0.3529411764705882,0.0,0.021739130434782608,7,0.7586206896551724,0,0.3278688524590164,0.2950819672131148,0.29508196721311475,0.0,0.017857142857142856,1,0.967741935483871,0.0,1,0,S1-318863248,S3-625641585,S3,0
0,0.34375,0.46875,0.46875,0.0,0.01694915254237288,4,0.8823529411764706,0,0.36363636363636365,0.3939393939393939,0.3939393939393939,0.0,0.0,4,0.8857142857142857,0.0,0,0,S1-369508407,S2-91976818,S2,0
0,0.3076923076923077,0.33846153846153837,0.3384615384615385,0.0,0.0,1,0.9696969696969697,0,0.3855421686746988,0.40963855421686746,0.40963855421686746,0.0,0.012987012987012988,1,0.9761904761904762,0.0,0,0,S1-186418173,S3-293912534,S3,0
0,0.3414634146341463,0.2926829268292683,0.29268292682926833,0.0,0.0,7,0.7083333333333334,0,0.3492063492063492,0.3620689655172413,0.33333333333333337,0.0,0.027522935779816515,58,0.3695652173913043,0.0,0,0,S1-872070916,S2-658946955,S2,0
0,0.34042553191489366,0.3829787234042554,0.3829787234042554,0.0,0.0,13,0.5666666666666667,0,0.248062015503876,0.2950819672131148,0.2790697674418605,0.041666666666666664,0.034782608695652174,73,0.27722772277227725,0.0,0,0,S1-972705175,S2-235386543,S2,0
0,0.41666666666666663,0.41666666666666663,0.41666666666666663,0.0,0.047619047619047616,2,0.92,0,0.3561643835616438,0.3835616438356164,0.3835616438356164,0.0,0.030303030303030304,11,0.7380952380952381,0.0,0,0,S1-848591010,S3-249299823,S3,0
0,0.30000000000000004,0.3,0.30000000000000004,0.0,0.02857142857142857,10,0.6,0,0.3292682926829268,0.36477987421383645,0.36585365853658536,0.0,0.055944055944055944,4,0.9523809523809523,0.0,1,0,S1-815276649,S3-24423556,S3,0
0,0.5283018867924528,0.37735849056603776,0.37735849056603776,0.0,0.0,9,0.7096774193548387,0,0.22535211267605637,0.23255813953488372,0.2535211267605634,0.0,0.008130081300813009,84,0.25663716814159293,0.0,1,0,S1-562757530,S3-540912260,S3,0
0,0.32258064516129037,0.29032258064516125,0.29032258064516125,0.0,0.017543859649122806,12,0.6756756756756757,0,0.27586206896551724,0.2758620689655173,0.27586206896551724,0.0,0.0,14,0.6111111111111112,0.0,0,0,S1-706218163,S3-341204110,S3,0
0,0.3157894736842105,0.2105263157894737,0.21052631578947367,0.0,0.0,4,0.8095238095238095,0,0.3302752293577982,0.31683168316831684,0.34862385321100914,0.0,0.0,37,0.4931506849315068,0.2,0,0,S1-375632321,S2-509291280,S2,0
0,0.30188679245283023,0.41509433962264153,0.41509433962264153,0.14285714285714285,0.020833333333333332,17,0.5142857142857142,0,0.2777777777777778,0.36111111111111116,0.36111111111111116,0.0,0.014925373134328358,2,0.9459459459459459,0.0,1,0,S1-34666375,S3-347803454,S3,0
0,0.31999999999999995,0.24,0.24,0.0,0.0,1,0.9230769230769231,0,0.3561643835616438,0.3835616438356164,0.3835616438356164,0.0,0.045454545454545456,17,0.6222222222222222,0.0,1,0,S1-771499257,S2-133963876,S2,0
0,0.2777777777777778,0.27777777777777773,0.2777777777777778,0.0,0.0,10,0.5652173913043478,0,0.3870967741935484,0.32258064516129037,0.32258064516129037,0.0,0.017543859649122806,4,0.8787878787878788,0.0,1,0,S1-710053416,S3-822046746,S3,0
0,0.2909090909090909,0.2545454545454545,0.2545454545454545,0.0,0.0,7,0.7741935483870968,0,0.2777777777777778,0.27777777777777773,0.2777777777777778,0.0,0.009708737864077669,56,0.3170731707317073,0.0,0,0,S1-963803638,S3-449039178,S3,0
0,0.36363636363636365,0.303030303030303,0.303030303030303,0.0,0.0,1,0.9411764705882353,0,0.3928571428571429,0.4642857142857143,0.4642857142857143,0.0,0.04,0,1.0,0.0,1,0,S1-159908261,S2-478459534,S2,0
0,0.410958904109589,0.3561643835616438,0.3561643835616438,0.0,0.045454545454545456,1,0.972972972972973,0,0.2142857142857143,0.2321428571428571,0.2321428571428571,0.0,0.0,64,0.2727272727272727,0.0,0,0,S1-324448288,S2-383453319,S2,0
0,0.16666666666666663,0.1666666666666667,0.16666666666666663,0.0,0.0,26,0.16129032258064516,0,0.42622950819672134,0.42622950819672134,0.42622950819672134,0.0,0.0,15,0.6052631578947368,0.0,1,0,S1-580666391,S2-541379991,S2,0
0,0.33333333333333337,0.2666666666666667,0.2666666666666667,0.0,0.0,14,0.6216216216216216,0,0.31858407079646023,0.30630630630630634,0.3008849557522124,0.0,0.0,41,0.4675324675324675,0.0,0,0,S1-795467269,S3-53860177,S3,0
0,0.36,0.32,0.31999999999999995,0.0,0.0,2,0.9230769230769231,0,0.0,0.0,0.0,0.0,0.0,29,0.0,0.0,1,0,S1-590702211,S2-804127133,S2,0
0,0.34615384615384615,0.34615384615384615,0.34615384615384615,0.0,0.0,12,0.625,0,0.27826086956521734,0.26086956521739124,0.26086956521739135,0.0,0.0,53,0.36904761904761907,0.0,0,0,S1-77038710,S2-404316354,S2,0
0,0.2727272727272727,0.36363636363636365,0.36363636363636365,0.0,0.0,10,0.6296296296296297,0,0.410958904109589,0.410958904109589,0.410958904109589,0.08333333333333333,0.030303030303030304,9,0.7804878048780488,0.0,1,0,S1-803698154,S2-974900754,S2,0
0,0.2068965517241379,0.20689655172413793,0.2068965517241379,0.0,0.0,7,0.6111111111111112,0,0.3076923076923077,0.33846153846153837,0.3384615384615385,0.0,0.0,9,0.7567567567567568,0.0,1,0,S1-710222341,S2-801325499,S2,0
0,0.33333333333333337,0.36666666666666664,0.3666666666666667,0.0,0.037037037037037035,10,0.7142857142857143,0,0.29850746268656714,0.3582089552238806,0.35820895522388063,0.0,0.03333333333333333,3,0.9142857142857143,0.0,0,0,S1-484586896,S3-120056638,S3,0
0,0.64,0.64,0.5066666666666666,0.2857142857142857,0.2962962962962963,3,0.9230769230769231,0,0.3538461538461538,0.42622950819672134,0.41538461538461535,0.043478260869565216,0.03636363636363636,18,0.7567567567567568,0.0,1,0,S1-832379210,S2-30878648,S2,0
0,0.38596491228070173,0.41666666666666663,0.45614035087719296,0.0,0.022222222222222223,1,0.9655172413793104,0,0.2945736434108527,0.3278688524590164,0.31007751937984496,0.0,0.017543859649122806,53,0.4175824175824176,0.0,0,0,S1-420962376,S3-460985469,S3,0
0,0.3870967741935484,0.3870967741935484,0.3870967741935484,0.0,0.03571428571428571,4,0.8787878787878788,0,0.27826086956521734,0.27826086956521734,0.27826086956521734,0.0,0.00909090909090909,41,0.47435897435897434,0.0,0,0,S1-783748480,S3-7289261,S3,0
0,0.33333333333333337,0.2380952380952381,0.23809523809523814,0.0,0.0,6,0.75,0,0.0,0.0,0.0,0.0,0.0,41,0.0,0.0,1,0,S1-959475468,S3-393350642,S3,0
0,0.3157894736842105,0.3703703703703704,0.3157894736842105,0.0,0.0,16,0.4074074074074074,0,0.2954545454545454,0.36363636363636365,0.36363636363636365,0.0,0.02531645569620253,18,0.660377358490566,0.0,0,0,S1-153295385,S3-414148531,S3,0
0,0.326530612244898,0.29787234042553196,0.2857142857142857,0.0,0.023255813953488372,9,0.6896551724137931,0,0.29268292682926833,0.31707317073170727,0.31707317073170727,0.0,0.0,22,0.5769230769230769,0.0,0,0,S1-315938115,S2-806752386,S2,0
0,0.3508771929824561,0.3508771929824562,0.3508771929824561,0.0,0.0,1,0.9655172413793104,0,0.26086956521739135,0.26086956521739124,0.26086956521739135,0.0,0.0,38,0.4153846153846154,0.0,0,0,S1-506571555,S3-832722721,S3,0
0,0.40625,0.40625,0.40625,0.0,0.034482758620689655,12,0.6842105263157895,0,0.19819819819819817,0.22857142857142862,0.2162162162162162,0.0,0.0,67,0.24719101123595505,0.0,0,0,S1-870484087,S3-189603136,S3,0
0,0.32727272727272727,0.3272727272727273,0.32727272727272727,0.0,0.02,23,0.41025641025641024,0,0.38235294117647056,0.35294117647058826,0.3529411764705882,0.0,0.0,0,1.0,0.0,1,0,S1-399931046,S2-778297843,S2,0
0,0.3137254901960784,0.35294117647058826,0.3529411764705882,0.0,0.021739130434782608,1,0.9615384615384616,0,0.26865671641791045,0.2686567164179104,0.26865671641791045,0.0,0.016129032258064516,9,0.7631578947368421,0.0,1,0,S1-994118286,S3-312825349,S3,0
0,0.23529411764705888,0.35294117647058826,0.3529411764705882,0.0,0.0,4,0.7894736842105263,0,0.3157894736842105,0.3859649122807018,0.38596491228070173,0.0,0.0,17,0.5405405405405406,0.0,1,0,S1-471212872,S2-79378669,S2,0
0,0.08695652173913049,0.1,0.08695652173913049,0.0,0.0,8,0.7037037037037037,0,0.2545454545454545,0.30612244897959184,0.2727272727272727,0.0625,0.054945054945054944,60,0.29411764705882354,0.0,0,0,S1-835772238,S2-661310517,S2,0
0,0.31034482758620685,0.31034482758620685,0.31034482758620685,0.0,0.018867924528301886,16,0.5675675675675675,0,0.2666666666666667,0.28888888888888886,0.28888888888888886,0.0,0.0,36,0.42857142857142855,0.0,0,0,S1-239861481,S2-364755434,S2,0
0,0.06896551724137934,0.06896551724137936,0.06896551724137934,0.0,0.0,1,0.9333333333333333,0,0.31999999999999995,0.3582089552238806,0.34666666666666673,0.0,0.0,5,0.875,0.0,0,0,S1-446351188,S3-637268063,S3,0
0,0.3529411764705882,0.3137254901960784,0.3137254901960784,0.0,0.021739130434782608,11,0.6451612903225806,0,0.1578947368421053,0.19230769230769226,0.17543859649122806,0.0,0.0,74,0.2127659574468085,0.0,0,0,S1-518758513,S2-432379322,S2,0
0,0.4,0.4,0.4,0.0,0.0,8,0.7241379310344828,0,0.32098765432098764,0.3880597014925373,0.3703703703703704,0.0,0.0,17,0.6530612244897959,0.0,0,0,S1-409980178,S3-58035658,S3,0
0,0.35,0.4,0.4,0.0,0.0,8,0.6666666666666666,0,0.0,0.0,0.0,0.0,0.0,57,0.0,0.0,0,0,S1-176231748,S3-900095358,S3,0
0,0.2909090909090909,0.35294117647058826,0.4,0.0,0.02127659574468085,1,0.9642857142857143,0,0.291970802919708,0.3410852713178295,0.3211678832116789,0.0,0.0,35,0.5930232558139535,0.0,0,0,S1-20667582,S3-471977550,S3,0
0,0.33333333333333337,0.33333333333333326,0.33333333333333337,0.0,0.0,4,0.8260869565217391,0,0.3137254901960784,0.35294117647058826,0.3529411764705882,0.0,0.0,1,0.9615384615384616,0.0,1,0,S1-571583200,S3-709169429,S3,0
0,0.31034482758620685,0.31034482758620685,0.31034482758620685,0.0,0.038461538461538464,12,0.6571428571428571,0,0.33898305084745756,0.30630630630630634,0.30508474576271183,0.0,0.009523809523809525,18,0.7352941176470589,0.0,0,0,S1-747727732,S3-914337482,S3,0
0,0.43999999999999995,0.48,0.48,0.14285714285714285,0.09523809523809523,8,0.7241379310344828,0,0.32352941176470584,0.35294117647058826,0.3529411764705882,0.0,0.01639344262295082,14,0.6585365853658537,0.0,1,0,S1-877940503,S3-617830819,S3,0
0,0.26415094339622647,0.2264150943396227,0.2264150943396226,0.0,0.0,13,0.6060606060606061,0,0.3302752293577982,0.2941176470588235,0.27522935779816515,0.0,0.021052631578947368,43,0.4342105263157895,0.0,0,0,S1-625733249,S2-40087600,S2,0
0,0.38095238095238093,0.33333333333333326,0.33333333333333337,0.0,0.02702702702702703,4,0.8260869565217391,0,0.27586206896551724,0.2716049382716049,0.27586206896551724,0.0,0.0,11,0.7755102040816326,0.0,0,0,S1-892356245,S3-292815825,S3,0
0,0.2727272727272727,0.3181818181818181,0.31818181818181823,0.0,0.0,4,0.8333333333333334,0,0.3157894736842105,0.2894736842105263,0.2894736842105263,0.0,0.02857142857142857,2,0.9487179487179487,0.0,1,0,S1-542221610,S3-414212906,S3,0
0,0.3928571428571429,0.3571428571428571,0.3571428571428571,0.0,0.0,2,0.9310344827586207,0,0.2807017543859649,0.2926829268292683,0.2807017543859649,0.0,0.0,81,0.35714285714285715,0.0,0,0,S1-112836463,S2-200316083,S2,0
0,0.3214285714285714,0.3571428571428571,0.3571428571428571,0.0,0.061224489795918366,4,0.8666666666666667,0,0.0,0.0,0.0,0.0,0.0,84,0.0,0.0,0,0,S1-533707316,S3-692495398,S3,0
0,0.26086956521739135,0.34782608695652173,0.34782608695652173,0.0,0.0,16,0.4838709677419355,0,0.21359223300970875,0.22448979591836732,0.21359223300970875,0.0,0.0,65,0.2261904761904762,0.0,0,0,S1-953759960,S3-24423556,S3,0
0,0.2622950819672131,0.26229508196721313,0.2622950819672131,0.0,0.0,9,0.7428571428571429,0,0.3214285714285714,0.36363636363636365,0.3571428571428571,0.0,0.01904761904761905,36,0.5135135135135135,0.0,0,0,S1-150128822,S3-312825349,S3,0
0,0.3125,0.34375,0.34375,0.0,0.0,20,0.5238095238095238,0,0.28260869565217395,0.3953488372093023,0.39130434782608686,0.0,0.0,24,0.5862068965517241,0.0,0,0,S1-362432228,S3-53302880,S3,0
0,0.2857142857142857,0.2857142857142857,0.2857142857142857,0.0,0.0,1,0.9444444444444444,0,0.2524271844660194,0.2524271844660194,0.2524271844660194,0.0,0.0,39,0.4507042253521127,0.0,0,0,S1-174728816,S2-926686610,S2,0
0,0.26086956521739135,0.21739130434782608,0.21739130434782605,0.0,0.024390243902439025,20,0.3939393939393939,0,0.32608695652173914,0.38095238095238093,0.3695652173913043,0.0,0.03896103896103896,24,0.5862068965517241,0.0,0,0,S1-830453540,S3-407057632,S3,0
0,0.36363636363636365,0.36363636363636365,0.36363636363636365,0.0,0.0,15,0.5714285714285714,0,0.41860465116279066,0.49382716049382713,0.4651162790697675,0.08333333333333333,0.1323529411764706,32,0.4576271186440678,0.0,1,0,S1-998045896,S3-284741832,S3,0
0,0.07272727272727275,0.10256410256410263,0.07272727272727275,0.0,0.0,15,0.5714285714285714,0,0.3793103448275862,0.3893805309734513,0.3448275862068966,0.05263157894736842,0.02912621359223301,42,0.46835443037974683,0.0,1,0,S1-514304250,S2-78018171,S2,0
0,0.36,0.36,0.36,0.0,0.022727272727272728,6,0.7857142857142857,0,0.36363636363636365,0.3939393939393939,0.36363636363636365,0.04,0.023809523809523808,35,0.65,0.0,1,0,S1-484862495,S2-886145715,S2,0
0,0.30434782608695654,0.30434782608695654,0.30434782608695654,0.0,0.0,6,0.7692307692307693,0,0.36923076923076925,0.3692307692307692,0.36923076923076925,0.0,0.03389830508474576,1,0.9696969696969697,0.0,1,0,S1-939839887,S2-415234462,S2,0
0,0.32558139534883723,0.32558139534883723,0.32558139534883723,0.0,0.0,23,0.30303030303030304,0,0.0,0.0,0.0,0.0,0.0,82,0.0,0.0,1,0,S1-936133952,S2-140279383,S2,0
0,0.24561403508771928,0.2456140350877193,0.24561403508771928,0.0,0.019230769230769232,31,0.29545454545454547,0,0.35051546391752575,0.29545454545454547,0.30927835051546393,0.0,0.011904761904761904,5,0.9019607843137255,0.0,0,0,S1-718838942,S3-529904617,S3,0
0,0.18518518518518523,0.1851851851851852,0.18518518518518523,0.0,0.0,34,0.22727272727272727,0,0.28828828828828834,0.28828828828828834,0.28828828828828834,0.0,0.009615384615384616,53,0.35365853658536583,0.0,0,0,S1-514780761,S2-478386267,S2,0
0,0.4,0.43478260869565216,0.43999999999999995,0.0,0.0,0,1.0,0,0.303030303030303,0.3232323232323232,0.3232323232323232,0.0,0.022988505747126436,43,0.39436619718309857,0.0,0,0,S1-174448340,S2-460771374,S2,0
0,0.43137254901960786,0.43137254901960786,0.43137254901960786,0.0,0.0,3,0.8888888888888888,0,0.30612244897959184,0.3265306122448979,0.326530612244898,0.0,0.0,40,0.42028985507246375,0.0,0,0,S1-735127090,S3-599812729,S3,0
0,0.4482758620689655,0.4482758620689655,0.4482758620689655,0.0,0.0,6,0.8125,0,0.0,0.0,0.0,0.0,0.0,72,0.0,0.0,1,0,S1-531738959,S3-22892338,S3,0
0,0.23529411764705888,0.23529411764705885,0.23529411764705888,0.0,0.0,12,0.4782608695652174,0,0.27368421052631575,0.29473684210526313,0.2947368421052632,0.0,0.011627906976744186,27,0.5573770491803278,0.0,0,0,S1-131926936,S3-799967750,S3,0
0,0.36111111111111116,0.33333333333333326,0.33333333333333337,0.0,0.0625,16,0.6363636363636364,0,0.37142857142857144,0.45714285714285713,0.45714285714285713,0.09090909090909091,0.06451612903225806,2,0.9444444444444444,0.0,1,0,S1-131292304,S3-393953733,S3,0
0,0.36923076923076925,0.33846153846153837,0.3384615384615385,0.0,0.016666666666666666,15,0.625,0,0.34951456310679613,0.3495145631067962,0.34951456310679613,0.0,0.02127659574468085,27,0.5846153846153846,0.0,0,0,S1-435122730,S3-904450186,S3,0
0,0.4,0.4,0.4,0.14285714285714285,0.06896551724137931,9,0.5909090909090909,0,0.4411764705882353,0.411764705882353,0.4117647058823529,0.0,0.06896551724137931,14,0.6585365853658537,0.0,1,0,S1-507730427,S2-218902558,S2,0
0,0.4642857142857143,0.5,0.4642857142857143,0.14285714285714285,0.15555555555555556,8,0.75,0,0.0,0.0,0.0,0.0,0.0,106,0.0,0.0,1,0,S1-403114990,S3-542214464,S3,0
0,0.625,0.6666666666666665,0.53125,0.2857142857142857,0.30434782608695654,4,0.8823529411764706,0,0.3655913978494624,0.3950617283950617,0.32258064516129037,0.05555555555555555,0.04,19,0.6607142857142857,0.0,1,0,S1-155586522,S3-413007933,S3,0
0,0.3589743589743589,0.4102564102564103,0.41025641025641024,0.0,0.06060606060606061,1,0.95,0,0.3076923076923077,0.2692307692307692,0.2692307692307693,0.0,0.0,52,0.3333333333333333,0.0,0,0,S1-192193411,S3-709169429,S3,0
0,0.368421052631579,0.26315789473684204,0.26315789473684215,0.0,0.030303030303030304,2,0.9,0,0.22058823529411764,0.25,0.25,0.0,0.007874015748031496,78,0.27102803738317754,0.0,0,0,S1-38042842,S3-994527461,S3,0
0,0.4390243902439024,0.3902439024390244,0.3902439024390244,0.0,0.0,7,0.7083333333333334,0,0.2954545454545454,0.36363636363636365,0.36363636363636365,0.0,0.012195121951219513,32,0.4666666666666667,0.0,0,0,S1-262262083,S2-478459534,S2,0
0,0.2162162162162162,0.21621621621621628,0.2162162162162162,0.0,0.0,11,0.5416666666666666,0,0.24,0.2620689655172414,0.2533333333333333,0.0,0.007462686567164179,74,0.3392857142857143,0.0,0,0,S1-276266492,S3-809158735,S3,0
0,0.23255813953488372,0.25641025641025633,0.23255813953488372,0.0,0.0,25,0.2647058823529412,0,0.36764705882352944,0.3692307692307692,0.3529411764705882,0.045454545454545456,0.04310344827586207,30,0.6385542168674698,0.0,1,0,S1-31456281,S3-33447638,S3,0
0,0.2962962962962963,0.29629629629629634,0.2962962962962963,0.0,0.0,8,0.7419354838709677,0,0.3439490445859873,0.4025974025974026,0.39490445859872614,0.0,0.013986013986013986,49,0.5242718446601942,0.16666666666666666,1,0,S1-909244772,S2-316708139,S2,0
0,0.2962962962962963,0.29629629629629634,0.2962962962962963,0.0,0.0,3,0.8,0,0.38235294117647056,0.35294117647058826,0.3529411764705882,0.0,0.0,14,0.6585365853658537,0.0,1,0,S1-699900866,S2-265507444,S2,0
0,0.30188679245283023,0.3018867924528301,0.30188679245283023,0.0,0.020833333333333332,15,0.5588235294117647,0,0.34666666666666673,0.34666666666666673,0.34666666666666673,0.0,0.014492753623188406,29,0.4423076923076923,0.0,0,0,S1-327147358,S3-431635006,S3,0
0,0.36363636363636365,0.22727272727272735,0.2272727272727273,0.0,0.0,6,0.76,0,0.3513513513513513,0.3513513513513513,0.3513513513513513,0.0,0.029850746268656716,8,0.8048780487804879,0.0,1,0,S1-78380821,S3-401742213,S3,0
0,0.36363636363636365,0.36363636363636365,0.36363636363636365,0.0,0.0,2,0.9130434782608695,0,0.326530612244898,0.2857142857142857,0.2857142857142857,0.0,0.0,3,0.8846153846153846,0.0,1,0,S1-929175213,S2-14399875,S2,0
0,0.339622641509434,0.35294117647058826,0.37735849056603776,0.0,0.02127659574468085,9,0.7096774193548387,0,0.0,0.0,0.0,0.0,0.0,68,0.0,0.0,0,0,S1-860720781,S2-104060035,S2,0
0,0.2162162162162162,0.27027027027027034,0.2702702702702703,0.0,0.0,11,0.5416666666666666,0,0.34375,0.34375,0.34375,0.0,0.05357142857142857,2,0.9393939393939394,0.0,1,0,S1-493265403,S2-824920303,S2,0
0,0.30000000000000004,0.3,0.30000000000000004,0.0,0.02857142857142857,6,0.7391304347826086,0,0.32835820895522383,0.3582089552238806,0.35820895522388063,0.0,0.0,7,0.8108108108108109,0.0,1,0,S1-152983057,S2-822910754,S2,0
0,0.38095238095238093,0.4761904761904762,0.4761904761904761,0.14285714285714285,0.05555555555555555,0,1.0,0,0.29850746268656714,0.2985074626865672,0.29850746268656714,0.0,0.016129032258064516,5,0.8611111111111112,0.0,1,0,S1-178127037,S2-805660236,S2,0
0,0.3076923076923077,0.2692307692307692,0.2692307692307693,0.0,0.0,18,0.4857142857142857,0,0.26262626262626265,0.2921348314606742,0.2828282828282829,0.0,0.012048192771084338,39,0.43478260869565216,0.0,0,0,S1-895046408,S2-31287632,S2,0
0,0.33333333333333337,0.38095238095238093,0.38095238095238093,0.0,0.02702702702702703,12,0.5555555555555556,0,0.27118644067796616,0.44067796610169496,0.44067796610169496,0.0,0.03773584905660377,1,0.9666666666666667,0.0,1,0,S1-829962886,S2-935921030,S2,0
0,0.28,0.28,0.28,0.0,0.022222222222222223,8,0.7241379310344828,0,0.2184873949579832,0.21848739495798314,0.2184873949579832,0.0,0.0,79,0.20202020202020202,0.0,0,0,S1-382493617,S2-351834387,S2,0
0,0.17142857142857137,0.17142857142857137,0.17142857142857137,0.0,0.03333333333333333,15,0.4,0,0.2912621359223301,0.3495145631067962,0.34951456310679613,0.0,0.0,33,0.5147058823529411,0.0,0,0,S1-497586041,S2-624963021,S2,0
0,0.27692307692307694,0.4,0.4,0.0,0.0,5,0.8571428571428571,0,0.29508196721311475,0.2950819672131148,0.29508196721311475,0.0,0.0,23,0.4523809523809524,0.0,1,0,S1-331477681,S3-254684053,S3,0
0,0.4545454545454546,0.6382978723404256,0.48484848484848486,0.3333333333333333,0.24,2,0.9411764705882353,0,0.288135593220339,0.34234234234234234,0.33898305084745756,0.0,0.009345794392523364,46,0.43902439024390244,0.0,1,0,S1-574841690,S2-1599689,S2,0
0,0.3448275862068966,0.2758620689655173,0.27586206896551724,0.0,0.018867924528301886,8,0.7575757575757576,0,0.22695035460992907,0.22950819672131145,0.21276595744680848,0.0,0.0,91,0.21551724137931033,0.0,0,0,S1-355783852,S3-410298473,S3,0
0,0.3076923076923077,0.25641025641025633,0.2564102564102564,0.0,0.0,17,0.39285714285714285,0,0.3870967741935484,0.43636363636363634,0.4516129032258065,0.0,0.019230769230769232,10,0.7222222222222222,0.0,1,0,S1-273068203,S3-503244997,S3,0
0,0.34285714285714286,0.37142857142857144,0.37142857142857144,0.0,0.047619047619047616,16,0.627906976744186,0,0.3119266055045872,0.37623762376237624,0.34862385321100914,0.0,0.0,33,0.5352112676056338,0.0,0,0,S1-373828890,S3-361516137,S3,0
0,0.38596491228070173,0.3508771929824562,0.3508771929824561,0.0,0.0,3,0.9,0,0.2954545454545454,0.3181818181818181,0.31818181818181823,0.0,0.0,24,0.5714285714285714,0.0,1,0,S1-471933465,S3-197425433,S3,0
0,0.34615384615384615,0.2380952380952381,0.3076923076923077,0.0,0.0,0,1.0,0,0.32432432432432434,0.27027027027027034,0.2702702702702703,0.0,0.0,4,0.8974358974358975,0.0,1,0,S1-351183569,S3-467660877,S3,0
0,0.3589743589743589,0.3076923076923077,0.3076923076923077,0.0,0.0,3,0.8571428571428571,0,0.26530612244897955,0.2826086956521739,0.2857142857142857,0.0,0.0,50,0.32432432432432434,0.0,0,0,S1-286822383,S3-96658851,S3,0
0,0.3661971830985915,0.30985915492957744,0.3098591549295775,0.0,0.015151515151515152,19,0.5777777777777777,0,0.2417582417582418,0.33734939759036137,0.3516483516483516,0.0,0.0,15,0.7169811320754716,0.0,0,0,S1-888100780,S3-506713172,S3,0
0,0.32432432432432434,0.3783783783783784,0.3783783783783784,0.0,0.0,1,0.9473684210526315,0,0.38095238095238093,0.41269841269841273,0.4126984126984127,0.0,0.017241379310344827,1,0.96875,0.0,1,0,S1-277346734,S2-267460141,S2,0
0,0.339622641509434,0.41509433962264153,0.41509433962264153,0.0,0.0,15,0.5588235294117647,0,0.27722772277227725,0.2772277227722772,0.27722772277227725,0.0,0.0,49,0.3466666666666667,0.0,0,0,S1-982025080,S2-979798833,S2,0
0,0.30434782608695654,0.30434782608695654,0.30434782608695654,0.0,0.0,6,0.7692307692307693,0,0.0,0.0,0.0,0.0,0.0,79,0.0,0.0,0,0,S1-369779463,S3-618457065,S3,0
0,0.09523809523809523,0.12765957446808515,0.09523809523809523,0.0,0.0,7,0.8,0,0.3931623931623932,0.4672897196261683,0.37606837606837606,0.13333333333333333,0.08421052631578947,43,0.4625,0.0,1,0,S1-519849741,S2-78018171,S2,0
0,0.3529411764705882,0.43137254901960786,0.43137254901960786,0.14285714285714285,0.044444444444444446,9,0.7,0,0.4057971014492754,0.4057971014492754,0.3768115942028986,0.08333333333333333,0.06557377049180328,5,0.8648648648648649,0.0,1,0,S1-810091180,S2-687111206,S2,0
0,0.303030303030303,0.18181818181818188,0.18181818181818177,0.0,0.0,17,0.32,0,0.30508474576271183,0.30508474576271183,0.30508474576271183,0.0,0.0,5,0.84375,0.0,1,0,S1-768036423,S3-555676630,S3,0
0,0.41860465116279066,0.32558139534883723,0.32558139534883723,0.0,0.0,3,0.8695652173913043,0,0.25,0.2857142857142857,0.2857142857142857,0.0,0.02,2,0.9310344827586207,0.0,1,0,S1-184159588,S3-8344058,S3,0
0,0.1875,0.1875,0.1875,0.0,0.0,16,0.3333333333333333,0,0.3211678832116789,0.3870967741935484,0.37956204379562036,0.0,0.008403361344537815,3,0.9571428571428572,0.0,1,0,S1-526280694,S2-257928670,S2,0
0,0.2666666666666667,0.2222222222222223,0.2222222222222222,0.0,0.0,13,0.5517241379310345,0,0.27586206896551724,0.24137931034482762,0.24137931034482762,0.0,0.0,10,0.7058823529411765,0.0,1,0,S1-310458592,S2-439235929,S2,0
0,0.6,0.6976744186046511,0.48571428571428577,0.2857142857142857,0.2978723404255319,14,0.6666666666666666,0,0.4046242774566474,0.4393063583815029,0.39306358381502887,0.03571428571428571,0.05228758169934641,31,0.696078431372549,0.0,1,0,S1-183826893,S3-524435670,S3,0
0,0.26086956521739135,0.34782608695652173,0.34782608695652173,0.0,0.0,5,0.6428571428571429,0,0.36,0.40909090909090906,0.4,0.0,0.023809523809523808,38,0.4492753623188406,0.0,0,0,S1-924694807,S3-469521001,S3,0
0,0.2702702702702703,0.21621621621621628,0.2162162162162162,0.0,0.0,5,0.7619047619047619,0,0.2857142857142857,0.3577235772357723,0.3492063492063492,0.0,0.00847457627118644,38,0.5365853658536586,0.0,0,0,S1-758201350,S3-297726444,S3,0
0,0.27118644067796616,0.28070175438596495,0.30508474576271183,0.0,0.0,31,0.3111111111111111,0,0.3829787234042554,0.3404255319148936,0.34042553191489366,0.0,0.0,9,0.6785714285714286,0.0,1,0,S1-906539061,S3-832781550,S3,0
0,0.4375,0.40625,0.40625,0.0,0.05357142857142857,8,0.7777777777777778,0,0.2912621359223301,0.31067961165048547,0.3106796116504854,0.0,0.020618556701030927,27,0.5846153846153846,0.0,0,0,S1-779438845,S2-160760421,S2,0
0,0.25,0.25,0.25,0.0,0.0,18,0.5135135135135135,0,0.25,0.27083333333333326,0.27083333333333337,0.0,0.01098901098901099,52,0.2972972972972973,0.0,0,0,S1-955617441,S2-212341353,S2,0
0,0.1081081081081081,0.21621621621621628,0.2162162162162162,0.0,0.0,19,0.32142857142857145,0,0.3214285714285714,0.3214285714285714,0.3214285714285714,0.0,0.0,4,0.8666666666666667,0.0,1,0,S1-184779610,S2-204672167,S2,0
0,0.45714285714285713,0.2857142857142857,0.2857142857142857,0.0,0.034482758620689655,5,0.75,0,0.4193548387096774,0.5161290322580645,0.5161290322580645,0.0,0.0,4,0.8787878787878788,0.0,1,0,S1-527194608,S3-96221271,S3,0
0,0.34285714285714286,0.2857142857142857,0.2857142857142857,0.0,0.0,11,0.5217391304347826,0,0.31746031746031744,0.31746031746031744,0.31746031746031744,0.0,0.0,11,0.7027027027027027,0.0,0,0,S1-370270231,S3-22527831,S3,0
0,0.24242424242424243,0.303030303030303,0.303030303030303,0.0,0.0,3,0.8333333333333334,0,0.34285714285714286,0.2857142857142857,0.2857142857142857,0.0,0.015384615384615385,12,0.7073170731707317,0.0,1,0,S1-629176246,S3-92486901,S3,0
0,0.3529411764705882,0.3137254901960784,0.3137254901960784,0.0,0.0,3,0.8888888888888888,0,0.406015037593985,0.45112781954887216,0.406015037593985,0.045454545454545456,0.041666666666666664,11,0.8472222222222222,0.0,1,0,S1-711317005,S2-157407900,S2,0
0,0.2272727272727273,0.27272727272727265,0.2727272727272727,0.0,0.0,4,0.8333333333333334,0,0.5194805194805194,0.5454545454545454,0.41558441558441556,0.15384615384615385,0.19672131147540983,7,0.8333333333333334,0.0,1,0,S1-276092712,S2-271680394,S2,0
0,0.2857142857142857,0.3428571428571429,0.34285714285714286,0.0,0.0,1,0.9444444444444444,0,0.3448275862068966,0.29885057471264376,0.29885057471264365,0.0,0.0,9,0.8125,0.0,1,0,S1-971620392,S3-518532800,S3,0
0,0.36734693877551017,0.3265306122448979,0.326530612244898,0.0,0.022727272727272728,1,0.96,0,0.2857142857142857,0.2857142857142857,0.2857142857142857,0.0,0.0196078431372549,4,0.8666666666666667,0.0,1,0,S1-443611126,S2-796598669,S2,0
0,0.33333333333333337,0.33333333333333326,0.33333333333333337,0.0,0.06666666666666667,4,0.8,0,0.3098591549295775,0.2816901408450704,0.2816901408450704,0.0,0.015384615384615385,5,0.868421052631579,0.0,1,0,S1-901360814,S3-348640724,S3,0
0,0.36363636363636365,0.36363636363636365,0.36363636363636365,0.0,0.0,12,0.5714285714285714,0,0.38596491228070173,0.368421052631579,0.3508771929824561,0.047619047619047616,0.049019607843137254,16,0.7538461538461538,0.0,0,0,S1-168651100,S3-669784629,S3,0
0,0.2978723404255319,0.2553191489361703,0.25531914893617025,0.0,0.0,1,0.9583333333333334,0,0.2678571428571429,0.34343434343434337,0.3035714285714286,0.0,0.021505376344086023,46,0.4177215189873418,0.0,0,0,S1-97083994,S3-463265029,S3,0
0,0.3880597014925373,0.2985074626865672,0.29850746268656714,0.0,0.03508771929824561,7,0.8108108108108109,0,0.24427480916030533,0.328125,0.32061068702290074,0.0,0.016666666666666666,67,0.32323232323232326,0.0,0,0,S1-943589758,S3-197425433,S3,0
0,0.35,0.3,0.30000000000000004,0.0,0.0,10,0.6,0,0.3768115942028986,0.3768115942028985,0.3768115942028986,0.0,0.0,1,0.9714285714285714,0.0,0,0,S1-412567632,S3-120056638,S3,0
0,0.45714285714285713,0.37142857142857144,0.37142857142857144,0.0,0.031746031746031744,10,0.75,0,0.2272727272727273,0.25581395348837205,0.2727272727272727,0.0,0.012345679012345678,32,0.4666666666666667,0.0,1,0,S1-894823096,S3-318058217,S3,0
0,0.7096774193548387,0.7096774193548387,0.6451612903225806,0.2857142857142857,0.3488372093023256,2,0.9375,0,0.35064935064935066,0.3972602739726028,0.37662337662337664,0.04,0.029197080291970802,46,0.54,0.16666666666666666,1,0,S1-175623547,S2-115485022,S2,0
0,0.38095238095238093,0.3278688524590164,0.31746031746031744,0.0,0.0,1,0.96875,0,0.26168224299065423,0.28,0.28037383177570097,0.0,0.0,47,0.38961038961038963,0.0,0,0,S1-66367440,S2-937600087,S2,0
0,0.32727272727272727,0.29090909090909095,0.2909090909090909,0.0,0.0,9,0.71875,0,0.2990654205607477,0.34615384615384615,0.33644859813084116,0.0,0.010416666666666666,43,0.4266666666666667,0.0,0,0,S1-337980527,S2-244050383,S2,0
0,0.3414634146341463,0.3414634146341463,0.3414634146341463,0.0,0.0,5,0.782608695652174,0,0.35051546391752575,0.3711340206185567,0.3711340206185567,0.0,0.03333333333333333,19,0.6724137931034483,0.0,0,0,S1-199669486,S2-214610368,S2,0
0,0.18181818181818177,0.18181818181818188,0.18181818181818177,0.0,0.0,12,0.5714285714285714,0,0.26262626262626265,0.26262626262626254,0.26262626262626265,0.0,0.0,43,0.39436619718309857,0.0,0,0,S1-117930404,S2-172528258,S2,0
0,0.2857142857142857,0.3,0.2857142857142857,0.0,0.027777777777777776,2,0.9090909090909091,0,0.33333333333333337,0.4074074074074074,0.4074074074074075,0.0,0.02040816326530612,0,1.0,0.0,0,0,S1-168520420,S2-791119399,S2,0
0,0.56,0.56,0.36,0.16666666666666666,0.15,6,0.7857142857142857,0,0.3703703703703704,0.8,0.42592592592592593,0.11764705882352941,0.18823529411764706,54,0.3333333333333333,0.0,1,0,S1-690137123,S2-110595569,S2,0
0,0.2272727272727273,0.27272727272727265,0.2727272727272727,0.0,0.02564102564102564,4,0.8333333333333334,0,0.26771653543307083,0.2992125984251969,0.2992125984251969,0.0,0.0,47,0.45977011494252873,0.0,0,0,S1-1107790,S3-849896551,S3,0
0,0.46808510638297873,0.3829787234042554,0.3829787234042554,0.0,0.023809523809523808,3,0.88,0,0.3132530120481928,0.31325301204819284,0.3132530120481928,0.0,0.0,29,0.48214285714285715,0.0,0,0,S1-646974412,S3-754370530,S3,0
0,0.368421052631579,0.31578947368421056,0.3157894736842105,0.0,0.0,10,0.5833333333333334,0,0.4642857142857143,0.5,0.5,0.1,0.13043478260869565,2,0.9310344827586207,0.0,1,0,S1-769312055,S2-177155457,S2,0
0,0.5,0.5,0.4,0.14285714285714285,0.09803921568627451,6,0.8181818181818182,0,0.2588235294117647,0.2588235294117646,0.2588235294117647,0.0,0.0,25,0.5454545454545454,0.0,1,0,S1-723278757,S3-142416021,S3,0
0,0.24,0.24,0.24,0.0,0.0,12,0.6129032258064516,0,0.2295081967213115,0.2950819672131148,0.29508196721311475,0.0,0.0,17,0.5641025641025641,0.0,1,0,S1-763126736,S2-752468495,S2,0
0,0.3666666666666667,0.4666666666666666,0.43333333333333335,0.14285714285714285,0.05660377358490566,6,0.8181818181818182,0,0.3098591549295775,0.30985915492957744,0.3098591549295775,0.0,0.015151515151515152,13,0.6904761904761905,0.0,1,0,S1-699764166,S3-970929454,S3,0
0,0.3384615384615385,0.27692307692307694,0.27692307692307694,0.0,0.0,3,0.9117647058823529,0,0.23188405797101452,0.318840579710145,0.3188405797101449,0.0,0.0,3,0.9166666666666666,0.0,0,0,S1-593635901,S2-230588541,S2,0
0,0.5294117647058824,0.5454545454545454,0.4117647058823529,0.2,0.2,2,0.8888888888888888,0,0.25396825396825395,0.38095238095238093,0.38095238095238093,0.0,0.0,27,0.4,0.0,1,0,S1-147488777,S3-864202917,S3,0
0,0.4126984126984127,0.5079365079365079,0.5079365079365079,0.0,0.03508771929824561,13,0.6578947368421053,0,0.351145038167939,0.36641221374045796,0.36641221374045807,0.043478260869565216,0.008,17,0.7702702702702703,0.0,1,0,S1-830367438,S3-172640639,S3,0
0,0.2666666666666667,0.3111111111111111,0.3111111111111111,0.0,0.05128205128205128,3,0.875,0,0.2857142857142857,0.1785714285714286,0.1785714285714286,0.0,0.0,6,0.8064516129032258,0.0,1,0,S1-820325059,S2-880324491,S2,0
0,0.2857142857142857,0.17142857142857137,0.17142857142857137,0.0,0.03333333333333333,9,0.5909090909090909,0,0.3191489361702128,0.3191489361702128,0.3191489361702128,0.0,0.036585365853658534,40,0.40298507462686567,0.0,0,0,S1-749591983,S3-112050058,S3,0
0,0.3939393939393939,0.45454545454545453,0.4545454545454546,0.0,0.01639344262295082,8,0.7837837837837838,0,0.4776119402985075,0.5074626865671642,0.5074626865671642,0.0,0.034482758620689655,3,0.9142857142857143,0.0,1,0,S1-824031083,S2-373340861,S2,0
0,0.32432432432432434,0.3783783783783784,0.3783783783783784,0.0,0.0,11,0.5416666666666666,0,0.23880597014925375,0.272,0.25373134328358204,0.0,0.0,66,0.34,0.0,0,0,S1-413192795,S2-6739649,S2,0
0,0.26415094339622647,0.3018867924528301,0.30188679245283023,0.0,0.0,11,0.65625,0,0.23728813559322037,0.2711864406779661,0.27118644067796616,0.0,0.0,9,0.7352941176470589,0.0,0,0,S1-721190925,S3-823051565,S3,0
0,0.30508474576271183,0.30508474576271183,0.30508474576271183,0.0,0.0,31,0.3111111111111111,0,0.26315789473684215,0.31578947368421056,0.3157894736842105,0.0,0.0,14,0.6888888888888889,0.0,0,0,S1-110142352,S2-888947406,S2,0
0,0.5483870967741935,0.6818181818181819,0.4838709677419355,0.3333333333333333,0.2608695652173913,4,0.8787878787878788,0,0.36220472440944884,0.36220472440944884,0.36220472440944884,0.0,0.05217391304347826,9,0.8676470588235294,0.0,1,0,S1-591378740,S3-607908672,S3,0
0,0.7142857142857143,0.75,0.75,0.2857142857142857,0.3888888888888889,6,0.8064516129032258,0,0.2615384615384615,0.24390243902439024,0.23076923076923073,0.0,0.008547008547008548,70,0.3,0.0,1,0,S1-995533523,S2-840197013,S2,0
0,0.37209302325581395,0.2790697674418605,0.2790697674418605,0.0,0.0,13,0.5357142857142857,0,0.3137254901960784,0.33333333333333326,0.33333333333333337,0.0,0.021052631578947368,32,0.5223880597014925,0.0,0,0,S1-452356138,S2-279809316,S2,0
0,0.34615384615384615,0.4615384615384615,0.4615384615384615,0.0,0.0,14,0.5757575757575758,0,0.4057971014492754,0.463768115942029,0.46376811594202894,0.09090909090909091,0.06557377049180328,9,0.7692307692307693,0.0,1,0,S1-175491528,S3-978208682,S3,0
0,0.5818181818181818,0.5818181818181818,0.47272727272727283,0.2857142857142857,0.16666666666666666,7,0.7741935483870968,0,0.32258064516129037,0.3448275862068965,0.32258064516129037,0.0,0.0,13,0.7547169811320755,0.0,1,0,S1-51466866,S3-688903386,S3,0
0,0.2727272727272727,0.27272727272727265,0.2727272727272727,0.0,0.0,6,0.5714285714285714,0,0.33333333333333337,0.358974358974359,0.3589743589743589,0.0,0.0,4,0.9024390243902439,0.0,1,0,S1-795678476,S3-715264697,S3,0
0,0.2857142857142857,0.38095238095238093,0.38095238095238093,0.0,0.02702702702702703,6,0.75,0,0.2727272727272727,0.28205128205128205,0.25,0.0,0.0,36,0.41935483870967744,0.0,0,0,S1-782883495,S2-471805503,S2,0
0,0.3157894736842105,0.31578947368421056,0.3157894736842105,0.0,0.0,10,0.5833333333333334,0,0.0,0.0,0.0,0.0,0.0,35,0.0,0.0,0,0,S1-913931871,S3-542214464,S3,0
0,0.23529411764705888,0.35294117647058826,0.3529411764705882,0.0,0.0,16,0.36,0,0.3090909090909091,0.29629629629629634,0.2909090909090909,0.0,0.0,50,0.375,0.0,0,0,S1-470837640,S2-885273961,S2,0
0,0.29268292682926833,0.3414634146341463,0.3414634146341463,0.0,0.0,3,0.8636363636363636,0,0.36734693877551017,0.3661971830985915,0.3537414965986394,0.0,0.022058823529411766,29,0.6704545454545454,0.0,1,0,S1-926428404,S2-156165273,S2,0
0,0.28,0.24,0.24,0.0,0.0,4,0.8518518518518519,0,0.4,0.4,0.4,0.0,0.009708737864077669,1,0.9827586206896551,0.0,0,0,S1-176379853,S2-124678067,S2,0
0,0.42105263157894735,0.31578947368421056,0.3157894736842105,0.0,0.0,15,0.5833333333333334,0,0.3768115942028986,0.34782608695652173,0.34782608695652173,0.0,0.015873015873015872,1,0.9714285714285714,0.0,1,0,S1-107789799,S2-743720975,S2,0
0,0.6567164179104478,0.5970149253731344,0.5671641791044777,0.14285714285714285,0.21568627450980393,5,0.8611111111111112,0,0.3307086614173228,0.4,0.4251968503937008,0.0,0.0,19,0.7397260273972602,0.0,1,0,S1-305100067,S2-543594286,S2,0
0,0.19047619047619047,0.19047619047619052,0.19047619047619047,0.0,0.0,5,0.6153846153846154,0,0.3106796116504854,0.3495145631067962,0.34951456310679613,0.0,0.01098901098901099,39,0.4507042253521127,0.0,0,0,S1-328351394,S3-555676630,S3,0
0,0.25,0.29166666666666674,0.29166666666666663,0.0,0.0,12,0.6,0,0.276595744680851,0.2380952380952381,0.23404255319148937,0.0,0.0,14,0.7407407407407407,0.0,0,0,S1-272375061,S3-692541112,S3,0
0,0.23809523809523814,0.19047619047619052,0.19047619047619047,0.0,0.0,18,0.4,0,0.3939393939393939,0.4,0.3939393939393939,0.0,0.01818181818181818,12,0.6923076923076923,0.0,1,0,S1-874389573,S2-307280848,S2,0
0,0.045454545454545414,0.05,0.045454545454545414,0.0,0.0,8,0.6923076923076923,0,0.37623762376237624,0.3838383838383838,0.37623762376237624,0.0,0.0,29,0.5538461538461539,0.0,1,0,S1-793781406,S2-938415509,S2,0
0,0.25,0.25,0.25,0.0,0.0,20,0.3333333333333333,0,0.0,0.0,0.0,0.0,0.0,31,0.0,0.0,0,0,S1-529828771,S2-995488135,S2,0
0,0.3214285714285714,0.2857142857142857,0.2857142857142857,0.0,0.0,12,0.6470588235294118,0,0.24242424242424243,0.303030303030303,0.303030303030303,0.0,0.0,14,0.65,0.0,1,0,S1-632782333,S3-964001933,S3,0
0,0.22857142857142854,0.17142857142857137,0.17142857142857137,0.0,0.0,15,0.4,0,0.34210526315789463,0.31578947368421056,0.3157894736842105,0.0,0.029850746268656716,16,0.6521739130434783,0.0,1,0,S1-859604300,S3-183600361,S3,0
0,0.3703703703703704,0.33333333333333326,0.33333333333333337,0.0,0.0,12,0.6363636363636364,0,0.34615384615384615,0.37254901960784315,0.3653846153846154,0.0,0.0,28,0.5757575757575758,0.0,0,0,S1-363683018,S3-762194583,S3,0
0,0.17142857142857137,0.17142857142857137,0.17142857142857137,0.0,0.0,25,0.16666666666666666,0,0.2962962962962963,0.33333333333333326,0.32098765432098764,0.0,0.0,13,0.723404255319149,0.0,0,0,S1-742921448,S3-587011053,S3,0
0,0.27118644067796616,0.30508474576271183,0.30508474576271183,0.0,0.0,1,0.9666666666666667,0,0.2992125984251969,0.3076923076923077,0.2992125984251969,0.0,0.0,41,0.5119047619047619,0.0,0,0,S1-507858940,S3-736005592,S3,0
0,0.31034482758620685,0.375,0.3448275862068966,0.0,0.0,10,0.7058823529411765,0,0.32558139534883723,0.32558139534883723,0.32558139534883723,0.0,0.0,4,0.9111111111111111,0.0,0,0,S1-360297681,S3-256217990,S3,0
0,0.2978723404255319,0.2553191489361703,0.25531914893617025,0.0,0.0,15,0.5161290322580645,0,0.28,0.29545454545454547,0.28,0.0,0.012345679012345678,52,0.3157894736842105,0.0,0,0,S1-981778593,S3-671456767,S3,0
0,0.3076923076923077,0.3076923076923077,0.3076923076923077,0.0,0.0,10,0.6774193548387096,0,0.3776223776223776,0.36764705882352944,0.36363636363636365,0.0,0.023622047244094488,23,0.7228915662650602,0.0,1,0,S1-775480682,S2-297912304,S2,0
0,0.09090909090909094,0.1034482758620689,0.09090909090909094,0.0,0.0,0,1.0,0,0.4492753623188406,0.4461538461538461,0.4492753623188406,0.043478260869565216,0.0847457627118644,10,0.8648648648648649,0.0,1,0,S1-596737737,S3-313597839,S3,0
0,0.7213114754098361,0.7213114754098361,0.6557377049180328,0.3333333333333333,0.3902439024390244,3,0.90625,0,0.4,0.4252873563218391,0.4111111111111111,0.037037037037037035,0.03164556962025317,16,0.8367346938775511,0.0,1,0,S1-545268236,S2-140888254,S2,0
0,0.2692307692307693,0.3076923076923077,0.3076923076923077,0.0,0.02127659574468085,14,0.5757575757575758,0,0.2975206611570248,0.31404958677685957,0.31404958677685946,0.0,0.0,57,0.3595505617977528,0.0,0,0,S1-203314634,S3-410858064,S3,0
0,0.29166666666666663,0.25,0.25,0.0,0.0,4,0.8461538461538461,0,0.27184466019417475,0.28,0.27184466019417475,0.0,0.0,37,0.4714285714285714,0.0,0,0,S1-780704969,S3-128265524,S3,0
0,0.09999999999999998,0.1,0.09999999999999998,0.0,0.0,12,0.25,0,0.36923076923076925,0.36666666666666664,0.3384615384615385,0.0,0.0,9,0.7567567567567568,0.0,1,0,S1-142078358,S2-515192548,S2,0
0,0.368421052631579,0.31578947368421056,0.3157894736842105,0.0,0.0,2,0.9,0,0.3125,0.34375,0.34375,0.0,0.0,2,0.9393939393939394,0.0,1,0,S1-861262483,S3-247316264,S3,0
0,0.39344262295081966,0.42622950819672134,0.42622950819672134,0.0,0.017857142857142856,7,0.7941176470588235,0,0.3768115942028986,0.29032258064516125,0.28985507246376807,0.0,0.0,3,0.9166666666666666,0.0,0,0,S1-508583810,S2-1599689,S2,0
0,0.339622641509434,0.35294117647058826,0.339622641509434,0.0,0.020833333333333332,17,0.5142857142857142,0,0.30107526881720426,0.32258064516129037,0.32258064516129037,0.0,0.0,5,0.8979591836734694,0.0,0,0,S1-643573748,S2-263544248,S2,0
0,0.26315789473684215,0.2105263157894737,0.21052631578947367,0.0,0.0,18,0.35714285714285715,0,0.28037383177570097,0.2990654205607477,0.2990654205607477,0.0,0.0,29,0.5735294117647058,0.0,0,0,S1-127000567,S2-624963021,S2,0
0,0.39130434782608686,0.34782608695652173,0.34782608695652173,0.0,0.024390243902439025,4,0.84,0,0.2831858407079646,0.336283185840708,0.3362831858407079,0.0625,0.038461538461538464,49,0.3950617283950617,0.0,0,0,S1-804887349,S3-146399680,S3,0
0,0.3846153846153846,0.3076923076923077,0.3076923076923077,0.0,0.043478260869565216,2,0.9259259259259259,0,0.26086956521739135,0.30434782608695654,0.30434782608695654,0.0,0.011904761904761904,24,0.5862068965517241,0.0,0,0,S1-520552870,S2-727461184,S2,0
0,0.34285714285714286,0.2857142857142857,0.2857142857142857,0.0,0.03333333333333333,15,0.4,0,0.38636363636363635,0.36363636363636365,0.36363636363636365,0.0,0.037037037037037035,16,0.6923076923076923,0.0,0,0,S1-675056040,S2-623988365,S2,0
0,0.3928571428571429,0.3571428571428571,0.3571428571428571,0.0,0.0,0,1.0,0,0.3137254901960784,0.33333333333333326,0.33333333333333337,0.0,0.010309278350515464,26,0.59375,0.0,0,0,S1-657271132,S3-593392601,S3,0
0,0.4864864864864865,0.3428571428571429,0.32432432432432434,0.0,0.03333333333333333,1,0.9473684210526315,0,0.30000000000000004,0.32,0.32499999999999996,0.0,0.0,10,0.7777777777777778,0.0,1,0,S1-134600414,S2-985229075,S2,0
0,0.38888888888888884,0.38888888888888884,0.38888888888888884,0.0,0.0,6,0.7142857142857143,0,0.43478260869565216,0.4057971014492754,0.4057971014492754,0.09090909090909091,0.1016949152542373,5,0.8648648648648649,0.0,1,0,S1-831422043,S2-12331327,S2,0
0,0.3529411764705882,0.35294117647058826,0.3529411764705882,0.0,0.0,7,0.7586206896551724,0,0.0,0.0,0.0,0.0,0.0,34,0.0,0.0,1,0,S1-498094680,S3-115996594,S3,0
0,0.2790697674418605,0.37209302325581395,0.37209302325581395,0.0,0.0,17,0.43333333333333335,0,0.2666666666666667,0.33684210526315794,0.3047619047619048,0.0,0.0,53,0.3291139240506329,0.0,0,0,S1-343314089,S2-787032524,S2,0
0,0.2807017543859649,0.31578947368421056,0.3157894736842105,0.0,0.0,33,0.26666666666666666,0,0.3125,0.2926829268292683,0.27083333333333337,0.0,0.0,30,0.5238095238095238,0.0,1,0,S1-590016980,S3-895342066,S3,0
0,0.17021276595744683,0.1463414634146342,0.17021276595744683,0.0,0.0,9,0.6785714285714286,0,0.2666666666666667,0.3,0.30000000000000004,0.0,0.0,14,0.6216216216216216,0.0,0,0,S1-298073081,S2-145252926,S2,0
0,0.2790697674418605,0.3023255813953489,0.3023255813953488,0.0,0.0,26,0.5357142857142857,0,0.26190476190476186,0.2619047619047619,0.26190476190476186,0.0,0.019230769230769232,94,0.2824427480916031,0.0,0,0,S1-637752249,S3-819973495,S3,0
0,0.4,0.3,0.30000000000000004,0.0,0.0,10,0.6,0,0.28037383177570097,0.2990654205607477,0.2990654205607477,0.0,0.0,55,0.32098765432098764,0.0,0,0,S1-820854543,S2-185882650,S2,0
0,0.3555555555555555,0.4,0.4,0.0,0.0,15,0.5,0,0.3294117647058824,0.2588235294117646,0.2588235294117647,0.0,0.012658227848101266,33,0.4406779661016949,0.0,0,0,S1-322925832,S2-689481202,S2,0
0,0.45833333333333337,0.375,0.375,0.0,0.0,2,0.92,0,0.3492063492063492,0.41269841269841273,0.4126984126984127,0.0,0.03571428571428571,7,0.8,0.0,0,0,S1-189282375,S3-335718565,S3,0
0,0.4776119402985075,0.44776119402985076,0.44776119402985076,0.0,0.01639344262295082,3,0.9142857142857143,0,0.33333333333333337,0.38636363636363635,0.3529411764705882,0.0,0.0,22,0.6451612903225806,0.0,0,0,S1-53228284,S3-404336289,S3,0
0,0.26086956521739135,0.30434782608695654,0.30434782608695654,0.0,0.0,8,0.7037037037037037,0,0.32432432432432434,0.36111111111111116,0.3513513513513513,0.0,0.0,12,0.7209302325581395,0.0,0,0,S1-807717221,S2-266235551,S2,0
0,0.4878048780487805,0.3902439024390244,0.3902439024390244,0.0,0.027777777777777776,1,0.9523809523809523,0,0.32758620689655177,0.3653846153846154,0.3620689655172413,0.0,0.01,26,0.6338028169014085,0.0,1,0,S1-328175754,S3-74262962,S3,0
0,0.29268292682926833,0.3414634146341463,0.3414634146341463,0.0,0.0,3,0.8636363636363636,0,0.29850746268656714,0.3582089552238806,0.35820895522388063,0.0,0.0,11,0.717948717948718,0.0,1,0,S1-321975898,S2-835078559,S2,0
0,0.2666666666666667,0.3111111111111111,0.3111111111111111,0.0,0.0,11,0.6071428571428571,0,0.34666666666666673,0.37333333333333335,0.3733333333333333,0.0,0.0,19,0.5957446808510638,0.0,1,0,S1-620901395,S3-668706903,S3,0
0,0.509090909090909,0.509090909090909,0.509090909090909,0.0,0.0,13,0.6176470588235294,0,0.3157894736842105,0.34782608695652173,0.3157894736842105,0.058823529411764705,0.03529411764705882,37,0.4393939393939394,0.0,1,0,S1-220247421,S3-341905718,S3,0
0,0.25,0.25,0.25,0.0,0.0,8,0.6666666666666666,0,0.0,0.0,0.0,0.0,0.0,28,0.0,0.0,1,0,S1-677804257,S3-454084383,S3,0
0,0.6808510638297872,0.6382978723404256,0.6382978723404256,0.14285714285714285,0.22857142857142856,3,0.88,0,0.35761589403973515,0.4,0.3841059602649006,0.0,0.03731343283582089,25,0.7159090909090909,0.0,1,0,S1-296123453,S2-408489007,S2,0
0,0.07272727272727275,0.08510638297872347,0.07272727272727275,0.0,0.0,11,0.6666666666666666,0,0.2680412371134021,0.3820224719101124,0.35051546391752575,0.0,0.03571428571428571,31,0.515625,0.0,0,0,S1-854723877,S3-313597839,S3,0
0,0.18181818181818177,0.22727272727272735,0.2272727272727273,0.0,0.0,22,0.3333333333333333,0,0.275,0.325,0.32499999999999996,0.0,0.0,26,0.5094339622641509,0.0,1,0,S1-454066862,S3-66120392,S3,0
0,0.2857142857142857,0.2857142857142857,0.2857142857142857,0.0,0.0,13,0.4583333333333333,0,0.2727272727272727,0.3181818181818181,0.31818181818181823,0.0,0.0,30,0.4915254237288136,0.0,0,0,S1-574889868,S2-32685165,S2,0
0,0.31999999999999995,0.36,0.36,0.0,0.022222222222222223,16,0.5151515151515151,0,0.26315789473684215,0.29824561403508765,0.29824561403508776,0.0,0.009345794392523364,26,0.6285714285714286,0.0,0,0,S1-860074347,S3-39540596,S3,0
0,0.3448275862068966,0.31034482758620685,0.31034482758620685,0.0,0.018867924528301886,16,0.5675675675675675,0,0.37410071942446044,0.47482014388489213,0.47482014388489213,0.0,0.041666666666666664,15,0.8051948051948052,0.0,1,0,S1-766186691,S2-537941201,S2,0
0,0.33333333333333337,0.33333333333333326,0.33333333333333337,0.0,0.0,2,0.875,0,0.4285714285714286,0.37142857142857144,0.37142857142857144,0.0,0.03125,4,0.8918918918918919,0.0,1,0,S1-282642309,S3-596175380,S3,0
0,0.2068965517241379,0.20689655172413793,0.2068965517241379,0.0,0.0,11,0.45,0,0.27956989247311825,0.33734939759036137,0.32258064516129037,0.0,0.01282051282051282,37,0.4307692307692308,0.0,0,0,S1-150311459,S2-730141099,S2,0
0,0.26415094339622647,0.3018867924528301,0.30188679245283023,0.0,0.0,5,0.8275862068965517,0,0.3661971830985915,0.5352112676056339,0.4225352112676056,0.09090909090909091,0.14035087719298245,5,0.868421052631579,0.0,1,0,S1-927233856,S3-376422320,S3,0
0,0.35820895522388063,0.3283582089552239,0.32835820895522383,0.0,0.0,9,0.7631578947368421,0,0.0,0.0,0.0,0.0,0.0,46,0.0,0.0,0,0,S1-59636536,S2-591431911,S2,0
0,0.24390243902439024,0.2926829268292683,0.29268292682926833,0.0,0.0,23,0.28125,0,0.3278688524590164,0.3278688524590164,0.3278688524590164,0.0,0.0,9,0.7428571428571429,0.0,1,0,S1-408911649,S2-765302957,S2,0
0,0.16666666666666663,0.2222222222222223,0.2222222222222222,0.0,0.0,4,0.8,0,0.2666666666666667,0.32,0.31999999999999995,0.0,0.0,9,0.7857142857142857,0.0,1,0,S1-783495268,S3-980165899,S3,0
0,0.45614035087719296,0.4210526315789474,0.38596491228070173,0.14285714285714285,0.061224489795918366,3,0.9,0,0.23728813559322037,0.4067796610169491,0.4067796610169492,0.0,0.0,1,0.9666666666666667,0.0,1,0,S1-13558928,S2-872787733,S2,0
0,0.2857142857142857,0.3265306122448979,0.326530612244898,0.0,0.022727272727272728,1,0.96,0,0.3157894736842105,0.31578947368421056,0.3157894736842105,0.0,0.019230769230769232,15,0.5833333333333334,0.0,1,0,S1-942748746,S3-985626491,S3,0
0,0.3508771929824561,0.3508771929824562,0.3508771929824561,0.0,0.0,3,0.9,0,0.3370786516853933,0.32183908045977005,0.3146067415730337,0.0,0.0,25,0.5614035087719298,0.0,0,0,S1-123326305,S2-741315116,S2,0
0,0.29166666666666663,0.33333333333333326,0.33333333333333337,0.0,0.0,0,1.0,0,0.3287671232876712,0.32876712328767127,0.3287671232876712,0.0,0.030303030303030304,15,0.6590909090909091,0.0,1,0,S1-55603872,S3-421640680,S3,0
0,0.2535211267605634,0.2535211267605634,0.2535211267605634,0.0,0.0,27,0.4489795918367347,0,0.3548387096774194,0.3548387096774194,0.3548387096774194,0.0,0.0,2,0.9375,0.0,1,0,S1-143720475,S3-849882511,S3,0
0,0.2666666666666667,0.2666666666666667,0.2666666666666667,0.0,0.0,11,0.6071428571428571,0,0.3652173913043478,0.46956521739130436,0.4695652173913043,0.05555555555555555,0.04854368932038835,3,0.9491525423728814,0.0,1,0,S1-1252326,S2-535689553,S2,0
0,0.3414634146341463,0.2926829268292683,0.29268292682926833,0.0,0.0,5,0.782608695652174,0,0.3645320197044335,0.3448275862068965,0.35467980295566504,0.0,0.0189873417721519,25,0.7807017543859649,0.0,1,0,S1-771590180,S2-860817543,S2,0
0,0.3137254901960784,0.35294117647058826,0.3529411764705882,0.0,0.0,1,0.9615384615384616,0,0.42352941176470593,0.4235294117647059,0.42352941176470593,0.0,0.09722222222222222,19,0.6346153846153846,0.0,1,0,S1-271842017,S3-349859794,S3,0
0,0.4,0.4,0.4,0.0,0.022222222222222223,2,0.9230769230769231,0,0.28260869565217395,0.26086956521739124,0.26086956521739135,0.0,0.0,30,0.5081967213114754,0.0,0,0,S1-754074070,S2-830026308,S2,0
0,0.1071428571428571,0.125,0.1071428571428571,0.0,0.0,10,0.696969696969697,0,0.35064935064935066,0.3698630136986301,0.35064935064935066,0.041666666666666664,0.029411764705882353,26,0.7111111111111111,0.0,1,0,S1-510322808,S3-313597839,S3,0
0,0.3529411764705882,0.3921568627450981,0.3921568627450981,0.0,0.0,1,0.9615384615384616,0,0.41379310344827597,0.41379310344827586,0.3793103448275862,0.1,0.019230769230769232,6,0.8125,0.0,1,0,S1-795046792,S2-42767813,S2,0
0,0.33333333333333337,0.29166666666666674,0.29166666666666663,0.0,0.0,8,0.7142857142857143,0,0.38095238095238093,0.38095238095238093,0.38095238095238093,0.0,0.03571428571428571,5,0.8529411764705882,0.0,1,0,S1-665806203,S3-23603828,S3,0
0,0.26315789473684215,0.1578947368421052,0.1578947368421053,0.0,0.0,24,0.22580645161290322,0,0.3142857142857143,0.3142857142857143,0.3142857142857143,0.0,0.0,12,0.7073170731707317,0.0,0,0,S1-598185014,S2-688394162,S2,0
0,0.23529411764705888,0.17647058823529405,0.17647058823529416,0.0,0.034482758620689655,14,0.4166666666666667,0,0.32258064516129037,0.5161290322580645,0.5161290322580645,0.0,0.11538461538461539,6,0.8235294117647058,0.0,1,0,S1-146334316,S2-478068892,S2,0
0,0.26086956521739135,0.2380952380952381,0.26086956521739135,0.0,0.0,10,0.6428571428571429,0,0.2222222222222222,0.2479338842975207,0.23809523809523814,0.0,0.0,62,0.3404255319148936,0.0,0,0,S1-134059119,S2-168820703,S2,0
0,0.3214285714285714,0.29629629629629634,0.2857142857142857,0.0,0.0,0,1.0,0,0.27586206896551724,0.31683168316831684,0.27586206896551724,0.0,0.031914893617021274,50,0.39759036144578314,0.0,0,0,S1-948400786,S3-831061417,S3,0
0,0.2222222222222222,0.25641025641025633,0.2222222222222222,0.0,0.0,7,0.7307692307692307,0,0.2706766917293233,0.2941176470588235,0.2706766917293233,0.0,0.0,61,0.3711340206185567,0.0,0,0,S1-141991942,S3-720403788,S3,0
0,0.34285714285714286,0.22857142857142862,0.22857142857142854,0.0,0.0,17,0.34615384615384615,0,0.3448275862068966,0.31034482758620685,0.31034482758620685,0.0,0.018867924528301886,10,0.7058823529411765,0.0,1,0,S1-106325303,S3-641866373,S3,0
0,0.2790697674418605,0.2790697674418605,0.2790697674418605,0.0,0.0,15,0.4827586206896552,0,0.5277777777777778,0.4722222222222222,0.4722222222222222,0.07692307692307693,0.13559322033898305,4,0.8947368421052632,0.0,1,0,S1-554097680,S2-520893323,S2,0
0,0.32432432432432434,0.27027027027027034,0.2702702702702703,0.0,0.0,1,0.9473684210526315,0,0.29166666666666663,0.29166666666666674,0.29166666666666663,0.0,0.01098901098901099,40,0.4117647058823529,0.0,0,0,S1-514668115,S2-801325499,S2,0
0,0.3448275862068966,0.3448275862068965,0.3448275862068966,0.0,0.0,8,0.7575757575757576,0,0.21568627450980393,0.2758620689655173,0.2549019607843137,0.0,0.0,38,0.45714285714285713,0.0,0,0,S1-295676191,S3-851447131,S3,0
0,0.368421052631579,0.31578947368421056,0.3157894736842105,0.0,0.0,0,1.0,0,0.2417582417582418,0.24175824175824176,0.2417582417582418,0.0,0.024096385542168676,43,0.3582089552238806,0.0,0,0,S1-145455750,S2-907774239,S2,0
0,0.2941176470588235,0.411764705882353,0.4117647058823529,0.0,0.0,6,0.7,0,0.3529411764705882,0.3137254901960784,0.3137254901960784,0.0,0.0,3,0.8888888888888888,0.0,1,0,S1-321728120,S2-384128303,S2,0
0,0.20512820512820518,0.2666666666666667,0.2564102564102564,0.0,0.0,1,0.95,0,0.30508474576271183,0.4067796610169491,0.4067796610169492,0.0,0.018518518518518517,1,0.9666666666666667,0.0,1,0,S1-600784254,S2-809209547,S2,0
0,0.19354838709677424,0.19354838709677424,0.19354838709677424,0.0,0.0,7,0.631578947368421,0,0.36363636363636365,0.36363636363636365,0.36363636363636365,0.0,0.01639344262295082,10,0.7368421052631579,0.0,1,0,S1-658568481,S3-531721866,S3,0
0,0.2222222222222222,0.2666666666666667,0.2666666666666667,0.0,0.0,17,0.45161290322580644,0,0.2921348314606742,0.3370786516853933,0.3370786516853933,0.0,0.0,25,0.5614035087719298,0.0,0,0,S1-182887728,S2-775196888,S2,0
0,0.3529411764705882,0.27450980392156865,0.27450980392156865,0.0,0.021739130434782608,5,0.8214285714285714,0,0.27826086956521734,0.33043478260869563,0.33043478260869563,0.0,0.02857142857142857,47,0.41975308641975306,0.0,0,0,S1-772439007,S3-199712072,S3,0
0,0.41860465116279066,0.37209302325581395,0.37209302325581395,0.0,0.08333333333333333,5,0.7916666666666666,0,0.2909090909090909,0.2545454545454545,0.2545454545454545,0.0,0.0,15,0.5714285714285714,0.0,0,0,S1-783236638,S3-913368026,S3,0
0,0.3076923076923077,0.20512820512820512,0.20512820512820518,0.0,0.0,17,0.39285714285714285,0,0.25316455696202533,0.2784810126582279,0.2784810126582279,0.0,0.0,17,0.6458333333333334,0.0,0,0,S1-738720119,S3-593557045,S3,0
0,0.19999999999999996,0.1,0.09999999999999998,0.0,0.0,2,0.8181818181818182,0,0.3820224719101124,0.4269662921348315,0.4269662921348315,0.0,0.024691358024691357,27,0.5344827586206896,0.0,1,0,S1-703235090,S3-238811723,S3,0
0,0.3380281690140845,0.3661971830985915,0.3661971830985915,0.0,0.03225806451612903,15,0.6511627906976745,0,0.2978723404255319,0.3191489361702128,0.3191489361702128,0.0,0.0,36,0.4461538461538462,0.0,0,0,S1-579992313,S3-669784629,S3,0
0,0.32258064516129037,0.32258064516129037,0.32258064516129037,0.0,0.03571428571428571,4,0.8787878787878788,0,0.0,0.0,0.0,0.0,0.0,29,0.0,0.0,0,0,S1-762113052,S2-140279383,S2,0
0,0.26086956521739135,0.34782608695652173,0.34782608695652173,0.0,0.0,5,0.6428571428571429,0,0.4,0.4727272727272727,0.47272727272727283,0.1,0.04081632653061224,1,0.9642857142857143,0.0,1,0,S1-165695325,S2-249713646,S2,0
0,0.3870967741935484,0.3870967741935484,0.3870967741935484,0.0,0.0,2,0.9375,0,0.4,0.42666666666666664,0.4,0.08333333333333333,0.11290322580645161,3,0.9230769230769231,0.0,1,0,S1-226916933,S3-531193253,S3,0
0,0.3111111111111111,0.35555555555555557,0.3555555555555555,0.0,0.0,17,0.45161290322580644,0,0.3076923076923077,0.3076923076923077,0.3076923076923077,0.0,0.016666666666666666,13,0.6666666666666666,0.0,1,0,S1-520318563,S2-752468495,S2,0
0,0.16216216216216217,0.10810810810810807,0.1081081081081081,0.0,0.0,21,0.27586206896551724,0,0.36,0.35555555555555557,0.36,0.0,0.011904761904761904,30,0.5384615384615384,0.0,0,0,S1-872266274,S3-667930056,S3,0
0,0.44067796610169496,0.4067796610169491,0.4067796610169492,0.0,0.0,5,0.84375,0,0.3950617283950617,0.3703703703703704,0.3703703703703704,0.0,0.04054054054054054,1,0.975609756097561,0.0,1,0,S1-684835269,S3-293327988,S3,0
0,0.2222222222222222,0.3703703703703704,0.3703703703703704,0.0,0.0,5,0.6875,0,0.2647058823529411,0.2941176470588235,0.2941176470588235,0.0,0.0,0,1.0,0.0,0,0,S1-313809437,S3-582556707,S3,0
0,0.34042553191489366,0.3829787234042554,0.3829787234042554,0.0,0.023809523809523808,7,0.7407407407407407,0,0.3943661971830986,0.39436619718309857,0.3943661971830986,0.0,0.06349206349206349,1,0.9722222222222222,0.0,1,0,S1-547032135,S3-960252193,S3,0
0,0.2857142857142857,0.2857142857142857,0.2857142857142857,0.0,0.0,10,0.6153846153846154,0,0.2727272727272727,0.33333333333333326,0.33333333333333337,0.0,0.0,10,0.7368421052631579,0.0,1,0,S1-279492499,S3-947083062,S3,0
0,0.33333333333333337,0.25,0.25,0.0,0.0,8,0.7142857142857143,0,0.2564102564102564,0.3364485981308411,0.32478632478632474,0.0,0.01,59,0.32954545454545453,0.0,0,0,S1-561160930,S2-347845201,S2,0
0,0.3921568627450981,0.35294117647058826,0.3529411764705882,0.0,0.021739130434782608,3,0.8888888888888888,0,0.34210526315789463,0.368421052631579,0.368421052631579,0.0,0.02857142857142857,6,0.8536585365853658,0.0,1,0,S1-163863295,S3-924500650,S3,0
0,0.3137254901960784,0.3673469387755102,0.3921568627450981,0.0,0.0,9,0.7,0,0.29166666666666663,0.33333333333333326,0.33333333333333337,0.0,0.0,24,0.6,0.0,0,0,S1-397008490,S2-456186521,S2,0
0,0.38095238095238093,0.38095238095238093,0.38095238095238093,0.0,0.0,7,0.5,0,0.3513513513513513,0.3783783783783784,0.3783783783783784,0.0,0.0,6,0.85,0.0,1,0,S1-574722708,S2-399248097,S2,0
0,0.36734693877551017,0.29787234042553196,0.2857142857142857,0.0,0.0,1,0.96,0,0.3835616438356164,0.3835616438356164,0.3835616438356164,0.0,0.0,7,0.825,0.0,1,0,S1-725336665,S2-153895287,S2,0
0,0.2727272727272727,0.27272727272727265,0.2727272727272727,0.0,0.0,18,0.41935483870967744,0,0.25287356321839083,0.3380281690140845,0.29885057471264365,0.0,0.0,33,0.45,0.0,0,0,S1-219459132,S2-946075375,S2,0
0,0.21052631578947367,0.10526315789473685,0.10526315789473684,0.0,0.0,11,0.26666666666666666,0,0.2592592592592593,0.3703703703703704,0.3703703703703704,0.0,0.0,20,0.4594594594594595,0.0,1,0,S1-968867155,S2-515192548,S2,0
0,0.2807017543859649,0.31578947368421056,0.3157894736842105,0.0,0.0,9,0.7272727272727273,0,0.0,0.0,0.0,0.0,0.0,59,0.0,0.0,0,0,S1-66163895,S3-858719733,S3,0
0,0.5283018867924528,0.49056603773584906,0.49056603773584906,0.16666666666666666,0.13953488372093023,5,0.8275862068965517,0,0.33576642335766427,0.33599999999999997,0.33576642335766427,0.0,0.0,3,0.9571428571428572,0.0,1,0,S1-325446957,S3-655739030,S3,0
0,0.45714285714285713,0.6122448979591837,0.5714285714285714,0.2857142857142857,0.2692307692307692,2,0.9444444444444444,0,0.3742690058479532,0.40243902439024387,0.3391812865497076,0.04,0.05405405405405406,45,0.5833333333333334,0.0,1,0,S1-175262069,S2-638948445,S2,0
0,0.41379310344827597,0.40816326530612246,0.3793103448275862,0.0,0.06818181818181818,2,0.9333333333333333,0,0.2162162162162162,0.28828828828828834,0.28828828828828834,0.0,0.0,53,0.35365853658536583,0.0,0,0,S1-233060454,S3-12438564,S3,0
0,0.4444444444444444,0.35555555555555557,0.3555555555555555,0.0,0.0,11,0.6071428571428571,0,0.25,0.23529411764705885,0.25,0.0,0.0,22,0.6,0.0,0,0,S1-208159098,S3-574036467,S3,0
0,0.1777777777777778,0.2222222222222223,0.2222222222222222,0.0,0.0,19,0.40625,0,0.4615384615384615,0.5054945054945055,0.4615384615384615,0.06666666666666667,0.06329113924050633,3,0.9361702127659575,0.0,1,0,S1-784869327,S3-781057030,S3,0
0,0.2545454545454545,0.2545454545454545,0.2545454545454545,0.0,0.0,19,0.4864864864864865,0,0.3870967741935484,0.3870967741935484,0.3870967741935484,0.0,0.011764705882352941,19,0.6607142857142857,0.0,0,0,S1-317108994,S3-583885205,S3,0
0,0.2222222222222222,0.2222222222222223,0.2222222222222222,0.0,0.0,4,0.8,0,0.34285714285714286,0.3142857142857143,0.3142857142857143,0.0,0.015384615384615385,16,0.627906976744186,0.0,1,0,S1-386475308,S3-657492062,S3,0
0,0.3111111111111111,0.2105263157894737,0.2222222222222222,0.0,0.0,17,0.45161290322580644,0,0.25,0.375,0.375,0.0,0.01694915254237288,0,1.0,0.0,1,0,S1-845647908,S3-137705887,S3,0
0,0.375,0.29166666666666674,0.29166666666666663,0.0,0.04878048780487805,16,0.5,0,0.0,0.0,0.0,0.0,0.0,92,0.0,0.0,0,0,S1-925835681,S3-980554991,S3,0
0,0.28,0.36,0.36,0.0,0.022222222222222223,10,0.6666666666666666,0,0.2696629213483146,0.33333333333333326,0.3146067415730337,0.0,0.0,35,0.43548387096774194,0.0,0,0,S1-381416062,S2-952208643,S2,0
0,0.38095238095238093,0.38095238095238093,0.38095238095238093,0.0,0.0,15,0.6153846153846154,0,0.29729729729729726,0.32432432432432434,0.32432432432432434,0.0,0.0,18,0.6086956521739131,0.0,0,0,S1-566653393,S2-391274310,S2,0
0,0.17021276595744683,0.1702127659574468,0.17021276595744683,0.0,0.0,21,0.38235294117647056,0,0.3384615384615385,0.41269841269841273,0.4,0.0,0.03508771929824561,3,0.9117647058823529,0.0,1,0,S1-597747487,S2-901467759,S2,0
0,0.30188679245283023,0.339622641509434,0.339622641509434,0.0,0.02127659574468085,15,0.5588235294117647,0,0.31746031746031744,0.34920634920634924,0.3492063492063492,0.0,0.017857142857142856,7,0.8,0.0,1,0,S1-440207587,S2-150011791,S2,0
0,0.4482758620689655,0.31034482758620685,0.31034482758620685,0.0,0.019230769230769232,2,0.9333333333333333,0,0.3423423423423423,0.44230769230769235,0.4144144144144144,0.047619047619047616,0.02,29,0.5857142857142857,0.0,1,0,S1-427463497,S3-761623119,S3,0
0,0.33333333333333337,0.4074074074074074,0.4074074074074075,0.0,0.0,0,1.0,0,0.3287671232876712,0.3835616438356164,0.3835616438356164,0.1,0.06349206349206349,3,0.9210526315789473,0.0,1,0,S1-838007879,S2-518757634,S2,0
0,0.34615384615384615,0.3846153846153846,0.3846153846153846,0.0,0.0,14,0.5757575757575758,0,0.27586206896551724,0.2823529411764706,0.27586206896551724,0.0,0.0,25,0.5535714285714286,0.0,0,0,S1-124742056,S2-336524861,S2,0
0,0.27450980392156865,0.23529411764705885,0.23529411764705888,0.0,0.0,13,0.59375,0,0.2962962962962963,0.33333333333333326,0.33333333333333337,0.0,0.0,10,0.6875,0.0,1,0,S1-592616539,S3-410858064,S3,0
0,0.40909090909090906,0.3181818181818181,0.31818181818181823,0.0,0.0,8,0.6923076923076923,0,0.3937823834196891,0.3707865168539326,0.37305699481865284,0.0,0.038461538461538464,41,0.6495726495726496,0.0,1,0,S1-107927738,S2-14294327,S2,0
0,0.2857142857142857,0.2857142857142857,0.2857142857142857,0.0,0.0,6,0.75,0,0.2921348314606742,0.31460674157303375,0.3146067415730337,0.0,0.012195121951219513,33,0.45901639344262296,0.0,0,0,S1-700937660,S2-157407900,S2,0
0,0.25,0.33333333333333326,0.33333333333333337,0.0,0.0,4,0.8461538461538461,0,0.20202020202020202,0.20202020202020207,0.20202020202020202,0.0,0.0,57,0.2692307692307692,0.0,0,0,S1-447848165,S2-27546608,S2,0
0,0.3137254901960784,0.3921568627450981,0.3921568627450981,0.0,0.0,1,0.9615384615384616,0,0.31746031746031744,0.38095238095238093,0.38095238095238093,0.0,0.0,9,0.75,0.0,1,0,S1-526301538,S3-684449510,S3,0
0,0.3846153846153846,0.34615384615384615,0.3076923076923077,0.14285714285714285,0.043478260869565216,18,0.4857142857142857,0,0.30000000000000004,0.4,0.4,0.0,0.0,6,0.8181818181818182,0.0,1,0,S1-623330474,S3-663121548,S3,0
0,0.2222222222222222,0.2222222222222223,0.2222222222222222,0.0,0.0,6,0.7142857142857143,0,0.4157303370786517,0.42603550295857984,0.3707865168539326,0.06666666666666667,0.05128205128205128,38,0.6481481481481481,0.0,1,0,S1-9594562,S2-185457473,S2,0
0,0.25,0.375,0.375,0.0,0.0,6,0.7777777777777778,0,0.375,0.375,0.375,0.0,0.02912621359223301,22,0.6716417910447762,0.0,0,0,S1-481984354,S2-200316083,S2,0
0,0.4,0.32,0.31999999999999995,0.0,0.0,14,0.5625,0,0.3537414965986394,0.4132231404958678,0.40816326530612246,0.0,0.02654867256637168,13,0.8375,0.0,1,0,S1-191041151,S3-671176822,S3,0
0,0.18181818181818177,0.22727272727272735,0.2272727272727273,0.0,0.02564102564102564,20,0.375,0,0.25688073394495414,0.2568807339449542,0.25688073394495414,0.0,0.0,47,0.3974358974358974,0.0,0,0,S1-85454410,S3-684372644,S3,0
0,0.3571428571428571,0.2857142857142857,0.2857142857142857,0.0,0.0,8,0.75,0,0.31034482758620685,0.2758620689655173,0.27586206896551724,0.0,0.0,2,0.9333333333333333,0.0,1,0,S1-823459189,S2-322004751,S2,0
0,0.32352941176470584,0.36666666666666664,0.38235294117647056,0.0,0.017543859649122806,2,0.9428571428571428,0,0.25,0.2680412371134021,0.25,0.0,0.0,36,0.4857142857142857,0.0,0,0,S1-358907642,S3-87145303,S3,0
0,0.326530612244898,0.2448979591836735,0.24489795918367352,0.0,0.0,3,0.8846153846153846,0,0.3298969072164949,0.37362637362637363,0.3711340206185567,0.0,0.022988505747126436,13,0.7636363636363637,0.0,0,0,S1-949555568,S3-763684858,S3,0
0,0.21052631578947367,0.26315789473684204,0.26315789473684215,0.0,0.0,24,0.22580645161290322,0,0.3548387096774194,0.29032258064516125,0.29032258064516125,0.0,0.01818181818181818,16,0.5897435897435898,0.0,1,0,S1-691096761,S2-754040844,S2,0
0,0.36363636363636365,0.40909090909090906,0.40909090909090906,0.0,0.0,8,0.6923076923076923,0,0.0,0.0,0.0,0.0,0.0,26,0.0,0.0,1,0,S1-76781124,S2-107623984,S2,0
0,0.3846153846153846,0.34615384615384615,0.34615384615384615,0.0,0.0,16,0.5294117647058824,0,0.37142857142857144,0.37142857142857144,0.37142857142857144,0.1111111111111111,0.08771929824561403,10,0.75,0.0,1,0,S1-718677409,S3-964001933,S3,0
0,0.23255813953488372,0.32558139534883723,0.32558139534883723,0.0,0.0,7,0.72,0,0.5555555555555556,0.6388888888888888,0.6388888888888888,0.1,0.24528301886792453,8,0.8,0.0,1,0,S1-476405189,S3-257957769,S3,0
0,0.2941176470588235,0.2941176470588235,0.2941176470588235,0.0,0.0,6,0.7,0,0.3076923076923077,0.3076923076923077,0.3076923076923077,0.0,0.013888888888888888,4,0.9024390243902439,0.0,1,0,S1-978739324,S2-679093622,S2,0
0,0.4,0.3692307692307692,0.36923076923076925,0.0,0.03508771929824561,5,0.8571428571428571,0,0.22580645161290325,0.2419354838709677,0.24193548387096775,0.0,0.0,78,0.22772277227722773,0.0,0,0,S1-82778118,S2-970879344,S2,0
0,0.36363636363636365,0.22727272727272735,0.2272727272727273,0.0,0.05263157894736842,2,0.9130434782608695,0,0.41666666666666663,0.4444444444444444,0.4444444444444444,0.0,0.046153846153846156,10,0.7560975609756098,0.0,1,0,S1-300465535,S3-962080567,S3,0
0,0.3703703703703704,0.29629629629629634,0.2962962962962963,0.0,0.021739130434782608,18,0.5,0,0.3768115942028986,0.34782608695652173,0.34782608695652173,0.0,0.031746031746031744,1,0.9714285714285714,0.0,1,0,S1-922401618,S2-961993690,S2,0
0,0.24390243902439024,0.3414634146341463,0.3414634146341463,0.0,0.0,7,0.7083333333333334,0,0.3571428571428571,0.3703703703703704,0.375,0.0,0.009523809523809525,18,0.7230769230769231,0.0,0,0,S1-233685125,S2-502222299,S2,0
0,0.40816326530612246,0.40816326530612246,0.40816326530612246,0.0,0.0,9,0.6896551724137931,0,0.23655913978494625,0.27956989247311825,0.27956989247311825,0.0,0.0,55,0.25675675675675674,0.0,0,0,S1-884917651,S2-637119705,S2,0
0,0.12244897959183676,0.12765957446808515,0.12244897959183676,0.0,0.0,5,0.8148148148148148,0,0.42105263157894735,0.48,0.4736842105263158,0.038461538461538464,0.051094890510948905,30,0.6703296703296703,0.16666666666666666,1,0,S1-915309482,S2-822735891,S2,0
0,0.15384615384615385,0.15384615384615385,0.15384615384615385,0.0,0.0,18,0.18181818181818182,0,0.0,0.0,0.0,0.0,0.0,29,0.0,0.0,1,0,S1-964184331,S2-268264885,S2,0
0,0.3571428571428571,0.3214285714285714,0.3214285714285714,0.0,0.0,6,0.8064516129032258,0,0.5161290322580645,0.5161290322580645,0.5161290322580645,0.1,0.1875,2,0.9375,0.0,1,0,S1-37175410,S2-568104563,S2,0
0,0.3492063492063492,0.2857142857142857,0.2857142857142857,0.0,0.0,23,0.46511627906976744,0,0.3939393939393939,0.303030303030303,0.303030303030303,0.0,0.0,0,1.0,0.0,1,0,S1-643015070,S3-440664631,S3,0
0,0.2777777777777778,0.23529411764705885,0.2222222222222222,0.0,0.0,6,0.7142857142857143,0,0.3941605839416058,0.46808510638297873,0.36496350364963503,0.047619047619047616,0.11009174311926606,43,0.5222222222222223,0.0,1,0,S1-36874225,S2-153002609,S2,0
0,0.11111111111111116,0.1666666666666667,0.16666666666666663,0.0,0.0,14,0.44,0,0.28846153846153844,0.3516483516483517,0.32692307692307687,0.05,0.03409090909090909,32,0.5294117647058824,0.0,0,0,S1-959092182,S3-293956815,S3,0
0,0.3125,0.375,0.375,0.0,0.0,4,0.7777777777777778,0,0.34210526315789463,0.31578947368421056,0.3157894736842105,0.0,0.02857142857142857,18,0.6170212765957447,0.0,1,0,S1-263004658,S3-183561943,S3,0
0,0.38235294117647056,0.2941176470588235,0.2941176470588235,0.0,0.015873015873015872,18,0.5813953488372093,0,0.4307692307692308,0.4307692307692308,0.4307692307692308,0.0,0.0,1,0.9696969696969697,0.0,1,0,S1-731024428,S3-440664631,S3,0
0,0.04081632653061229,0.044444444444444425,0.04081632653061229,0.0,0.0,7,0.75,0,0.3508771929824561,0.3669724770642202,0.38596491228070173,0.0,0.041237113402061855,42,0.46153846153846156,0.0,0,0,S1-117358386,S2-372790963,S2,0
0,0.2702702702702703,0.27027027027027034,0.2702702702702703,0.0,0.0,1,0.9473684210526315,0,0.40963855421686746,0.43373493975903615,0.43373493975903604,0.0,0.013157894736842105,7,0.8444444444444444,0.0,0,0,S1-496153551,S3-509720288,S3,0
0,0.33898305084745756,0.33898305084745756,0.33898305084745756,0.0,0.0196078431372549,5,0.84375,0,0.35789473684210527,0.38636363636363635,0.3789473684210526,0.0,0.0,9,0.8269230769230769,0.0,1,0,S1-508052792,S2-345520504,S2,0
0,0.368421052631579,0.26315789473684204,0.26315789473684215,0.0,0.0,2,0.9,0,0.4117647058823529,0.38235294117647056,0.32352941176470584,0.09090909090909091,0.015873015873015872,2,0.9428571428571428,0.0,1,0,S1-264151471,S2-40087600,S2,0
0,0.4,0.36,0.36,0.0,0.023255813953488372,16,0.5151515151515151,0,0.25,0.2941176470588235,0.2678571428571429,0.0,0.0,56,0.3333333333333333,0.0,0,0,S1-888822084,S2-670660184,S2,0
0,0.339622641509434,0.2222222222222223,0.30188679245283023,0.0,0.0,11,0.65625,0,0.265625,0.3090909090909091,0.265625,0.0,0.0,62,0.3473684210526316,0.0,0,0,S1-975799884,S3-939955203,S3,0
0,0.21739130434782605,0.27027027027027034,0.26086956521739135,0.0,0.0,28,0.24324324324324326,0,0.2666666666666667,0.37333333333333335,0.3733333333333333,0.0,0.0,1,0.9736842105263158,0.0,1,0,S1-576125034,S3-967887914,S3,0
0,0.48888888888888893,0.4,0.4,0.0,0.0,11,0.6071428571428571,0,0.3513513513513513,0.3857142857142857,0.3783783783783784,0.0,0.025,34,0.6263736263736264,0.0,1,0,S1-39003653,S3-570565994,S3,0
0,0.3384615384615385,0.33846153846153837,0.3384615384615385,0.0,0.01694915254237288,1,0.9696969696969697,0,0.3492063492063492,0.2857142857142857,0.2857142857142857,0.0,0.0,5,0.8529411764705882,0.0,1,0,S1-853069426,S2-980264963,S2,0
0,0.25531914893617025,0.2553191489361703,0.25531914893617025,0.0,0.0,19,0.42424242424242425,0,0.36734693877551017,0.3953488372093023,0.36734693877551017,0.0,0.011904761904761904,30,0.53125,0.0,0,0,S1-809292946,S2-426580407,S2,0
0,0.20833333333333337,0.25,0.25,0.0,0.0,12,0.6,0,0.34883720930232553,0.34883720930232553,0.34883720930232553,0.0,0.0,18,0.6538461538461539,0.0,0,0,S1-564676883,S2-208942704,S2,0
0,0.06349206349206349,0.07017543859649124,0.06349206349206349,0.0,0.0,5,0.8529411764705882,0,0.2975206611570248,0.32432432432432434,0.31404958677685946,0.0,0.0,47,0.44047619047619047,0.0,0,0,S1-212541223,S2-12454821,S2,0
0,0.2857142857142857,0.2857142857142857,0.2857142857142857,0.0,0.0,18,0.4,0,0.3411764705882353,0.36470588235294116,0.3647058823529412,0.0,0.006172839506172839,54,0.5178571428571429,0.0,1,0,S1-428216981,S2-884787781,S2,0
0,0.11764705882352944,0.13333333333333328,0.11764705882352944,0.0,0.0,8,0.6190476190476191,0,0.22535211267605637,0.2535211267605634,0.2535211267605634,0.0,0.0,1,0.9722222222222222,0.0,0,0,S1-983812755,S2-262316646,S2,0
0,0.125,0.13043478260869562,0.125,0.0,0.0,8,0.7142857142857143,0,0.2647058823529411,0.2941176470588235,0.2941176470588235,0.0,0.0,10,0.7435897435897436,0.0,0,0,S1-956260285,S2-486649886,S2,0
0,0.3793103448275862,0.3793103448275862,0.3793103448275862,0.0,0.0,6,0.8125,0,0.34210526315789463,0.2894736842105263,0.2894736842105263,0.0,0.014285714285714285,8,0.8095238095238095,0.0,1,0,S1-844800784,S3-641866373,S3,0
0,0.2264150943396226,0.2264150943396227,0.2264150943396226,0.0,0.0,9,0.7096774193548387,0,0.3076923076923077,0.3076923076923077,0.3076923076923077,0.0,0.0,23,0.4772727272727273,0.0,1,0,S1-62371446,S2-239129993,S2,0
0,0.3111111111111111,0.2666666666666667,0.2666666666666667,0.0,0.0,15,0.5,0,0.3939393939393939,0.48484848484848486,0.48484848484848486,0.0,0.05084745762711865,8,0.7837837837837838,0.0,1,0,S1-757026094,S2-935921030,S2,0
0,0.32727272727272727,0.29090909090909095,0.2909090909090909,0.0,0.0,13,0.6176470588235294,0,0.31999999999999995,0.34666666666666673,0.34666666666666673,0.0,0.0,5,0.875,0.0,0,0,S1-953992049,S2-186410109,S2,0
0,0.4285714285714286,0.4761904761904762,0.4761904761904761,0.16666666666666666,0.05555555555555555,4,0.8260869565217391,0,0.3661971830985915,0.3661971830985915,0.3661971830985915,0.0,0.0,3,0.918918918918919,0.0,1,0,S1-112338461,S2-812059581,S2,0
0,0.36111111111111116,0.33333333333333326,0.33333333333333337,0.0,0.015625,0,1.0,0,0.3580246913580247,0.375,0.3703703703703704,0.0,0.047619047619047616,28,0.7052631578947368,0.0,1,0,S1-319131940,S2-678892641,S2,0
0,0.3076923076923077,0.5128205128205129,0.5128205128205128,0.0,0.06060606060606061,5,0.7727272727272727,0,0.30379746835443033,0.41558441558441556,0.40506329113924056,0.0,0.027777777777777776,1,0.975,0.0,0,0,S1-197487732,S3-620504429,S3,0
0,0.24,0.16,0.16000000000000003,0.0,0.0,7,0.5625,0,0.24242424242424243,0.28787878787878785,0.28787878787878785,0.0,0.0,68,0.32,0.0,0,0,S1-691128897,S3-637653811,S3,0
0,0.36,0.28,0.28,0.0,0.0,4,0.8518518518518519,0,0.23376623376623373,0.2857142857142857,0.2597402597402597,0.0,0.015384615384615385,13,0.7111111111111111,0.0,0,0,S1-275748799,S3-645235013,S3,0
0,0.37209302325581395,0.37209302325581395,0.37209302325581395,0.0,0.0,7,0.72,0,0.33333333333333337,0.379746835443038,0.40476190476190477,0.0,0.027777777777777776,6,0.8666666666666667,0.0,0,0,S1-500417850,S2-17656900,S2,0
0,0.3157894736842105,0.31578947368421056,0.3157894736842105,0.0,0.0,6,0.7272727272727273,0,0.3939393939393939,0.3939393939393939,0.3939393939393939,0.0,0.016666666666666666,2,0.9411764705882353,0.0,1,0,S1-338145326,S2-601480240,S2,0
0,0.3125,0.375,0.375,0.0,0.0,8,0.6,0,0.26086956521739135,0.27272727272727265,0.26086956521739135,0.0,0.0,4,0.84,0.0,0,0,S1-346564358,S3-84104052,S3,0
0,0.09523809523809523,0.10526315789473685,0.09523809523809523,0.0,0.0,14,0.5,0,0.3880597014925373,0.3880597014925373,0.3880597014925373,0.0,0.05084745762711865,7,0.8108108108108109,0.0,0,0,S1-332742843,S2-440760587,S2,0
0,0.2978723404255319,0.2553191489361703,0.25531914893617025,0.0,0.0,19,0.42424242424242425,0,0.28828828828828834,0.27027027027027034,0.2702702702702703,0.0,0.0,41,0.4605263157894737,0.0,0,0,S1-215654427,S3-271798301,S3,0
0,0.6229508196721312,0.4918032786885246,0.42622950819672134,0.14285714285714285,0.2,7,0.7941176470588235,0,0.34328358208955223,0.4516129032258065,0.44776119402985076,0.11764705882352941,0.06363636363636363,0,1.0,0.0,1,0,S1-582261030,S3-902661330,S3,0
0,0.3214285714285714,0.3214285714285714,0.3214285714285714,0.0,0.02,6,0.8064516129032258,0,0.3544303797468354,0.3544303797468355,0.3544303797468354,0.0,0.0,15,0.6808510638297872,0.0,0,0,S1-142194663,S2-294090955,S2,0
0,0.21818181818181814,0.3272727272727273,0.32727272727272727,0.0,0.0,1,0.9642857142857143,0,0.3703703703703704,0.3703703703703704,0.3703703703703704,0.0,0.0,11,0.7608695652173914,0.0,1,0,S1-87042786,S3-924500650,S3,0
0,0.27450980392156865,0.27450980392156865,0.27450980392156865,0.0,0.0,17,0.5,0,0.26277372262773724,0.29230769230769227,0.2773722627737226,0.0,0.024793388429752067,73,0.3047619047619048,0.0,0,0,S1-521323616,S2-34912448,S2,0
0,0.4,0.35555555555555557,0.3555555555555555,0.0,0.0,1,0.9565217391304348,0,0.33333333333333337,0.4086021505376344,0.39583333333333337,0.0,0.0,8,0.8461538461538461,0.0,0,0,S1-165308976,S3-567604418,S3,0
0,0.3384615384615385,0.31746031746031744,0.3076923076923077,0.0,0.0,25,0.4444444444444444,0,0.41379310344827597,0.41379310344827586,0.41379310344827597,0.0,0.0196078431372549,0,1.0,0.0,1,0,S1-554313461,S3-544171579,S3,0
0,0.23255813953488372,0.18604651162790703,0.18604651162790697,0.0,0.0,25,0.2647058823529412,0,0.29357798165137616,0.34862385321100914,0.34862385321100914,0.0,0.0,25,0.6268656716417911,0.0,0,0,S1-651971295,S3-902661330,S3,0
0,0.29268292682926833,0.24390243902439024,0.24390243902439024,0.0,0.0,7,0.7083333333333334,0,0.41666666666666663,0.4444444444444444,0.41666666666666663,0.09090909090909091,0.0625,4,0.8947368421052632,0.0,1,0,S1-31784299,S3-583741602,S3,0
0,0.37209302325581395,0.32558139534883723,0.32558139534883723,0.0,0.027777777777777776,11,0.5925925925925926,0,0.2702702702702703,0.3232323232323232,0.28828828828828834,0.0,0.03225806451612903,63,0.27586206896551724,0.0,0,0,S1-599804484,S2-887729520,S2,0
0,0.32727272727272727,0.36363636363636365,0.36363636363636365,0.0,0.041666666666666664,21,0.4473684210526316,0,0.4444444444444444,0.5671641791044776,0.6190476190476191,0.2,0.18888888888888888,14,0.8,0.0,1,0,S1-627329568,S2-217535632,S2,0
0,0.3111111111111111,0.2666666666666667,0.2666666666666667,0.0,0.0,11,0.6071428571428571,0,0.33898305084745756,0.44067796610169496,0.44067796610169496,0.1111111111111111,0.0784313725490196,5,0.84375,0.0,0,0,S1-125052757,S2-110595569,S2,0
0,0.18181818181818177,0.18181818181818188,0.18181818181818177,0.0,0.0,25,0.13793103448275862,0,0.27956989247311825,0.3614457831325301,0.32258064516129037,0.0,0.0,33,0.47619047619047616,0.0,0,0,S1-458076270,S3-236534373,S3,0
0,0.04878048780487809,0.05714285714285708,0.04878048780487809,0.0,0.0,13,0.5185185185185185,0,0.31707317073170727,0.24657534246575338,0.2682926829268293,0.0,0.0,30,0.4642857142857143,0.0,0,0,S1-973183795,S2-789125048,S2,0
0,0.31034482758620685,0.31034482758620685,0.31034482758620685,0.0,0.0,16,0.5675675675675675,0,0.30107526881720426,0.3440860215053763,0.34408602150537637,0.05,0.011627906976744186,37,0.4307692307692308,0.0,0,0,S1-855634385,S2-129293371,S2,0
0,0.4489795918367348,0.3265306122448979,0.326530612244898,0.0,0.0,7,0.75,0,0.24,0.3023255813953489,0.28,0.0,0.0,38,0.4492753623188406,0.0,0,0,S1-558604825,S2-794660602,S2,0
0,0.24,0.24,0.24,0.0,0.0,0,1.0,0,0.35,0.475,0.475,0.08333333333333333,0.04225352112676056,12,0.7391304347826086,0.0,1,0,S1-462296416,S3-947839618,S3,0
0,0.2777777777777778,0.33333333333333326,0.33333333333333337,0.0,0.0,0,1.0,0,0.30000000000000004,0.36666666666666664,0.3666666666666667,0.0,0.0,10,0.7142857142857143,0.0,1,0,S1-358503817,S3-114982922,S3,0
0,0.125,0.1875,0.1875,0.0,0.0,14,0.391304347826087,0,0.3013698630136986,0.32876712328767127,0.3287671232876712,0.0,0.0,3,0.9210526315789473,0.0,1,0,S1-613637343,S2-886548576,S2,0
0,0.30434782608695654,0.30434782608695654,0.30434782608695654,0.0,0.0,10,0.6428571428571429,0,0.3508771929824561,0.31578947368421056,0.3157894736842105,0.0,0.0,3,0.9,0.0,1,0,S1-547545382,S3-832722721,S3,0
0,0.34615384615384615,0.34615384615384615,0.34615384615384615,0.0,0.02127659574468085,0,1.0,0,0.4590163934426229,0.4590163934426229,0.4590163934426229,0.09090909090909091,0.07547169811320754,1,0.967741935483871,0.0,1,0,S1-578039215,S2-793669699,S2,0
0,0.3076923076923077,0.358974358974359,0.3589743589743589,0.0,0.06060606060606061,1,0.95,0,0.19565217391304343,0.2,0.21739130434782605,0.0,0.0,50,0.29577464788732394,0.0,1,0,S1-213924978,S3-84104052,S3,0
0,0.31034482758620685,0.3448275862068965,0.3448275862068966,0.0,0.0,12,0.6571428571428571,0,0.2816901408450704,0.2816901408450704,0.2816901408450704,0.0,0.0,15,0.6511627906976745,0.0,1,0,S1-674414794,S3-989157151,S3,0
0,0.33333333333333337,0.391304347826087,0.33333333333333337,0.0,0.047619047619047616,16,0.5428571428571428,0,0.32298136645962733,0.3417721518987342,0.32298136645962733,0.04,0.02054794520547945,75,0.3644067796610169,0.0,1,0,S1-54400351,S2-177759317,S2,0
0,0.36363636363636365,0.27272727272727265,0.2727272727272727,0.0,0.0,10,0.6296296296296297,0,0.29729729729729726,0.3513513513513513,0.3513513513513513,0.0,0.014925373134328358,14,0.6818181818181818,0.0,0,0,S1-26780140,S2-31287632,S2,0
0,0.3829787234042554,0.5106382978723404,0.3829787234042554,0.14285714285714285,0.075,1,0.9583333333333334,0,0.43478260869565216,0.4057971014492754,0.4057971014492754,0.0,0.015625,9,0.7692307692307693,0.0,1,0,S1-627698641,S2-322004751,S2,0
0,0.40506329113924056,0.379746835443038,0.379746835443038,0.0,0.0273972602739726,13,0.717391304347826,0,0.2321428571428571,0.2678571428571429,0.2678571428571429,0.0,0.0,54,0.3493975903614458,0.0,0,0,S1-441808898,S3-486384831,S3,0
0,0.2857142857142857,0.2857142857142857,0.2857142857142857,0.0,0.0,14,0.5,0,0.0,0.0,0.0,0.0,0.0,66,0.0,0.0,0,0,S1-207007443,S3-488348756,S3,0
0,0.326530612244898,0.2448979591836735,0.24489795918367352,0.0,0.0,1,0.96,0,0.39344262295081966,0.39344262295081966,0.39344262295081966,0.0,0.0,1,0.967741935483871,0.0,1,0,S1-46197517,S2-261476511,S2,0
0,0.30434782608695654,0.34782608695652173,0.34782608695652173,0.0,0.0,8,0.7037037037037037,0,0.34408602150537637,0.3870967741935484,0.3870967741935484,0.0,0.03571428571428571,15,0.7222222222222222,0.0,0,0,S1-224185084,S2-667518345,S2,0
0,0.368421052631579,0.31578947368421056,0.3157894736842105,0.0,0.030303030303030304,6,0.7272727272727273,0,0.3294117647058824,0.3294117647058823,0.3294117647058824,0.0,0.012987012987012988,37,0.39344262295081966,0.0,0,0,S1-831389333,S2-296201521,S2,0
0,0.3137254901960784,0.2926829268292683,0.27450980392156865,0.0,0.0,17,0.5,0,0.3783783783783784,0.3783783783783784,0.3783783783783784,0.0,0.0,8,0.8048780487804879,0.0,1,0,S1-369020243,S3-256217990,S3,0
0,0.2857142857142857,0.4,0.4,0.0,0.03333333333333333,1,0.9444444444444444,0,0.26,0.27659574468085113,0.26,0.0,0.02247191011235955,42,0.4084507042253521,0.0,0,0,S1-761766384,S3-656009536,S3,0
0,0.3508771929824561,0.4210526315789474,0.42105263157894735,0.0,0.06,3,0.9,0,0.36065573770491793,0.36065573770491804,0.36065573770491793,0.0,0.0,1,0.967741935483871,0.0,0,0,S1-902282199,S3-855990456,S3,0
0,0.25,0.3,0.30000000000000004,0.0,0.0,6,0.7391304347826086,0,0.3768115942028986,0.34782608695652173,0.34782608695652173,0.0,0.015873015873015872,9,0.7692307692307693,0.0,0,0,S1-201387530,S2-116746566,S2,0
0,0.32258064516129037,0.5161290322580645,0.3870967741935484,0.25,0.038461538461538464,5,0.7222222222222222,0,0.3529411764705882,0.35294117647058826,0.3529411764705882,0.0,0.0,10,0.7435897435897436,0.0,1,0,S1-526449092,S3-303523856,S3,0
0,0.3157894736842105,0.31578947368421056,0.3157894736842105,0.0,0.0,8,0.6521739130434783,0,0.0,0.0,0.0,0.0,0.0,81,0.0,0.0,0,0,S1-60484310,S2-560994418,S2,0
0,0.24561403508771928,0.28070175438596495,0.2807017543859649,0.0,0.0,27,0.35714285714285715,0,0.3603603603603604,0.3963963963963964,0.39639639639639634,0.058823529411764705,0.07368421052631578,37,0.5,0.0,0,0,S1-582001794,S2-198937586,S2,0
0,0.09999999999999998,0.11111111111111115,0.09999999999999998,0.0,0.0,14,0.6216216216216216,0,0.3063063063063063,0.3440860215053763,0.3063063063063063,0.0,0.022727272727272728,47,0.4050632911392405,0.0,0,0,S1-630630198,S2-559873713,S2,0
0,0.4307692307692308,0.4666666666666666,0.36923076923076925,0.125,0.1,9,0.7567567567567568,0,0.0,0.0,0.0,0.0,0.0,59,0.0,0.0,1,0,S1-650906302,S3-449051352,S3,0
0,0.5217391304347826,0.6363636363636364,0.39130434782608686,0.16666666666666666,0.16666666666666666,16,0.4838709677419355,0,0.38636363636363635,0.4216867469879518,0.4204545454545454,0.06451612903225806,0.08552631578947369,56,0.5172413793103449,0.0,1,0,S1-337086048,S3-929043414,S3,0
0,0.30000000000000004,0.3,0.30000000000000004,0.0,0.0,16,0.42857142857142855,0,0.34408602150537637,0.32258064516129037,0.32258064516129037,0.0,0.023255813953488372,17,0.6909090909090909,0.0,0,0,S1-776538666,S3-175436006,S3,0
0,0.4242424242424242,0.2758620689655173,0.303030303030303,0.0,0.0,3,0.8333333333333334,0,0.33333333333333337,0.33333333333333326,0.33333333333333337,0.0,0.0,6,0.8,0.0,1,0,S1-216001003,S2-466391779,S2,0
0,0.2564102564102564,0.25641025641025633,0.2564102564102564,0.0,0.0,17,0.39285714285714285,0,0.3666666666666667,0.33333333333333326,0.33333333333333337,0.0,0.018518518518518517,2,0.9354838709677419,0.0,1,0,S1-61985109,S2-915948468,S2,0
0,0.29508196721311475,0.26229508196721313,0.2622950819672131,0.0,0.0196078431372549,25,0.4186046511627907,0,0.2857142857142857,0.2758620689655173,0.26890756302521013,0.0,0.018518518518518517,59,0.33707865168539325,0.0,0,0,S1-679641217,S2-818500186,S2,0
0,0.34782608695652173,0.30434782608695654,0.30434782608695654,0.0,0.0,6,0.7692307692307693,0,0.2857142857142857,0.3361344537815125,0.33613445378151263,0.0,0.00909090909090909,55,0.367816091954023,0.0,0,0,S1-984849432,S2-503686945,S2,0
0,0.326530612244898,0.3265306122448979,0.326530612244898,0.0,0.0,13,0.5806451612903226,0,0.32258064516129037,0.34426229508196726,0.33870967741935487,0.0,0.008695652173913044,26,0.6533333333333333,0.25,1,0,S1-40416029,S2-424806036,S2,0
0,0.71875,0.6521739130434783,0.59375,0.3333333333333333,0.3111111111111111,2,0.9393939393939394,0,0.3776223776223776,0.43356643356643354,0.43356643356643354,0.0,0.015267175572519083,7,0.9066666666666666,0.0,1,0,S1-619076059,S2-112899334,S2,0
0,0.38095238095238093,0.38095238095238093,0.38095238095238093,0.0,0.0,5,0.6153846153846154,0,0.36585365853658536,0.31707317073170727,0.31707317073170727,0.0,0.012987012987012988,20,0.6078431372549019,0.0,1,0,S1-717307886,S3-740607504,S3,0
0,0.25,0.25,0.25,0.0,0.0,10,0.5238095238095238,0,0.0,0.0,0.0,0.0,0.0,39,0.0,0.0,0,0,S1-791354241,S3-49166380,S3,0
0,0.25,0.303030303030303,0.25,0.0,0.0,8,0.6666666666666666,0,0.410958904109589,0.3561643835616438,0.3561643835616438,0.0,0.014705882352941176,17,0.6222222222222222,0.0,1,0,S1-134664068,S3-502481669,S3,0
0,0.3137254901960784,0.2857142857142857,0.3137254901960784,0.0,0.0,5,0.8214285714285714,0,0.23333333333333328,0.3,0.30000000000000004,0.0,0.01818181818181818,2,0.9354838709677419,0.0,1,0,S1-778079990,S3-12438564,S3,0
0,0.24615384615384617,0.3076923076923077,0.3076923076923077,0.0,0.016666666666666666,25,0.4444444444444444,0,0.275,0.33333333333333326,0.32499999999999996,0.0,0.0,26,0.5094339622641509,0.0,0,0,S1-51889075,S3-506713172,S3,0
0,0.2727272727272727,0.3181818181818181,0.31818181818181823,0.0,0.0,18,0.41935483870967744,0,0.4098360655737705,0.4098360655737705,0.4098360655737705,0.05263157894736842,0.017391304347826087,26,0.6486486486486487,0.3333333333333333,1,0,S1-47937941,S2-188967485,S2,0
0,0.36734693877551017,0.2448979591836735,0.24489795918367352,0.0,0.0,19,0.4411764705882353,0,0.27586206896551724,0.32183908045977005,0.3218390804597702,0.0,0.012195121951219513,29,0.5,0.0,0,0,S1-780266491,S2-738154441,S2,0
0,0.368421052631579,0.368421052631579,0.368421052631579,0.0,0.0,0,1.0,0,0.33333333333333337,0.33333333333333326,0.33333333333333337,0.0,0.0,2,0.9285714285714286,0.0,1,0,S1-669174339,S2-27900816,S2,0
0,0.3529411764705882,0.35294117647058826,0.3529411764705882,0.0,0.0,13,0.59375,0,0.36257309941520466,0.4049079754601227,0.38596491228070173,0.04,0.052980132450331126,9,0.9,0.0,1,0,S1-217105121,S2-492616553,S2,0
0,0.26415094339622647,0.2641509433962264,0.26415094339622647,0.0,0.0,21,0.43243243243243246,0,0.339622641509434,0.339622641509434,0.339622641509434,0.0,0.0,26,0.6060606060606061,0.0,0,0,S1-718494696,S3-695861971,S3,0
0,0.303030303030303,0.303030303030303,0.303030303030303,0.0,0.0,7,0.65,0,0.2592592592592593,0.3404255319148936,0.31481481481481477,0.0,0.011111111111111112,50,0.3670886075949367,0.0,0,0,S1-302750654,S2-538885631,S2,0
0,0.42307692307692313,0.34615384615384615,0.34615384615384615,0.0,0.0,6,0.7931034482758621,0,0.34285714285714286,0.41269841269841273,0.37142857142857144,0.0,0.0,20,0.5555555555555556,0.0,0,0,S1-272511138,S3-645235013,S3,0
0,0.2222222222222222,0.2222222222222223,0.2222222222222222,0.0,0.0,3,0.8,0,0.4482758620689655,0.48275862068965514,0.4482758620689655,0.08333333333333333,0.13043478260869565,10,0.7058823529411765,0.0,1,0,S1-316128411,S3-153212225,S3,0
0,0.26315789473684215,0.26315789473684204,0.26315789473684215,0.0,0.0,4,0.8095238095238095,0,0.31999999999999995,0.34666666666666673,0.34666666666666673,0.0,0.0,7,0.8292682926829268,0.0,1,0,S1-298175917,S3-382541297,S3,0
0,0.34615384615384615,0.3846153846153846,0.3846153846153846,0.0,0.0,14,0.5757575757575758,0,0.19580419580419584,0.2580645161290323,0.23776223776223782,0.0,0.008695652173913044,89,0.23275862068965517,0.0,0,0,S1-649735957,S3-410298473,S3,0
0,0.6268656716417911,0.6976744186046511,0.5373134328358209,0.3333333333333333,0.2857142857142857,11,0.717948717948718,0,0.4023668639053254,0.3973509933774835,0.4023668639053254,0.0,0.020689655172413793,9,0.898876404494382,0.0,1,0,S1-56468628,S3-904936506,S3,0
0,0.49122807017543857,0.5614035087719298,0.45614035087719296,0.14285714285714285,0.15217391304347827,1,0.9655172413793104,0,0.34013605442176875,0.92,0.34013605442176875,0.15,0.20952380952380953,93,0.225,0.0,1,0,S1-249747878,S2-110595569,S2,0
0,0.3076923076923077,0.2307692307692308,0.23076923076923073,0.0,0.0,0,1.0,0,0.30952380952380953,0.33333333333333326,0.33333333333333337,0.0,0.0,32,0.4482758620689655,0.0,0,0,S1-570325058,S2-659077882,S2,0
